id,title,status,message,rescue_class,wolfram_candidate,canonical_equation
ID11122,Phone2 Parker-GW Resonance Condition — Nabla 2 H Mu Nu Cdot Psi Text Solar Lambda N Psi Text,wolfram_gold_anchor_equation_parse_verified,primary candidate parsed under HoldComplete,equation_candidate,abla^2 h_{mu u} * Psi_{solar} == lambdan Psi_{solar},\nabla^2 h_{\mu\nu} \cdot \Psi_{\text{solar}} = \lambda_n \Psi_{\text{solar}}
ID11123,Phone2 Parker-GW Resonance Condition — Lambda N - Left Frac N Pi L Right 2 + I Frac Omega Tex,wolfram_gold_anchor_equation_parse_verified,primary candidate parsed under HoldComplete,equation_candidate,lambdan == -((nPi)/(L))^2 + ifrac{Omega_{sun}}{v_{sw}},\lambda_n = -\left(\frac{n\pi}{L}\right)^2 + i\frac{\Omega_{\text{sun}}}{v_{sw}}
ID11124,Phone2 Modulation Signatures — Delta A Text Gw Epsilon Left Int Psi Text Solar Cdot H,wolfram_gold_anchor_symbolic_carrier_verified,fallback carrier parsed under HoldComplete,equation_candidate,"Phone2EquationCarrier[""ID11124"", <|""canonical"" -> ""\\delta A_{\\text{GW}} = \\epsilon \\left|\\int \\Psi_{\\text{solar}} \\cdot h_{\\mu\\nu} \\, d^3x\\right| \\sim 10^{-24} \\text{ strain}"", ""rescueClass"" -> ""equation_candidate""|>]","\delta A_{\text{GW}} = \epsilon \left|\int \Psi_{\text{solar}} \cdot h_{\mu\nu} \, d^3x\right| \sim 10^{-24} \text{ strain}"
ID11125,Phone2 Modulation Signatures — Delta Phi Text Gw Frac 2 Pi N Text Wind C Int Text Pat,wolfram_gold_anchor_equation_parse_verified,primary candidate parsed under HoldComplete,equation_candidate,Deltaphi_{GW} == frac{2Pi n_{wind}}{c} Integrate_{path} B_{solar} * dl sim 10^{-6} rad,\Delta\phi_{\text{GW}} = \frac{2\pi n_{\text{wind}}}{c} \int_{\text{path}} B_{\text{solar}} \cdot dl \sim 10^{-6} \text{ rad}
ID11126,Phone2 Modulation Signatures — F Text Sideband F Text Gw Pm N Omega Odot / 2 Pi Quad,wolfram_gold_anchor_symbolic_carrier_verified,fallback carrier parsed under HoldComplete,equation_candidate,"Phone2EquationCarrier[""ID11126"", <|""canonical"" -> ""f_{\\text{sideband}} = f_{\\text{GW}} \\pm n\\Omega_{\\odot}/(2\\pi), \\quad n \\in \\mathbb{Z}"", ""rescueClass"" -> ""equation_candidate""|>]","f_{\text{sideband}} = f_{\text{GW}} \pm n\Omega_{\odot}/(2\pi), \quad n \in \mathbb{Z}"
ID11127,Phone2 Modulation Signatures — Computationalcomplexity Module,wolfram_gold_anchor_fragment_carrier_verified,primary candidate parsed under HoldComplete,fragment_carrier,"Phone2EquationCarrier[""ID11127"", <|""canonical"" -> ""ComputationalComplexity := Module["", ""rescueClass"" -> ""hard_fragment""|>]",ComputationalComplexity := Module[
ID11128,Phone2 Modulation Signatures — Spatialgrid N 3,wolfram_gold_anchor_equation_parse_verified,primary candidate parsed under HoldComplete,equation_candidate,spatialGrid == N^3,spatialGrid = N^3
ID11129,Phone2 Modulation Signatures — Temporalsteps T/Dt,wolfram_gold_anchor_equation_parse_verified,primary candidate parsed under HoldComplete,equation_candidate,temporalSteps == T/dt,temporalSteps = T/dt
ID11130,Phone2 Modulation Signatures — Spectralmodes Product 2 L I + 1 I 1 Maxl,wolfram_gold_anchor_equation_parse_verified,primary candidate parsed under HoldComplete,equation_candidate,"spectralModes == Product[2*l[i] + 1, {i, 1, maxL}]","spectralModes = Product[2*l[i] + 1, {i, 1, maxL}]"
ID11131,Phone2 Elsasser Universality — Lambda Frac B 2 Mu 0 Rho Eta Omega To 1 Pm 0,wolfram_gold_anchor_equation_parse_verified,primary candidate parsed under HoldComplete,equation_candidate,Lambda := (B^2)/(mu0 rho eta omega) -> 1 pm 0,\Lambda := \frac{B^2}{\mu_0 \rho \eta \omega} \to 1 \pm 0
ID11132,Phone2 Elsasser Universality — Elsasserconvergence System Module,wolfram_gold_anchor_fragment_carrier_verified,primary candidate parsed under HoldComplete,fragment_carrier,"Phone2EquationCarrier[""ID11132"", <|""canonical"" -> ""ElsasserConvergence[system_] := Module["", ""rescueClass"" -> ""hard_fragment""|>]",ElsasserConvergence[system_] := Module[
ID11133,Phone2 Elsasser Universality — Lambda Function Field Density Viscosity Rotation,wolfram_gold_anchor_fragment_carrier_verified,primary candidate parsed under HoldComplete,fragment_carrier,"Phone2EquationCarrier[""ID11133"", <|""canonical"" -> ""Lambda = Function[{field, density, viscosity, rotation},"", ""rescueClass"" -> ""hard_fragment""|>]","Lambda = Function[{field, density, viscosity, rotation},"
ID11134,Phone2 Topological Field Constraint — U D Frac 3 Mu 0 Mu 2 2 Pi D 4 + U Text Constraint D,wolfram_gold_anchor_equation_parse_verified,primary candidate parsed under HoldComplete,equation_candidate,U(d) == (3mu_0mu^2)/(2Pi d^4) + U_{constraint}(d),U(d) = \frac{3\mu_0\mu^2}{2\pi d^4} + U_{\text{constraint}}(d)
ID11135,Phone2 Topological Field Constraint — Vec B Text Torus Nabla Times Vec A Phi Quad Vec A Frac,wolfram_gold_anchor_symbolic_carrier_verified,fallback carrier parsed under HoldComplete,equation_candidate,"Phone2EquationCarrier[""ID11135"", <|""canonical"" -> ""\\vec{B}_{\\text{torus}} = \\nabla \\times \\vec{A}_\\phi, \\quad \\vec{A} = \\frac{\\mu_0 I}{2\\pi r}\\hat{\\phi}"", ""rescueClass"" -> ""equation_candidate""|>]","\vec{B}_{\text{torus}} = \nabla \times \vec{A}_\phi, \quad \vec{A} = \frac{\mu_0 I}{2\pi r}\hat{\phi}"
ID11136,Phone2 TZP Vacuum Divergence — Rho Text Vac R T Sum N 0 Infty Sum I 1 N Tzp -1 N Gamm,wolfram_gold_anchor_symbolic_carrier_verified,fallback carrier parsed under HoldComplete,equation_candidate,"Phone2EquationCarrier[""ID11136"", <|""canonical"" -> ""\\rho_{\\text{vac}}(r,t) = \\sum_{n=0}^{\\infty} \\sum_{i=1}^{N_{\\TZP}} (-1)^n \\Gamma\\left(n+\\tfrac{1}{2}\\right) K_n\\left(\\frac{|r-r_{\\TZP}^{(i)}|}{\\xi}\\right) e^{in(\\omega_0 t + \\theta_i)}"", ""rescueClass"" -> ""equation_candidate""|>]","\rho_{\text{vac}}(r,t) = \sum_{n=0}^{\infty} \sum_{i=1}^{N_{\TZP}} (-1)^n \Gamma\left(n+\tfrac{1}{2}\right) K_n\left(\frac{|r-r_{\TZP}^{(i)}|}{\xi}\right) e^{in(\omega_0 t + \theta_i)}"
ID11137,Phone2 Topological Locking — Phi N Phi 0 Quad Phi 0 Frac H 2E Approx 2,wolfram_gold_anchor_symbolic_carrier_verified,fallback carrier parsed under HoldComplete,equation_candidate,"Phone2EquationCarrier[""ID11137"", <|""canonical"" -> ""\\Phi = n\\Phi_0, \\quad \\Phi_0 = \\frac{h}{2e} \\approx 2"", ""rescueClass"" -> ""equation_candidate""|>]","\Phi = n\Phi_0, \quad \Phi_0 = \frac{h}{2e} \approx 2"
ID11138,Phone2 Universal Criticality — P S Sim S - Tau E -S/S C Quad Tau Frac 3 2,wolfram_gold_anchor_symbolic_carrier_verified,fallback carrier parsed under HoldComplete,equation_candidate,"Phone2EquationCarrier[""ID11138"", <|""canonical"" -> ""P(s) \\sim s^{-\\tau} e^{-s/s_c}, \\quad \\tau = \\frac{3}{2}"", ""rescueClass"" -> ""equation_candidate""|>]","P(s) \sim s^{-\tau} e^{-s/s_c}, \quad \tau = \frac{3}{2}"
ID11139,Phone2 Universal Criticality — Criticalexponent Distribution Module,wolfram_gold_anchor_fragment_carrier_verified,primary candidate parsed under HoldComplete,fragment_carrier,"Phone2EquationCarrier[""ID11139"", <|""canonical"" -> ""CriticalExponent[distribution_] := Module["", ""rescueClass"" -> ""hard_fragment""|>]",CriticalExponent[distribution_] := Module[
ID11140,Phone2 Universal Criticality — Tau -D Log P S Log S /,wolfram_gold_anchor_fragment_carrier_verified,primary candidate parsed under HoldComplete,fragment_carrier,"Phone2EquationCarrier[""ID11140"", <|""canonical"" -> ""tau = -D[Log[P[s]], Log[s]] /"", ""rescueClass"" -> ""hard_fragment""|>]","tau = -D[Log[P[s]], Log[s]] /"
ID11141,Phone2 Universal Criticality — Avalanche Probabilitydistribution,wolfram_gold_anchor_fragment_carrier_verified,primary candidate parsed under HoldComplete,fragment_carrier,"Phone2EquationCarrier[""ID11141"", <|""canonical"" -> ""avalanche = ProbabilityDistribution["", ""rescueClass"" -> ""hard_fragment""|>]",avalanche = ProbabilityDistribution[
ID11142,Phone2 Universal Criticality — Assert Tau 3/2 Universal Critical Exponent,wolfram_gold_anchor_equation_parse_verified,primary candidate parsed under HoldComplete,equation_candidate,"Assert[tau == 3/2, ""Universal critical exponent""]","Assert[tau == 3/2, ""Universal critical exponent""]"
ID11143,Phone2 Discrete Dark Matter Distribution — Rho Text Dark Text Apparent Frac C 2 4 Pi Gr U 2 Delta,wolfram_gold_anchor_equation_parse_verified,primary candidate parsed under HoldComplete,equation_candidate,rho_{dark}^{apparent} == (c^2)/(4Pi GRU^2) Delta_{S^3}Phi_{dark},\rho_{\text{dark}}^{\text{apparent}} = \frac{c^2}{4\pi GR_U^2} \Delta_{S^3}\Phi_{\text{dark}}
ID11144,Phone2 Discrete Dark Matter Distribution — Psi Rangle S 3 Frac 1 Sqrt 2 Left Uparrow Rangle Chi O,wolfram_gold_anchor_symbolic_carrier_verified,fallback carrier parsed under HoldComplete,equation_candidate,"Phone2EquationCarrier[""ID11144"", <|""canonical"" -> ""|\\Psi\\rangle_{S^3} = \\frac{1}{\\sqrt{2}}\\left(|\\uparrow\\rangle_\\chi \\otimes |\\downarrow\\rangle_{\\pi-\\chi} + |\\downarrow\\rangle_\\chi \\otimes |\\uparrow\\rangle_{\\pi-\\chi}\\right)"", ""rescueClass"" -> ""equation_candidate""|>]",|\Psi\rangle_{S^3} = \frac{1}{\sqrt{2}}\left(|\uparrow\rangle_\chi \otimes |\downarrow\rangle_{\pi-\chi} + |\downarrow\rangle_\chi \otimes |\uparrow\rangle_{\pi-\chi}\right)
ID11145,Phone2 Discrete Dark Matter Distribution — Mathcal L Text Total Int Mathcal M D 4X Sqrt -G Bigg F,wolfram_gold_anchor_equation_parse_verified,primary candidate parsed under HoldComplete,equation_candidate,L_{total} &== Integrate_{M} d^4x Sqrt[-g] Bigg[ (R-2Lambda)/(16Pi G) - (1)/(4)Tr[F_{mu u}F^{mu u}] &quad + ibar{psi}gamma^mu Dmupsi - mbar{psi}psi + Dmuphi^dagger D^muphi - V[phi] &quad + lambda_{TZP}delta^{(4)}(x-x_{TZP})],\mathcal{L}_{\text{total}} &= \int_{\mathcal{M}} d^4x \sqrt{-g} \Bigg[ \frac{R-2\Lambda}{16\pi G} - \frac{1}{4}\Tr[F_{\mu\nu}F^{\mu\nu}] \\ &\quad + i\bar{\psi}\gamma^\mu D_\mu\psi - m\bar{\psi}\psi + D_\mu\phi^\dagger D^\mu\phi - V[\phi] \\ &\quad + \lambda_{\TZP}\delta^{(4)}(x-x_{\TZP})
ID11146,Phone2 Discrete Dark Matter Distribution — Mathcal L Text Total Int Mathcal M D 4X Sqrt -G Bigg F,wolfram_gold_anchor_equation_parse_verified,primary candidate parsed under HoldComplete,equation_candidate,L_{total} &== Integrate_{M} d^4x Sqrt[-g] Bigg[ (R-2Lambda)/(16Pi G) - (1)/(4)Tr[F_{mu u}F^{mu u}]],\mathcal{L}_{\text{total}} &= \int_{\mathcal{M}} d^4x \sqrt{-g} \Bigg[ \frac{R-2\Lambda}{16\pi G} - \frac{1}{4}\Tr[F_{\mu\nu}F^{\mu\nu}] \\
ID11147,Phone2 CMBEmergenceTheorem — Unificationcomparison Association,wolfram_gold_anchor_fragment_carrier_verified,primary candidate parsed under HoldComplete,fragment_carrier,"Phone2EquationCarrier[""ID11147"", <|""canonical"" -> ""UnificationComparison[] := Association["", ""rescueClass"" -> ""hard_fragment""|>]",UnificationComparison[] := Association[
ID11148,Phone2 CMBEmergenceTheorem — G Gut Su 5 Su 3 Su 2 U 1,wolfram_gold_anchor_equation_parse_verified,primary candidate parsed under HoldComplete,equation_candidate,GGUT == SU(5) ⊃ SU(3) * SU(2) * U(1),G_GUT = SU(5) ⊃ SU(3) × SU(2) × U(1)
ID11149,Phone2 CMBEmergenceTheorem — Symmetry Breaking Φ Higgs 0,wolfram_gold_anchor_equation_parse_verified,primary candidate parsed under HoldComplete,equation_candidate,symmetrybreaking == ⟨PhiHiggs⟩ ≠ 0,symmetry_breaking = ⟨Φ_Higgs⟩ ≠ 0
ID11150,Phone2 CMBEmergenceTheorem — Convergence Point Tzp Lemniscatic,wolfram_gold_anchor_equation_parse_verified,primary candidate parsed under HoldComplete,equation_candidate,ConvergencePoint == TZP ∈ ℳ_lemniscatic,Convergence_Point = TZP ∈ ℳ_lemniscatic
ID11151,Phone2 CMBEmergenceTheorem — Mechanism Dimensionalcollapse 4D 2D Infiniteordertrans,wolfram_gold_anchor_equation_parse_verified,primary candidate parsed under HoldComplete,equation_candidate,Mechanism == DimensionalCollapse[4D -> 2D] @ InfiniteOrderTransition,Mechanism = DimensionalCollapse[4D → 2D] @ InfiniteOrderTransition
ID11152,Phone2 CMBEmergenceTheorem — Forceconvergencemechanism Module,wolfram_gold_anchor_fragment_carrier_verified,primary candidate parsed under HoldComplete,fragment_carrier,"Phone2EquationCarrier[""ID11152"", <|""canonical"" -> ""]ForceConvergenceMechanism[] := Module["", ""rescueClass"" -> ""hard_fragment""|>]",]ForceConvergenceMechanism[] := Module[
ID11153,Phone2 CMBEmergenceTheorem — Coupling Evolution Module G I Μ Scale,wolfram_gold_anchor_fragment_carrier_verified,primary candidate parsed under HoldComplete,fragment_carrier,"Phone2EquationCarrier[""ID11153"", <|""canonical"" -> ""coupling_evolution = Module[{g_i, μ_scale},"", ""rescueClass"" -> ""hard_fragment""|>]","coupling_evolution = Module[{g_i, μ_scale},"
ID11154,Phone2 CMBEmergenceTheorem — Beta Functions Association,wolfram_gold_anchor_fragment_carrier_verified,primary candidate parsed under HoldComplete,fragment_carrier,"Phone2EquationCarrier[""ID11154"", <|""canonical"" -> ""beta_functions = Association["", ""rescueClass"" -> ""hard_fragment""|>]",beta_functions = Association[
ID11155,Phone2 CMBEmergenceTheorem — Fixed Point Solve,wolfram_gold_anchor_fragment_carrier_verified,primary candidate parsed under HoldComplete,fragment_carrier,"Phone2EquationCarrier[""ID11155"", <|""canonical"" -> ""fixed_point = Solve["", ""rescueClass"" -> ""hard_fragment""|>]",fixed_point = Solve[
ID11156,Phone2 CMBEmergenceTheorem — And Values Beta Functions 0,wolfram_gold_anchor_fragment_carrier_verified,primary candidate parsed under HoldComplete,fragment_carrier,"Phone2EquationCarrier[""ID11156"", <|""canonical"" -> ""And @@ (Values[beta_functions] == 0),"", ""rescueClass"" -> ""hard_fragment""|>]","And @@ (Values[beta_functions] == 0),"
ID11157,Phone2 CMBEmergenceTheorem — Dimension Flow 4 - Ε Log Μ Scale/Μ Tzp,wolfram_gold_anchor_equation_parse_verified,primary candidate parsed under HoldComplete,equation_candidate,dimensionflow == 4 - ε * Log[muscale/muTZP],dimension_flow = 4 - ε × Log[μ_scale/μ_TZP]
ID11158,Phone2 CMBEmergenceTheorem — Limit Dimension Flow Μ Scale - Μ Tzp 2,wolfram_gold_anchor_equation_parse_verified,primary candidate parsed under HoldComplete,equation_candidate,"Limit[dimensionflow, muscale -> muTZP] == 2","Limit[dimension_flow, μ_scale -> μ_TZP] == 2"
ID11159,Phone2 CMBEmergenceTheorem — S Unified D X G,wolfram_gold_anchor_fragment_carrier_verified,primary candidate parsed under HoldComplete,fragment_carrier,"Phone2EquationCarrier[""ID11159"", <|""canonical"" -> ""S_unified = ∫ dâ´x âˆš|g| × ["", ""rescueClass"" -> ""hard_fragment""|>]",S_unified = ∫ dâ´x âˆš|g| × [
ID11160,Phone2 CMBEmergenceTheorem — Functionalderivative S Unified Fields 0,wolfram_gold_anchor_equation_parse_verified,primary candidate parsed under HoldComplete,equation_candidate,"FunctionalDerivative[Sunified, Fields] == 0","FunctionalDerivative[S_unified, Fields] == 0"
ID11161,Phone2 CMBEmergenceTheorem — Unifiedfieldstructure Trawin Module,wolfram_gold_anchor_fragment_carrier_verified,primary candidate parsed under HoldComplete,fragment_carrier,"Phone2EquationCarrier[""ID11161"", <|""canonical"" -> ""]UnifiedFieldStructure[ℋ_Trawin] := Module["", ""rescueClass"" -> ""hard_fragment""|>]",]UnifiedFieldStructure[ℋ_Trawin] := Module[
ID11162,Phone2 CMBEmergenceTheorem — Topological Module Gerbe Classification Obstruction Cl,wolfram_gold_anchor_fragment_carrier_verified,primary candidate parsed under HoldComplete,fragment_carrier,"Phone2EquationCarrier[""ID11162"", <|""canonical"" -> ""𝕋‹_topological = Module[{gerbe_classification, obstruction_class},"", ""rescueClass"" -> ""hard_fragment""|>]","𝕋‹_topological = Module[{gerbe_classification, obstruction_class},"
ID11163,Phone2 CMBEmergenceTheorem — Gerbe Classification H Lemniscatic U 1,wolfram_gold_anchor_symbolic_carrier_verified,fallback carrier parsed under HoldComplete,equation_candidate,"Phone2EquationCarrier[""ID11163"", <|""canonical"" -> ""gerbe_classification = H³(ℳ_lemniscatic, U(1)) ≈… ℤ"", ""rescueClass"" -> ""equation_candidate""|>]","gerbe_classification = H³(ℳ_lemniscatic, U(1)) ≈… ℤ"
ID11164,Phone2 CMBEmergenceTheorem — Obstruction Class Chernsimonsinvariant,wolfram_gold_anchor_fragment_carrier_verified,primary candidate parsed under HoldComplete,fragment_carrier,"Phone2EquationCarrier[""ID11164"", <|""canonical"" -> ""obstruction_class = ChernSimonsInvariant["", ""rescueClass"" -> ""hard_fragment""|>]",obstruction_class = ChernSimonsInvariant[
ID11165,Phone2 CMBEmergenceTheorem — Level - K 1/ 4Π Tr F F,wolfram_gold_anchor_equation_parse_verified,primary candidate parsed under HoldComplete,equation_candidate,Level -> k == 1/(4Pi) * Integrate_Î£ Tr[F ∧ F],Level -> k = 1/(4π) * ∫_Î£ Tr[F ∧ F]
ID11166,Phone2 CMBEmergenceTheorem — Categorical Module Forces Category Unification Functor,wolfram_gold_anchor_fragment_carrier_verified,primary candidate parsed under HoldComplete,fragment_carrier,"Phone2EquationCarrier[""ID11166"", <|""canonical"" -> ""ℂ_categorical = Module[{forces_category, unification_functor},"", ""rescueClass"" -> ""hard_fragment""|>]","ℂ_categorical = Module[{forces_category, unification_functor},"
ID11167,Phone2 CMBEmergenceTheorem — Forces Category Highercategory,wolfram_gold_anchor_fragment_carrier_verified,primary candidate parsed under HoldComplete,fragment_carrier,"Phone2EquationCarrier[""ID11167"", <|""canonical"" -> ""forces_category = HigherCategory["", ""rescueClass"" -> ""hard_fragment""|>]",forces_category = HigherCategory[
ID11168,Phone2 CMBEmergenceTheorem — Unification Functor Adjointfunctortheorem,wolfram_gold_anchor_fragment_carrier_verified,primary candidate parsed under HoldComplete,fragment_carrier,"Phone2EquationCarrier[""ID11168"", <|""canonical"" -> ""unification_functor = AdjointFunctorTheorem["", ""rescueClass"" -> ""hard_fragment""|>]",unification_functor = AdjointFunctorTheorem[
ID11169,Phone2 CMBEmergenceTheorem — Leftadjoint - Dimensionalreduction 4D 2D,wolfram_gold_anchor_fragment_carrier_verified,primary candidate parsed under HoldComplete,fragment_carrier,"Phone2EquationCarrier[""ID11169"", <|""canonical"" -> ""LeftAdjoint -> DimensionalReduction[4D → 2D],"", ""rescueClass"" -> ""hard_fragment""|>]","LeftAdjoint -> DimensionalReduction[4D → 2D],"
ID11170,Phone2 CMBEmergenceTheorem — Rightadjoint - Vacuuminjection 2D 4D,wolfram_gold_anchor_fragment_carrier_verified,primary candidate parsed under HoldComplete,fragment_carrier,"Phone2EquationCarrier[""ID11170"", <|""canonical"" -> ""RightAdjoint -> VacuumInjection[2D → 4D],"", ""rescueClass"" -> ""hard_fragment""|>]","RightAdjoint -> VacuumInjection[2D → 4D],"
ID11171,Phone2 CMBEmergenceTheorem — Unit - Η Id Rightadjoint Leftadjoint,wolfram_gold_anchor_fragment_carrier_verified,primary candidate parsed under HoldComplete,fragment_carrier,"Phone2EquationCarrier[""ID11171"", <|""canonical"" -> ""Unit -> η: Id → RightAdjoint âˆ˜ LeftAdjoint,"", ""rescueClass"" -> ""hard_fragment""|>]","Unit -> η: Id → RightAdjoint âˆ˜ LeftAdjoint,"
ID11172,Phone2 CMBEmergenceTheorem — Counit - Ε Leftadjoint Rightadjoint Id,wolfram_gold_anchor_equation_parse_verified,primary candidate parsed under HoldComplete,equation_candidate,Counit -> ε: LeftAdjoint âˆ˜ RightAdjoint -> Id,Counit -> ε: LeftAdjoint âˆ˜ RightAdjoint → Id
ID11173,Phone2 CMBEmergenceTheorem — Fibration Module Principal Bundle Associated Bundles C,wolfram_gold_anchor_fragment_carrier_verified,primary candidate parsed under HoldComplete,fragment_carrier,"Phone2EquationCarrier[""ID11173"", <|""canonical"" -> ""𝔔½_fibration = Module[{principal_bundle, associated_bundles, connection_form},"", ""rescueClass"" -> ""hard_fragment""|>]","𝔔½_fibration = Module[{principal_bundle, associated_bundles, connection_form},"
ID11174,Phone2 CMBEmergenceTheorem — Principal Bundle Principalbundle,wolfram_gold_anchor_fragment_carrier_verified,primary candidate parsed under HoldComplete,fragment_carrier,"Phone2EquationCarrier[""ID11174"", <|""canonical"" -> ""principal_bundle = PrincipalBundle["", ""rescueClass"" -> ""hard_fragment""|>]",principal_bundle = PrincipalBundle[
ID11175,Phone2 CMBEmergenceTheorem — Structuregroup - G Structure U 1 Su 2 Su 3 Diff,wolfram_gold_anchor_fragment_carrier_verified,primary candidate parsed under HoldComplete,fragment_carrier,"Phone2EquationCarrier[""ID11175"", <|""canonical"" -> ""StructureGroup -> G_structure = U(1) × SU(2) × SU(3) × Diff(ℳ),"", ""rescueClass"" -> ""hard_fragment""|>]","StructureGroup -> G_structure = U(1) × SU(2) × SU(3) × Diff(ℳ),"
ID11176,Phone2 CMBEmergenceTheorem — Projection - Π E B,wolfram_gold_anchor_equation_parse_verified,primary candidate parsed under HoldComplete,equation_candidate,Projection -> Pi: E -> B,Projection -> π: E → B
ID11177,Phone2 CMBEmergenceTheorem — Associated Bundles Association,wolfram_gold_anchor_fragment_carrier_verified,primary candidate parsed under HoldComplete,fragment_carrier,"Phone2EquationCarrier[""ID11177"", <|""canonical"" -> ""associated_bundles = Association["", ""rescueClass"" -> ""hard_fragment""|>]",associated_bundles = Association[
ID11178,Phone2 CMBEmergenceTheorem — Electromagnetic - Linebundle C F/ 2Π,wolfram_gold_anchor_fragment_carrier_verified,primary candidate parsed under HoldComplete,fragment_carrier,"Phone2EquationCarrier[""ID11178"", <|""canonical"" -> ""\""Electromagnetic\"" -> LineBundle[câ‚ = ∫_Î£ F/(2π)],"", ""rescueClass"" -> ""hard_fragment""|>]","""Electromagnetic"" -> LineBundle[câ‚ = ∫_Î£ F/(2π)],"
ID11179,Phone2 CMBEmergenceTheorem — Connection Form Module Ω Total Holonomy,wolfram_gold_anchor_fragment_carrier_verified,primary candidate parsed under HoldComplete,fragment_carrier,"Phone2EquationCarrier[""ID11179"", <|""canonical"" -> ""connection_form = Module[{Ω_total, holonomy},"", ""rescueClass"" -> ""hard_fragment""|>]","connection_form = Module[{Ω_total, holonomy},"
ID11180,Phone2 CMBEmergenceTheorem — Ω Total Sum,wolfram_gold_anchor_fragment_carrier_verified,primary candidate parsed under HoldComplete,fragment_carrier,"Phone2EquationCarrier[""ID11180"", <|""canonical"" -> ""Ω_total = Sum["", ""rescueClass"" -> ""hard_fragment""|>]",Ω_total = Sum[
ID11181,Phone2 CMBEmergenceTheorem — Holonomy Pathorderedexponential,wolfram_gold_anchor_fragment_carrier_verified,primary candidate parsed under HoldComplete,fragment_carrier,"Phone2EquationCarrier[""ID11181"", <|""canonical"" -> ""holonomy = PathOrderedExponential["", ""rescueClass"" -> ""hard_fragment""|>]",holonomy = PathOrderedExponential[
ID11182,Phone2 CMBEmergenceTheorem — Path - Γ S Encircling Tzp,wolfram_gold_anchor_equation_parse_verified,primary candidate parsed under HoldComplete,equation_candidate,Path -> γ: SÂ¹ -> ℳ encircling TZP,Path -> γ: SÂ¹ → ℳ encircling TZP
ID11183,Phone2 CMBEmergenceTheorem — Limit Holonomy Γ Pointloop Tzp,wolfram_gold_anchor_fragment_carrier_verified,primary candidate parsed under HoldComplete,fragment_carrier,"Phone2EquationCarrier[""ID11183"", <|""canonical"" -> ""Limit[holonomy, γ → PointLoop[TZP]] =="", ""rescueClass"" -> ""hard_fragment""|>]","Limit[holonomy, γ → PointLoop[TZP]] =="
ID11184,Phone2 CMBEmergenceTheorem — Quantum Geometry Module,wolfram_gold_anchor_fragment_carrier_verified,primary candidate parsed under HoldComplete,fragment_carrier,"Phone2EquationCarrier[""ID11184"", <|""canonical"" -> ""â„š_quantum_geometry = Module["", ""rescueClass"" -> ""hard_fragment""|>]",â„š_quantum_geometry = Module[
ID11185,Phone2 CMBEmergenceTheorem — Quantum Metric Module G Ij,wolfram_gold_anchor_fragment_carrier_verified,primary candidate parsed under HoldComplete,fragment_carrier,"Phone2EquationCarrier[""ID11185"", <|""canonical"" -> ""quantum_metric = Module[{g_ij},"", ""rescueClass"" -> ""hard_fragment""|>]","quantum_metric = Module[{g_ij},"
ID11186,Phone2 CMBEmergenceTheorem — G Ij Re I J - I J,wolfram_gold_anchor_equation_parse_verified,primary candidate parsed under HoldComplete,equation_candidate,gij == Re[(di⟨Ïˆ|dj|Ïˆ⟩ - ⟨di Ïˆ|Ïˆ⟩⟨Ïˆ|dj Ïˆ⟩)],g_ij = Re[(∂_i⟨Ïˆ|∂_j|Ïˆ⟩ - ⟨∂_i Ïˆ|Ïˆ⟩⟨Ïˆ|∂_j Ïˆ⟩)]
ID11187,Phone2 CMBEmergenceTheorem — Berry Curvature Module Ω Berry,wolfram_gold_anchor_fragment_carrier_verified,primary candidate parsed under HoldComplete,fragment_carrier,"Phone2EquationCarrier[""ID11187"", <|""canonical"" -> ""berry_curvature = Module[{Ω_Berry},"", ""rescueClass"" -> ""hard_fragment""|>]","berry_curvature = Module[{Ω_Berry},"
ID11188,Phone2 CMBEmergenceTheorem — Ω Berry Im I J - J I,wolfram_gold_anchor_equation_parse_verified,primary candidate parsed under HoldComplete,equation_candidate,OmegaBerry == Im[di⟨Ïˆ|dj|Ïˆ⟩ - dj⟨Ïˆ|di|Ïˆ⟩],Ω_Berry = Im[∂_i⟨Ïˆ|∂_j|Ïˆ⟩ - ∂_j⟨Ïˆ|∂_i|Ïˆ⟩]
ID11189,Phone2 CMBEmergenceTheorem — Integrate Ω Berry Surface Enclosingsphere Tzp,wolfram_gold_anchor_fragment_carrier_verified,primary candidate parsed under HoldComplete,fragment_carrier,"Phone2EquationCarrier[""ID11189"", <|""canonical"" -> ""Integrate[Ω_Berry, {surface, EnclosingSphere[TZP]}] =="", ""rescueClass"" -> ""hard_fragment""|>]","Integrate[Ω_Berry, {surface, EnclosingSphere[TZP]}] =="
ID11190,Phone2 CMBEmergenceTheorem — Unified Geometry Riemannianmetric Quantum Metric +,wolfram_gold_anchor_fragment_carrier_verified,primary candidate parsed under HoldComplete,fragment_carrier,"Phone2EquationCarrier[""ID11190"", <|""canonical"" -> ""unified_geometry = RiemannianMetric[quantum_metric] +"", ""rescueClass"" -> ""hard_fragment""|>]",unified_geometry = RiemannianMetric[quantum_metric] +
ID11191,Phone2 CMBEmergenceTheorem — Convergence Locus Module,wolfram_gold_anchor_fragment_carrier_verified,primary candidate parsed under HoldComplete,fragment_carrier,"Phone2EquationCarrier[""ID11191"", <|""canonical"" -> ""convergence_locus = Module["", ""rescueClass"" -> ""hard_fragment""|>]",convergence_locus = Module[
ID11192,Phone2 CMBEmergenceTheorem — Stress Energy Total Sum,wolfram_gold_anchor_fragment_carrier_verified,primary candidate parsed under HoldComplete,fragment_carrier,"Phone2EquationCarrier[""ID11192"", <|""canonical"" -> ""stress_energy_total = Sum["", ""rescueClass"" -> ""hard_fragment""|>]",stress_energy_total = Sum[
ID11193,Phone2 CMBEmergenceTheorem — Curvature Total Module R Unified,wolfram_gold_anchor_fragment_carrier_verified,primary candidate parsed under HoldComplete,fragment_carrier,"Phone2EquationCarrier[""ID11193"", <|""canonical"" -> ""curvature_total = Module[{R_unified},"", ""rescueClass"" -> ""hard_fragment""|>]","curvature_total = Module[{R_unified},"
ID11194,Phone2 CMBEmergenceTheorem — R Unified R Gravitational +,wolfram_gold_anchor_fragment_carrier_verified,primary candidate parsed under HoldComplete,fragment_carrier,"Phone2EquationCarrier[""ID11194"", <|""canonical"" -> ""R_unified = R_gravitational +"", ""rescueClass"" -> ""hard_fragment""|>]",R_unified = R_gravitational +
ID11195,Phone2 CMBEmergenceTheorem — R Μν - 1/2 G Μν R + Λ G Μν 8Πg/C 4 Stress Energy Total,wolfram_gold_anchor_equation_parse_verified,primary candidate parsed under HoldComplete,equation_candidate,R^munu - (1/2)g^munu R + Lambda g^munu == (8PiG/c^4) * stress_energy_total,R^μν - (1/2)g^μν R + Λ g^μν == (8πG/c^4) × stress_energy_total
ID11196,Phone2 CMBEmergenceTheorem — Field Strength Total Exteriorderivative,wolfram_gold_anchor_fragment_carrier_verified,primary candidate parsed under HoldComplete,fragment_carrier,"Phone2EquationCarrier[""ID11196"", <|""canonical"" -> ""field_strength_total = ExteriorDerivative["", ""rescueClass"" -> ""hard_fragment""|>]",field_strength_total = ExteriorDerivative[
ID11197,Phone2 CMBEmergenceTheorem — Coherence Condition And,wolfram_gold_anchor_fragment_carrier_verified,primary candidate parsed under HoldComplete,fragment_carrier,"Phone2EquationCarrier[""ID11197"", <|""canonical"" -> ""coherence_condition = And["", ""rescueClass"" -> ""hard_fragment""|>]",coherence_condition = And[
ID11198,Phone2 CMBEmergenceTheorem — Solution Coherence Condition R - R Tzp,wolfram_gold_anchor_equation_parse_verified,primary candidate parsed under HoldComplete,equation_candidate,Solution[coherencecondition] == {r -> rTZP},Solution[coherence_condition] == {r -> r_TZP}
ID11199,Phone2 CMBEmergenceTheorem — Gravitationalobservables Association,wolfram_gold_anchor_fragment_carrier_verified,primary candidate parsed under HoldComplete,fragment_carrier,"Phone2EquationCarrier[""ID11199"", <|""canonical"" -> ""]GravitationalObservables[] := Association["", ""rescueClass"" -> ""hard_fragment""|>]",]GravitationalObservables[] := Association[
ID11200,Phone2 CMBEmergenceTheorem — Ω Thomas Γ - 1 V A /C 2,wolfram_gold_anchor_equation_parse_verified,primary candidate parsed under HoldComplete,equation_candidate,OmegaThomas == (γ - 1) * (v * a)/c^2,Ω_Thomas = (γ - 1) * (v × a)/c^2
ID11201,Phone2 CMBEmergenceTheorem — Ω Geodetic 3 G Newton M Earth / 2 C 2 R 3 R V,wolfram_gold_anchor_equation_parse_verified,primary candidate parsed under HoldComplete,equation_candidate,Omegageodetic == (3*GNewton*MEarth)/(2*c^2*r^3) * (r * v),Ω_geodetic = (3*G_Newton*M_Earth)/(2*c^2*r^3) * (r × v)
ID11202,Phone2 CMBEmergenceTheorem — Ω Lense Thirring G Newton / C 2 R 3,wolfram_gold_anchor_symbolic_carrier_verified,fallback carrier parsed under HoldComplete,equation_candidate,"Phone2EquationCarrier[""ID11202"", <|""canonical"" -> ""Ω_Lense_Thirring = (G_Newton)/(c^2*r^3) * ("", ""rescueClass"" -> ""equation_candidate""|>]",Ω_Lense_Thirring = (G_Newton)/(c^2*r^3) * (
ID11203,Phone2 CMBEmergenceTheorem — Gravitationalredshift - Ν Observed/Ν Emitted - 1,wolfram_gold_anchor_equation_parse_verified,primary candidate parsed under HoldComplete,equation_candidate,"""GravitationalRedshift"" -> nuobserved/nuemitted - 1 ==ˆ","""GravitationalRedshift"" -> ν_observed/ν_emitted - 1 ≈ˆ"
ID11204,Phone2 CMBEmergenceTheorem — Conservationconstraint T Μν Total Module,wolfram_gold_anchor_fragment_carrier_verified,primary candidate parsed under HoldComplete,fragment_carrier,"Phone2EquationCarrier[""ID11204"", <|""canonical"" -> ""]ConservationConstraint[T^μν_total] := Module["", ""rescueClass"" -> ""hard_fragment""|>]",]ConservationConstraint[T^μν_total] := Module[
ID11205,Phone2 CMBEmergenceTheorem — T Vacuum Tzp T Μν Tzp Exp -R 2/Ξ Coherence 2,wolfram_gold_anchor_equation_parse_verified,primary candidate parsed under HoldComplete,equation_candidate,Tvacuum == ⟨TZP|T^munu|TZP⟩ * Exp[-r^2/ξ_coherence^2],T_vacuum = ⟨TZP|T^μν|TZP⟩ * Exp[-r^2/ξ_coherence^2]
ID11206,Phone2 CMBEmergenceTheorem — T Matter Module Ρ Eff P Eff,wolfram_gold_anchor_fragment_carrier_verified,primary candidate parsed under HoldComplete,fragment_carrier,"Phone2EquationCarrier[""ID11206"", <|""canonical"" -> ""T_matter = Module[{ρ_eff, p_eff},"", ""rescueClass"" -> ""hard_fragment""|>]","T_matter = Module[{ρ_eff, p_eff},"
ID11207,Phone2 CMBEmergenceTheorem — Ρ Eff Tr Ρ Matrix Trawin,wolfram_gold_anchor_equation_parse_verified,primary candidate parsed under HoldComplete,equation_candidate,rhoeff == Tr[rhomatrix * ℋ_Trawin],ρ_eff = Tr[ρ_matrix * ℋ_Trawin]
ID11208,Phone2 CMBEmergenceTheorem — P Eff - 1/3 Tr Ρ Matrix Trawin P I,wolfram_gold_anchor_equation_parse_verified,primary candidate parsed under HoldComplete,equation_candidate,"peff == -(1/3) * Tr[rhomatrix * {ℋ_Trawin, P^i}]","p_eff = -(1/3) * Tr[ρ_matrix * {ℋ_Trawin, P^i}]"
ID11209,Phone2 CMBEmergenceTheorem — T Gravitational C 4/ 8 Π G Newton,wolfram_gold_anchor_symbolic_carrier_verified,fallback carrier parsed under HoldComplete,equation_candidate,"Phone2EquationCarrier[""ID11209"", <|""canonical"" -> ""T_gravitational = (c^4/(8*π*G_Newton)) * ("", ""rescueClass"" -> ""equation_candidate""|>]",T_gravitational = (c^4/(8*π*G_Newton)) * (
ID11210,Phone2 CMBEmergenceTheorem — Conservation Equation Covariantderivative T Μν Total Ν,wolfram_gold_anchor_equation_parse_verified,primary candidate parsed under HoldComplete,equation_candidate,"conservationequation = CovariantDerivative[T^munutotal, nu] == 0","conservation_equation = CovariantDerivative[T^μν_total, ν] == 0"
ID11211,Phone2 CMBEmergenceTheorem — Geodesicdeviation Ξ Μ Module,wolfram_gold_anchor_fragment_carrier_verified,primary candidate parsed under HoldComplete,fragment_carrier,"Phone2EquationCarrier[""ID11211"", <|""canonical"" -> ""]GeodesicDeviation[ξ^μ] := Module["", ""rescueClass"" -> ""hard_fragment""|>]",]GeodesicDeviation[ξ^μ] := Module[
ID11212,Phone2 CMBEmergenceTheorem — Jacobi Field D D Ξ Μ + R Μ Νρσ U Ν Ξ Ρ U Σ,wolfram_gold_anchor_equation_parse_verified,primary candidate parsed under HoldComplete,equation_candidate,"jacobifield == D[D[ξ^mu, Ï„], Ï„] + R^mu_nurhoσ * u^nu * ξ^rho * u^σ","jacobi_field = D[D[ξ^μ, Ï„], Ï„] + R^μ_νρσ * u^ν * ξ^ρ * u^σ"
ID11213,Phone2 CMBEmergenceTheorem — Deviation Tensor Module K Sectional,wolfram_gold_anchor_fragment_carrier_verified,primary candidate parsed under HoldComplete,fragment_carrier,"Phone2EquationCarrier[""ID11213"", <|""canonical"" -> ""deviation_tensor = Module[{K_sectional},"", ""rescueClass"" -> ""hard_fragment""|>]","deviation_tensor = Module[{K_sectional},"
ID11214,Phone2 CMBEmergenceTheorem — K Sectional R Μνρσ Ξ Μ U Ν Ξ Ρ U Σ /,wolfram_gold_anchor_fragment_carrier_verified,primary candidate parsed under HoldComplete,fragment_carrier,"Phone2EquationCarrier[""ID11214"", <|""canonical"" -> ""K_sectional = (R_μνρσ * ξ^μ * u^ν * ξ^ρ * u^σ)/"", ""rescueClass"" -> ""hard_fragment""|>]",K_sectional = (R_μνρσ * ξ^μ * u^ν * ξ^ρ * u^σ)/
ID11215,Phone2 CMBEmergenceTheorem — Limit K Sectional R - R Tzp -,wolfram_gold_anchor_equation_parse_verified,primary candidate parsed under HoldComplete,equation_candidate,"Limit[Ksectional, r -> rTZP] -> Infinity","Limit[K_sectional, r -> r_TZP] -> ∞"
ID11216,Phone2 CMBEmergenceTheorem — Gravitationalwavemodulation Tzp H + H Ω Gw Module,wolfram_gold_anchor_fragment_carrier_verified,primary candidate parsed under HoldComplete,fragment_carrier,"Phone2EquationCarrier[""ID11216"", <|""canonical"" -> ""]GravitationalWaveModulation[ℋ_TZP, h_+, h_×, Ω_GW] := Module["", ""rescueClass"" -> ""hard_fragment""|>]","]GravitationalWaveModulation[ℋ_TZP, h_+, h_×, Ω_GW] := Module["
ID11217,Phone2 CMBEmergenceTheorem — Strain Tensor H + 1 0 0 0 0 1 0 0 0 0 -1 0 0 0 0 0 +,wolfram_gold_anchor_fragment_carrier_verified,primary candidate parsed under HoldComplete,fragment_carrier,"Phone2EquationCarrier[""ID11217"", <|""canonical"" -> ""strain_tensor = h_+ * {{1,0,0,0}, {0,1,0,0}, {0,0,-1,0}, {0,0,0,0}} +"", ""rescueClass"" -> ""hard_fragment""|>]","strain_tensor = h_+ * {{1,0,0,0}, {0,1,0,0}, {0,0,-1,0}, {0,0,0,0}} +"
ID11218,Phone2 CMBEmergenceTheorem — Coupling Operator Module Quadrupole Moment,wolfram_gold_anchor_fragment_carrier_verified,primary candidate parsed under HoldComplete,fragment_carrier,"Phone2EquationCarrier[""ID11218"", <|""canonical"" -> ""coupling_operator = Module[{quadrupole_moment},"", ""rescueClass"" -> ""hard_fragment""|>]","coupling_operator = Module[{quadrupole_moment},"
ID11219,Phone2 CMBEmergenceTheorem — Quadrupole Moment Integrate,wolfram_gold_anchor_fragment_carrier_verified,primary candidate parsed under HoldComplete,fragment_carrier,"Phone2EquationCarrier[""ID11219"", <|""canonical"" -> ""quadrupole_moment = Integrate["", ""rescueClass"" -> ""hard_fragment""|>]",quadrupole_moment = Integrate[
ID11220,Phone2 CMBEmergenceTheorem — Resonance Condition Solve,wolfram_gold_anchor_fragment_carrier_verified,primary candidate parsed under HoldComplete,fragment_carrier,"Phone2EquationCarrier[""ID11220"", <|""canonical"" -> ""resonance_condition = Solve["", ""rescueClass"" -> ""hard_fragment""|>]",resonance_condition = Solve[
ID11221,Phone2 CMBEmergenceTheorem — Ω Gw Ω Cymatic Goldenratio N,wolfram_gold_anchor_fragment_carrier_verified,primary candidate parsed under HoldComplete,fragment_carrier,"Phone2EquationCarrier[""ID11221"", <|""canonical"" -> ""Ω_GW == Ω_cymatic * GoldenRatio^n,"", ""rescueClass"" -> ""hard_fragment""|>]","Ω_GW == Ω_cymatic * GoldenRatio^n,"
ID11222,Phone2 CMBEmergenceTheorem — N Integers,wolfram_gold_anchor_equation_parse_verified,primary candidate parsed under HoldComplete,equation_candidate,n ∈ Integers,n ∈ Integers
ID11223,Phone2 CMBEmergenceTheorem — Trawin Grav T G Μν Module,wolfram_gold_anchor_fragment_carrier_verified,primary candidate parsed under HoldComplete,fragment_carrier,"Phone2EquationCarrier[""ID11223"", <|""canonical"" -> ""]ℋ_Trawin^(grav)[Ïˆ,t,g_μν] := Module["", ""rescueClass"" -> ""hard_fragment""|>]","]ℋ_Trawin^(grav)[Ïˆ,t,g_μν] := Module["
ID11224,Phone2 CMBEmergenceTheorem — G Newton Quantity 6,wolfram_gold_anchor_equation_parse_verified,primary candidate parsed under HoldComplete,equation_candidate,GNewton == Quantity[6],G_Newton = Quantity[6
ID11225,Phone2 CMBEmergenceTheorem — Base Tunnel + Er + Sc + Cymatic + Tzp,wolfram_gold_anchor_equation_parse_verified,primary candidate parsed under HoldComplete,equation_candidate,ℋ_base == ℋ_tunnel + ℋ_ER + ℋ_SC + ℋ_cymatic + ℋ_TZP,ℋ_base = ℋ_tunnel + ℋ_ER + ℋ_SC + ℋ_cymatic + ℋ_TZP
ID11226,Phone2 CMBEmergenceTheorem — Newtonian -G Newton Sum,wolfram_gold_anchor_fragment_carrier_verified,primary candidate parsed under HoldComplete,fragment_carrier,"Phone2EquationCarrier[""ID11226"", <|""canonical"" -> ""ℋ_Newtonian = -G_Newton * Sum["", ""rescueClass"" -> ""hard_fragment""|>]",ℋ_Newtonian = -G_Newton * Sum[
ID11227,Phone2 CMBEmergenceTheorem — Gr Module Christoffel R Μνρσ C Μνρσ,wolfram_gold_anchor_fragment_carrier_verified,primary candidate parsed under HoldComplete,fragment_carrier,"Phone2EquationCarrier[""ID11227"", <|""canonical"" -> ""ℋ_GR = Module[{Î“_christoffel, R_μνρσ, C_μνρσ},"", ""rescueClass"" -> ""hard_fragment""|>]","ℋ_GR = Module[{Î“_christoffel, R_μνρσ, C_μνρσ},"
ID11228,Phone2 CMBEmergenceTheorem — Christoffel Μ Ν Ρ 1/2 G Ρσ,wolfram_gold_anchor_symbolic_carrier_verified,fallback carrier parsed under HoldComplete,equation_candidate,"Phone2EquationCarrier[""ID11228"", <|""canonical"" -> ""Î“_christoffel[μ_,ν_,ρ_] := (1/2) * g^(ρσ) * ("", ""rescueClass"" -> ""equation_candidate""|>]","Î“_christoffel[μ_,ν_,ρ_] := (1/2) * g^(ρσ) * ("
ID11229,Phone2 CMBEmergenceTheorem — R Μνρσ D Christoffel Μ Ν Σ X Ρ - D Christoffel Μ Ρ Σ X,wolfram_gold_anchor_fragment_carrier_verified,primary candidate parsed under HoldComplete,fragment_carrier,"Phone2EquationCarrier[""ID11229"", <|""canonical"" -> ""R_μνρσ = D[Î“_christoffel[μ,ν,σ],x^ρ] - D[Î“_christoffel[μ,ρ,σ],x^ν] +"", ""rescueClass"" -> ""hard_fragment""|>]","R_μνρσ = D[Î“_christoffel[μ,ν,σ],x^ρ] - D[Î“_christoffel[μ,ρ,σ],x^ν] +"
ID11230,Phone2 CMBEmergenceTheorem — Sum Christoffel Μ Ν Λ Christoffel Λ Ρ Σ Λ 0 3 -,wolfram_gold_anchor_symbolic_carrier_verified,fallback carrier parsed under HoldComplete,equation_candidate,"Phone2EquationCarrier[""ID11230"", <|""canonical"" -> ""Sum[Î“_christoffel[μ,ν,λ]*Î“_christoffel[λ,ρ,σ], {λ,0,3}] -"", ""rescueClass"" -> ""equation_candidate""|>]","Sum[Î“_christoffel[μ,ν,λ]*Î“_christoffel[λ,ρ,σ], {λ,0,3}] -"
ID11231,Phone2 CMBEmergenceTheorem — Sum Christoffel Μ Ρ Λ Christoffel Λ Ν Σ Λ 0 3,wolfram_gold_anchor_symbolic_carrier_verified,fallback carrier parsed under HoldComplete,equation_candidate,"Phone2EquationCarrier[""ID11231"", <|""canonical"" -> ""Sum[Î“_christoffel[μ,ρ,λ]*Î“_christoffel[λ,ν,σ], {λ,0,3}];"", ""rescueClass"" -> ""equation_candidate""|>]","Sum[Î“_christoffel[μ,ρ,λ]*Î“_christoffel[λ,ν,σ], {λ,0,3}];"
ID11232,Phone2 CMBEmergenceTheorem — C Μνρσ R Μνρσ - 1/2 G Μρ R Νσ - G Μσ R Νρ + G Νσ R Μρ,wolfram_gold_anchor_fragment_carrier_verified,primary candidate parsed under HoldComplete,fragment_carrier,"Phone2EquationCarrier[""ID11232"", <|""canonical"" -> ""C_μνρσ = R_μνρσ - (1/2)*(g_μρ*R_νσ - g_μσ*R_νρ + g_νσ*R_μρ - g_νρ*R_μσ) +"", ""rescueClass"" -> ""hard_fragment""|>]",C_μνρσ = R_μνρσ - (1/2)*(g_μρ*R_νσ - g_μσ*R_νρ + g_νσ*R_μρ - g_νρ*R_μσ) +
ID11233,Phone2 CMBEmergenceTheorem — Tidal Module E Ij Separation Vector,wolfram_gold_anchor_fragment_carrier_verified,primary candidate parsed under HoldComplete,fragment_carrier,"Phone2EquationCarrier[""ID11233"", <|""canonical"" -> ""ℋ_tidal = Module[{E_ij, separation_vector},"", ""rescueClass"" -> ""hard_fragment""|>]","ℋ_tidal = Module[{E_ij, separation_vector},"
ID11234,Phone2 CMBEmergenceTheorem — E Ij R 0I0J,wolfram_gold_anchor_equation_parse_verified,primary candidate parsed under HoldComplete,equation_candidate,Eij == R0i0j,E_ij = R_0i0j
ID11235,Phone2 CMBEmergenceTheorem — Separation Vector R - R Tzp,wolfram_gold_anchor_equation_parse_verified,primary candidate parsed under HoldComplete,equation_candidate,separationvector == r - rTZP,separation_vector = r - r_TZP
ID11236,Phone2 CMBEmergenceTheorem — 1/2 Sum,wolfram_gold_anchor_fragment_carrier_verified,primary candidate parsed under HoldComplete,fragment_carrier,"Phone2EquationCarrier[""ID11236"", <|""canonical"" -> ""(1/2) * Sum["", ""rescueClass"" -> ""hard_fragment""|>]",(1/2) * Sum[
ID11237,Phone2 CMBEmergenceTheorem — Frame Dragging Module J Angular B Gravmag,wolfram_gold_anchor_fragment_carrier_verified,primary candidate parsed under HoldComplete,fragment_carrier,"Phone2EquationCarrier[""ID11237"", <|""canonical"" -> ""ℋ_frame_dragging = Module[{J_angular, B_gravmag},"", ""rescueClass"" -> ""hard_fragment""|>]","ℋ_frame_dragging = Module[{J_angular, B_gravmag},"
ID11238,Phone2 CMBEmergenceTheorem — J Angular Angularmomentum Celestialbody Earth,wolfram_gold_anchor_equation_parse_verified,primary candidate parsed under HoldComplete,equation_candidate,"Jangular == AngularMomentum[CelestialBody[""Earth""]]","J_angular = AngularMomentum[CelestialBody[""Earth""]]"
ID11239,Phone2 CMBEmergenceTheorem — B Gravmag G Newton/ C 2,wolfram_gold_anchor_symbolic_carrier_verified,fallback carrier parsed under HoldComplete,equation_candidate,"Phone2EquationCarrier[""ID11239"", <|""canonical"" -> ""B_gravmag = (G_Newton/(c^2)) * ("", ""rescueClass"" -> ""equation_candidate""|>]",B_gravmag = (G_Newton/(c^2)) * (
ID11240,Phone2 CMBEmergenceTheorem — Convergencemechanism Functor,wolfram_gold_anchor_fragment_carrier_verified,primary candidate parsed under HoldComplete,fragment_carrier,"Phone2EquationCarrier[""ID11240"", <|""canonical"" -> ""]ConvergenceMechanism = Functor["", ""rescueClass"" -> ""hard_fragment""|>]",]ConvergenceMechanism = Functor[
ID11241,Phone2 CMBEmergenceTheorem — Topologicalunificationvalidation Trawin Module,wolfram_gold_anchor_fragment_carrier_verified,primary candidate parsed under HoldComplete,fragment_carrier,"Phone2EquationCarrier[""ID11241"", <|""canonical"" -> ""]TopologicalUnificationValidation[ℋ_Trawin] := Module["", ""rescueClass"" -> ""hard_fragment""|>]",]TopologicalUnificationValidation[ℋ_Trawin] := Module[
ID11242,Phone2 CMBEmergenceTheorem — Universality Module,wolfram_gold_anchor_fragment_carrier_verified,primary candidate parsed under HoldComplete,fragment_carrier,"Phone2EquationCarrier[""ID11242"", <|""canonical"" -> ""𝕋Œ_universality = Module["", ""rescueClass"" -> ""hard_fragment""|>]",𝕋Œ_universality = Module[
ID11243,Phone2 CMBEmergenceTheorem — Limit Manifolds Association,wolfram_gold_anchor_fragment_carrier_verified,primary candidate parsed under HoldComplete,fragment_carrier,"Phone2EquationCarrier[""ID11243"", <|""canonical"" -> ""limit_manifolds = Association["", ""rescueClass"" -> ""hard_fragment""|>]",limit_manifolds = Association[
ID11244,Phone2 CMBEmergenceTheorem — Lowenergy - Limit,wolfram_gold_anchor_fragment_carrier_verified,primary candidate parsed under HoldComplete,fragment_carrier,"Phone2EquationCarrier[""ID11244"", <|""canonical"" -> ""LowEnergy -> Limit["", ""rescueClass"" -> ""hard_fragment""|>]",LowEnergy -> Limit[
ID11245,Phone2 CMBEmergenceTheorem — Standardmodel Su 3 Su 2 U 1,wolfram_gold_anchor_fragment_carrier_verified,primary candidate parsed under HoldComplete,fragment_carrier,"Phone2EquationCarrier[""ID11245"", <|""canonical"" -> ""] == StandardModel[SU(3)×SU(2)×U(1)],"", ""rescueClass"" -> ""hard_fragment""|>]","] == StandardModel[SU(3)×SU(2)×U(1)],"
ID11246,Phone2 CMBEmergenceTheorem — Classical - Limit,wolfram_gold_anchor_fragment_carrier_verified,primary candidate parsed under HoldComplete,fragment_carrier,"Phone2EquationCarrier[""ID11246"", <|""canonical"" -> ""Classical -> Limit["", ""rescueClass"" -> ""hard_fragment""|>]",Classical -> Limit[
ID11247,Phone2 CMBEmergenceTheorem — Einsteinhilbert R - 2Λ + Maxwell F Μν,wolfram_gold_anchor_fragment_carrier_verified,primary candidate parsed under HoldComplete,fragment_carrier,"Phone2EquationCarrier[""ID11247"", <|""canonical"" -> ""] == EinsteinHilbert[R - 2Λ] + Maxwell[F_μν],"", ""rescueClass"" -> ""hard_fragment""|>]","] == EinsteinHilbert[R - 2Λ] + Maxwell[F_μν],"
ID11248,Phone2 CMBEmergenceTheorem — Planck - Limit,wolfram_gold_anchor_fragment_carrier_verified,primary candidate parsed under HoldComplete,fragment_carrier,"Phone2EquationCarrier[""ID11248"", <|""canonical"" -> ""Planck -> Limit["", ""rescueClass"" -> ""hard_fragment""|>]",Planck -> Limit[
ID11249,Phone2 CMBEmergenceTheorem — Stringtheory Calabi Yau Dim Compact 6,wolfram_gold_anchor_symbolic_carrier_verified,fallback carrier parsed under HoldComplete,equation_candidate,"Phone2EquationCarrier[""ID11249"", <|""canonical"" -> ""] ∈ StringTheory[Calabi_Yau, dim_compact = 6]"", ""rescueClass"" -> ""equation_candidate""|>]","] ∈ StringTheory[Calabi_Yau, dim_compact = 6]"
ID11250,Phone2 CMBEmergenceTheorem — Gauge Recovery Module Broken Symmetry Restoration,wolfram_gold_anchor_fragment_carrier_verified,primary candidate parsed under HoldComplete,fragment_carrier,"Phone2EquationCarrier[""ID11250"", <|""canonical"" -> ""gauge_recovery = Module[{broken_symmetry, restoration},"", ""rescueClass"" -> ""hard_fragment""|>]","gauge_recovery = Module[{broken_symmetry, restoration},"
ID11251,Phone2 CMBEmergenceTheorem — Broken Symmetry Symmetrygroup Trawin R R Tzp,wolfram_gold_anchor_equation_parse_verified,primary candidate parsed under HoldComplete,equation_candidate,brokensymmetry == SymmetryGroup[ℋ_Trawin] @ r ≠ rTZP,broken_symmetry = SymmetryGroup[ℋ_Trawin] @ r ≠ r_TZP
ID11252,Phone2 CMBEmergenceTheorem — Restoration Symmetrygroup Trawin R R Tzp,wolfram_gold_anchor_equation_parse_verified,primary candidate parsed under HoldComplete,equation_candidate,restoration == SymmetryGroup[ℋ_Trawin] @ r = rTZP,restoration = SymmetryGroup[ℋ_Trawin] @ r = r_TZP
ID11253,Phone2 CMBEmergenceTheorem — Kernel - Π Tzp,wolfram_gold_anchor_equation_parse_verified,primary candidate parsed under HoldComplete,equation_candidate,Kernel -> Piâ‚(ℳ {TZP}) ==… ℤ * ℤ,Kernel -> πâ‚(ℳ \ {TZP}) ≈… ℤ × ℤ
ID11254,Phone2 CMBEmergenceTheorem — Dimensional Flow Ricciflow,wolfram_gold_anchor_fragment_carrier_verified,primary candidate parsed under HoldComplete,fragment_carrier,"Phone2EquationCarrier[""ID11254"", <|""canonical"" -> ""dimensional_flow = RicciFlow["", ""rescueClass"" -> ""hard_fragment""|>]",dimensional_flow = RicciFlow[
ID11255,Phone2 CMBEmergenceTheorem — G Μν T G Μν 0 - 2 R Μν T,wolfram_gold_anchor_fragment_carrier_verified,primary candidate parsed under HoldComplete,fragment_carrier,"Phone2EquationCarrier[""ID11255"", <|""canonical"" -> ""g_μν[t] = g_μν[0] - 2*R_μν*t,"", ""rescueClass"" -> ""hard_fragment""|>]","g_μν[t] = g_μν[0] - 2*R_μν*t,"
ID11256,Phone2 CMBEmergenceTheorem — Constraint - Det G Tzp 0,wolfram_gold_anchor_fragment_carrier_verified,primary candidate parsed under HoldComplete,fragment_carrier,"Phone2EquationCarrier[""ID11256"", <|""canonical"" -> ""Constraint -> Det[g] @ TZP = 0,"", ""rescueClass"" -> ""hard_fragment""|>]","Constraint -> Det[g] @ TZP = 0,"
ID11257,Phone2 CMBEmergenceTheorem — Correspondence Module,wolfram_gold_anchor_fragment_carrier_verified,primary candidate parsed under HoldComplete,fragment_carrier,"Phone2EquationCarrier[""ID11257"", <|""canonical"" -> ""ℂ_correspondence = Module["", ""rescueClass"" -> ""hard_fragment""|>]",ℂ_correspondence = Module[
ID11258,Phone2 CMBEmergenceTheorem — Observable Duality Bialgebraicstructure,wolfram_gold_anchor_fragment_carrier_verified,primary candidate parsed under HoldComplete,fragment_carrier,"Phone2EquationCarrier[""ID11258"", <|""canonical"" -> ""observable_duality = BialgebraicStructure["", ""rescueClass"" -> ""hard_fragment""|>]",observable_duality = BialgebraicStructure[
ID11259,Phone2 CMBEmergenceTheorem — Coproduct - Module Splitting,wolfram_gold_anchor_fragment_carrier_verified,primary candidate parsed under HoldComplete,fragment_carrier,"Phone2EquationCarrier[""ID11259"", <|""canonical"" -> ""CoProduct[Î”: ℋ -> ℋ ⊗ ℋ] = Module[{splitting},"", ""rescueClass"" -> ""hard_fragment""|>]","CoProduct[Î”: ℋ -> ℋ ⊗ ℋ] = Module[{splitting},"
ID11260,Phone2 CMBEmergenceTheorem — Splitting Vertexoperatoralgebra,wolfram_gold_anchor_fragment_carrier_verified,primary candidate parsed under HoldComplete,fragment_carrier,"Phone2EquationCarrier[""ID11260"", <|""canonical"" -> ""splitting = VertexOperatorAlgebra["", ""rescueClass"" -> ""hard_fragment""|>]",splitting = VertexOperatorAlgebra[
ID11261,Phone2 CMBEmergenceTheorem — Central Charge - C 26 - D Critical,wolfram_gold_anchor_fragment_carrier_verified,primary candidate parsed under HoldComplete,fragment_carrier,"Phone2EquationCarrier[""ID11261"", <|""canonical"" -> ""Central_Charge -> c = 26 - D_critical,"", ""rescueClass"" -> ""hard_fragment""|>]","Central_Charge -> c = 26 - D_critical,"
ID11262,Phone2 CMBEmergenceTheorem — Highest Weight - H -1 /4,wolfram_gold_anchor_symbolic_carrier_verified,fallback carrier parsed under HoldComplete,equation_candidate,"Phone2EquationCarrier[""ID11262"", <|""canonical"" -> ""Highest_Weight -> h = Î”(Î”-1)/4"", ""rescueClass"" -> ""equation_candidate""|>]",Highest_Weight -> h = Î”(Î”-1)/4
ID11263,Phone2 CMBEmergenceTheorem — Counit Ε - Tr Ρ Vacuum,wolfram_gold_anchor_fragment_carrier_verified,primary candidate parsed under HoldComplete,fragment_carrier,"Phone2EquationCarrier[""ID11263"", <|""canonical"" -> ""CoUnit[ε: ℋ -> ℂ] = Tr[ρ_vacuum * â€¢],"", ""rescueClass"" -> ""hard_fragment""|>]","CoUnit[ε: ℋ -> ℂ] = Tr[ρ_vacuum * â€¢],"
ID11264,Phone2 CMBEmergenceTheorem — Antipode S - Timereversal Chargeconjugation,wolfram_gold_anchor_equation_parse_verified,primary candidate parsed under HoldComplete,equation_candidate,Antipode[S: ℋ -> ℋ] == TimeReversal âˆ˜ ChargeConjugation,Antipode[S: ℋ -> ℋ] = TimeReversal âˆ˜ ChargeConjugation
ID11265,Phone2 CMBEmergenceTheorem — Experimental Map Functorialcorrespondence,wolfram_gold_anchor_fragment_carrier_verified,primary candidate parsed under HoldComplete,fragment_carrier,"Phone2EquationCarrier[""ID11265"", <|""canonical"" -> ""experimental_map = FunctorialCorrespondence["", ""rescueClass"" -> ""hard_fragment""|>]",experimental_map = FunctorialCorrespondence[
ID11266,Phone2 CMBEmergenceTheorem — Vacuumenergydensity - 0 Tzp 0 Ρ Critical C,wolfram_gold_anchor_fragment_carrier_verified,primary candidate parsed under HoldComplete,fragment_carrier,"Phone2EquationCarrier[""ID11266"", <|""canonical"" -> ""VacuumEnergyDensity -> ⟨0|ℋ_TZP|0⟩ = ρ_critical*c²,"", ""rescueClass"" -> ""hard_fragment""|>]","VacuumEnergyDensity -> ⟨0|ℋ_TZP|0⟩ = ρ_critical*c²,"
ID11267,Phone2 CMBEmergenceTheorem — Coherencelength - Ξ / M Eff C 1-V /C,wolfram_gold_anchor_fragment_carrier_verified,primary candidate parsed under HoldComplete,fragment_carrier,"Phone2EquationCarrier[""ID11267"", <|""canonical"" -> ""CoherenceLength -> ξ = ℏ/(m_eff*c*âˆš(1-v²/c²)),"", ""rescueClass"" -> ""hard_fragment""|>]","CoherenceLength -> ξ = ℏ/(m_eff*c*âˆš(1-v²/c²)),"
ID11268,Phone2 CMBEmergenceTheorem — Fluxquantization - A Dl N H/E,wolfram_gold_anchor_fragment_carrier_verified,primary candidate parsed under HoldComplete,fragment_carrier,"Phone2EquationCarrier[""ID11268"", <|""canonical"" -> ""FluxQuantization -> âˆ® AÂ·dl = n*h/e,"", ""rescueClass"" -> ""hard_fragment""|>]","FluxQuantization -> âˆ® AÂ·dl = n*h/e,"
ID11269,Phone2 CMBEmergenceTheorem — Berryphase - Γ C R Dr Π,wolfram_gold_anchor_equation_parse_verified,primary candidate parsed under HoldComplete,equation_candidate,BerryPhase -> γ == âˆ®_C ⟨Ïˆ|∇_R|Ïˆ⟩Â*dR = Pi,BerryPhase -> γ = âˆ®_C ⟨Ïˆ|∇_R|Ïˆ⟩Â·dR = π
ID11270,Phone2 CMBEmergenceTheorem — Energyextraction - P Out C /G 1/2 F Topology,wolfram_gold_anchor_fragment_carrier_verified,primary candidate parsed under HoldComplete,fragment_carrier,"Phone2EquationCarrier[""ID11270"", <|""canonical"" -> ""EnergyExtraction -> P_out = (ℏ*câµ/G)^(1/2) * f[topology],"", ""rescueClass"" -> ""hard_fragment""|>]","EnergyExtraction -> P_out = (ℏ*câµ/G)^(1/2) * f[topology],"
ID11271,Phone2 CMBEmergenceTheorem — Dimensionalsignature - Hausdorff Tzp 2 Ε Quantum,wolfram_gold_anchor_fragment_carrier_verified,primary candidate parsed under HoldComplete,fragment_carrier,"Phone2EquationCarrier[""ID11271"", <|""canonical"" -> ""DimensionalSignature -> Hausdorff[ℳ @ TZP] = 2 ± ε_quantum,"", ""rescueClass"" -> ""hard_fragment""|>]","DimensionalSignature -> Hausdorff[ℳ @ TZP] = 2 ± ε_quantum,"
ID11272,Phone2 CMBEmergenceTheorem — Vortexfrequency - Tzp 432 2 N Hz N,wolfram_gold_anchor_symbolic_carrier_verified,fallback carrier parsed under HoldComplete,equation_candidate,"Phone2EquationCarrier[""ID11272"", <|""canonical"" -> ""VortexFrequency -> Ï‰_TZP = 432*2^n Hz, n ∈ ℤ"", ""rescueClass"" -> ""equation_candidate""|>]","VortexFrequency -> Ï‰_TZP = 432*2^n Hz, n ∈ ℤ"
ID11273,Phone2 CMBEmergenceTheorem — Phenomenology Effectivefieldtheory,wolfram_gold_anchor_fragment_carrier_verified,primary candidate parsed under HoldComplete,fragment_carrier,"Phone2EquationCarrier[""ID11273"", <|""canonical"" -> ""phenomenology = EffectiveFieldTheory["", ""rescueClass"" -> ""hard_fragment""|>]",phenomenology = EffectiveFieldTheory[
ID11274,Phone2 CMBEmergenceTheorem — Lagrangian - Eff D X G,wolfram_gold_anchor_fragment_carrier_verified,primary candidate parsed under HoldComplete,fragment_carrier,"Phone2EquationCarrier[""ID11274"", <|""canonical"" -> ""Lagrangian -> ℒ_eff = ∫ dâ´x âˆš|g| * ["", ""rescueClass"" -> ""hard_fragment""|>]",Lagrangian -> ℒ_eff = ∫ dâ´x âˆš|g| * [
ID11275,Phone2 CMBEmergenceTheorem — Wilsoncoefficients - C I F I E/E Tzp,wolfram_gold_anchor_fragment_carrier_verified,primary candidate parsed under HoldComplete,fragment_carrier,"Phone2EquationCarrier[""ID11275"", <|""canonical"" -> ""WilsonCoefficients -> {c_i = f_i[E/E_TZP]},"", ""rescueClass"" -> ""hard_fragment""|>]","WilsonCoefficients -> {c_i = f_i[E/E_TZP]},"
ID11276,Phone2 CMBEmergenceTheorem — Matchingcondition - Μ T Μν J Tzp Ν,wolfram_gold_anchor_equation_parse_verified,primary candidate parsed under HoldComplete,equation_candidate,MatchingCondition -> dmu⟨T^munu⟩ == JTZP^nu,MatchingCondition -> ∂_μ⟨T^μν⟩ = J_TZP^ν
ID11277,Phone2 CMBEmergenceTheorem — Verification Module,wolfram_gold_anchor_fragment_carrier_verified,primary candidate parsed under HoldComplete,fragment_carrier,"Phone2EquationCarrier[""ID11277"", <|""canonical"" -> ""𝕋_verification = Module["", ""rescueClass"" -> ""hard_fragment""|>]",𝕋_verification = Module[
ID11278,Phone2 CMBEmergenceTheorem — Consistency Checks And,wolfram_gold_anchor_fragment_carrier_verified,primary candidate parsed under HoldComplete,fragment_carrier,"Phone2EquationCarrier[""ID11278"", <|""canonical"" -> ""consistency_checks = And["", ""rescueClass"" -> ""hard_fragment""|>]",consistency_checks = And[
ID11279,Phone2 CMBEmergenceTheorem — Wardidentity Μ J Μ 0 R R Tzp,wolfram_gold_anchor_fragment_carrier_verified,primary candidate parsed under HoldComplete,fragment_carrier,"Phone2EquationCarrier[""ID11279"", <|""canonical"" -> ""WardIdentity[∂_μ J^μ = 0] @ (r ≠ r_TZP),"", ""rescueClass"" -> ""hard_fragment""|>]","WardIdentity[∂_μ J^μ = 0] @ (r ≠ r_TZP),"
ID11280,Phone2 CMBEmergenceTheorem — Anomaly Cancellation Module Triangle Gravitational Mix,wolfram_gold_anchor_fragment_carrier_verified,primary candidate parsed under HoldComplete,fragment_carrier,"Phone2EquationCarrier[""ID11280"", <|""canonical"" -> ""anomaly_cancellation = Module[{triangle, gravitational, mixed},"", ""rescueClass"" -> ""hard_fragment""|>]","anomaly_cancellation = Module[{triangle, gravitational, mixed},"
ID11281,Phone2 CMBEmergenceTheorem — Triangle Tr T A T B T C + Cyclic 0,wolfram_gold_anchor_equation_parse_verified,primary candidate parsed under HoldComplete,equation_candidate,"triangle == Tr[{T^a, T^b}T^c] + cyclic = 0","triangle = Tr[{T^a, T^b}T^c] + cyclic = 0"
ID11282,Phone2 CMBEmergenceTheorem — Gravitational Tr T A 0,wolfram_gold_anchor_equation_parse_verified,primary candidate parsed under HoldComplete,equation_candidate,gravitational == Tr[T^a] = 0,gravitational = Tr[T^a] = 0
ID11283,Phone2 CMBEmergenceTheorem — Mixed Fermions Charges 0,wolfram_gold_anchor_equation_parse_verified,primary candidate parsed under HoldComplete,equation_candidate,mixed == Sumfermions (charges) = 0,mixed = ∑_fermions (charges) = 0
ID11284,Phone2 CMBEmergenceTheorem — Mechanism - Modifiedbianchi Dh Tr F F - Tr R R,wolfram_gold_anchor_fragment_carrier_verified,primary candidate parsed under HoldComplete,fragment_carrier,"Phone2EquationCarrier[""ID11284"", <|""canonical"" -> ""Mechanism -> ModifiedBianchi[dH = Tr(F∧F) - Tr(R∧R)],"", ""rescueClass"" -> ""hard_fragment""|>]","Mechanism -> ModifiedBianchi[dH = Tr(F∧F) - Tr(R∧R)],"
ID11285,Phone2 CMBEmergenceTheorem — Unitarity Bounds Module S Matrix Optical Theorem,wolfram_gold_anchor_fragment_carrier_verified,primary candidate parsed under HoldComplete,fragment_carrier,"Phone2EquationCarrier[""ID11285"", <|""canonical"" -> ""unitarity_bounds = Module[{S_matrix, optical_theorem},"", ""rescueClass"" -> ""hard_fragment""|>]","unitarity_bounds = Module[{S_matrix, optical_theorem},"
ID11286,Phone2 CMBEmergenceTheorem — S Matrix Exp -I Trawin Dt/,wolfram_gold_anchor_equation_parse_verified,primary candidate parsed under HoldComplete,equation_candidate,Smatrix == 𝕋‹exp[-iIntegrateℋ_Trawin dt/ℏ],S_matrix = 𝕋‹exp[-i∫ℋ_Trawin dt/ℏ]
ID11287,Phone2 CMBEmergenceTheorem — Optical Theorem 2 Im T S T 0 N T S- N,wolfram_gold_anchor_symbolic_carrier_verified,fallback carrier parsed under HoldComplete,equation_candidate,"Phone2EquationCarrier[""ID11287"", <|""canonical"" -> ""optical_theorem = 2*Im[T(s,t=0)] = ∑_n |T(s->n)|²"", ""rescueClass"" -> ""equation_candidate""|>]","optical_theorem = 2*Im[T(s,t=0)] = ∑_n |T(s->n)|²"
ID11288,Phone2 CMBEmergenceTheorem — Positivity Im T S 1 Cpt S S,wolfram_gold_anchor_symbolic_carrier_verified,fallback carrier parsed under HoldComplete,equation_candidate,"Phone2EquationCarrier[""ID11288"", <|""canonical"" -> ""Positivity[Im[T]] ∧ |S|² ≈¤ 1 ∧ CPT[S*Sâ€ = ðŸ™]"", ""rescueClass"" -> ""equation_candidate""|>]",Positivity[Im[T]] ∧ |S|² ≈¤ 1 ∧ CPT[S*Sâ€ = ðŸ™]
ID11289,Phone2 CMBEmergenceTheorem — Predictive Module,wolfram_gold_anchor_fragment_carrier_verified,primary candidate parsed under HoldComplete,fragment_carrier,"Phone2EquationCarrier[""ID11289"", <|""canonical"" -> ""â„™_predictive = Module["", ""rescueClass"" -> ""hard_fragment""|>]",â„™_predictive = Module[
ID11290,Phone2 CMBEmergenceTheorem — Critical Experiments Dataset,wolfram_gold_anchor_symbolic_carrier_verified,fallback carrier parsed under HoldComplete,equation_candidate,"Phone2EquationCarrier[""ID11290"", <|""canonical"" -> ""critical_experiments = Dataset[{"", ""rescueClass"" -> ""equation_candidate""|>]",critical_experiments = Dataset[{
ID11291,Phone2 CMBEmergenceTheorem — Falsifiable Claims,wolfram_gold_anchor_equation_parse_verified,primary candidate parsed under HoldComplete,equation_candidate,falsifiableclaims == {},falsifiable_claims = {
ID11292,Phone2 CMBEmergenceTheorem — R Tzp Det Jacobian 0,wolfram_gold_anchor_fragment_carrier_verified,primary candidate parsed under HoldComplete,fragment_carrier,"Phone2EquationCarrier[""ID11292"", <|""canonical"" -> ""r_TZP : Det[Jacobian] = 0,"", ""rescueClass"" -> ""hard_fragment""|>]","r_TZP : Det[Jacobian] = 0,"
ID11293,Phone2 CMBEmergenceTheorem — Berryphase Loop Tzp Π Odd Integer,wolfram_gold_anchor_fragment_carrier_verified,primary candidate parsed under HoldComplete,fragment_carrier,"Phone2EquationCarrier[""ID11293"", <|""canonical"" -> ""BerryPhase[Loop[TZP]] = π*(odd_integer),"", ""rescueClass"" -> ""hard_fragment""|>]","BerryPhase[Loop[TZP]] = π*(odd_integer),"
ID11294,Phone2 CMBEmergenceTheorem — Lim R- R Tzp Dimension 2,wolfram_gold_anchor_equation_parse_verified,primary candidate parsed under HoldComplete,equation_candidate,lim[r->rTZP] Dimension[ℳ] == 2,lim[r->r_TZP] Dimension[ℳ] = 2
ID11295,Phone2 CMBEmergenceTheorem — Validation Hierarchy Bayesiannetwork,wolfram_gold_anchor_fragment_carrier_verified,primary candidate parsed under HoldComplete,fragment_carrier,"Phone2EquationCarrier[""ID11295"", <|""canonical"" -> ""validation_hierarchy = BayesianNetwork["", ""rescueClass"" -> ""hard_fragment""|>]",validation_hierarchy = BayesianNetwork[
ID11296,Phone2 CMBEmergenceTheorem — Prior Trawin Correct Ε Theoretical,wolfram_gold_anchor_fragment_carrier_verified,primary candidate parsed under HoldComplete,fragment_carrier,"Phone2EquationCarrier[""ID11296"", <|""canonical"" -> ""Prior[ℋ_Trawin correct] = ε_theoretical,"", ""rescueClass"" -> ""hard_fragment""|>]","Prior[ℋ_Trawin correct] = ε_theoretical,"
ID11297,Phone2 CMBEmergenceTheorem — Likelihood Data Trawin I P Measurement I Theory,wolfram_gold_anchor_fragment_carrier_verified,primary candidate parsed under HoldComplete,fragment_carrier,"Phone2EquationCarrier[""ID11297"", <|""canonical"" -> ""Likelihood[Data | ℋ_Trawin] = âˆ_i P(measurement_i | theory),"", ""rescueClass"" -> ""hard_fragment""|>]","Likelihood[Data | ℋ_Trawin] = âˆ_i P(measurement_i | theory),"
ID11298,Phone2 CMBEmergenceTheorem — Posterior Updatebelief Prior Evidence,wolfram_gold_anchor_fragment_carrier_verified,primary candidate parsed under HoldComplete,fragment_carrier,"Phone2EquationCarrier[""ID11298"", <|""canonical"" -> ""Posterior = UpdateBelief[Prior, Evidence],"", ""rescueClass"" -> ""hard_fragment""|>]","Posterior = UpdateBelief[Prior, Evidence],"
ID11299,Phone2 CMBEmergenceTheorem — Threshold 5Σ Significance,wolfram_gold_anchor_equation_parse_verified,primary candidate parsed under HoldComplete,equation_candidate,Threshold == 5σ significance,Threshold = 5σ significance
ID11300,Phone2 CMBEmergenceTheorem — Acceleratedevolutionoperator Module,wolfram_gold_anchor_fragment_carrier_verified,primary candidate parsed under HoldComplete,fragment_carrier,"Phone2EquationCarrier[""ID11300"", <|""canonical"" -> ""AcceleratedEvolutionOperator := Module["", ""rescueClass"" -> ""hard_fragment""|>]",AcceleratedEvolutionOperator := Module[
ID11301,Phone2 CMBEmergenceTheorem — Ω Mutation Categoryfunctor,wolfram_gold_anchor_fragment_carrier_verified,primary candidate parsed under HoldComplete,fragment_carrier,"Phone2EquationCarrier[""ID11301"", <|""canonical"" -> ""Ω_mutation = CategoryFunctor["", ""rescueClass"" -> ""hard_fragment""|>]",Ω_mutation = CategoryFunctor[
ID11302,Phone2 CMBEmergenceTheorem — Source Naturalmutationspace,wolfram_gold_anchor_fragment_carrier_verified,primary candidate parsed under HoldComplete,fragment_carrier,"Phone2EquationCarrier[""ID11302"", <|""canonical"" -> ""Source → NaturalMutationSpace["", ""rescueClass"" -> ""hard_fragment""|>]",Source → NaturalMutationSpace[
ID11303,Phone2 CMBEmergenceTheorem — Rate 10 -9 Per Base Per Generation,wolfram_gold_anchor_fragment_carrier_verified,primary candidate parsed under HoldComplete,fragment_carrier,"Phone2EquationCarrier[""ID11303"", <|""canonical"" -> ""Rate → 10^(-9) per_base_per_generation,"", ""rescueClass"" -> ""hard_fragment""|>]","Rate → 10^(-9) per_base_per_generation,"
ID11304,Phone2 CMBEmergenceTheorem — Distribution Poissonprocess Λ Ambient,wolfram_gold_anchor_equation_parse_verified,primary candidate parsed under HoldComplete,equation_candidate,Distribution -> PoissonProcess[lambdaambient],Distribution → PoissonProcess[λ_ambient]
ID11305,Phone2 CMBEmergenceTheorem — Target Directedmutationmanifold,wolfram_gold_anchor_fragment_carrier_verified,primary candidate parsed under HoldComplete,fragment_carrier,"Phone2EquationCarrier[""ID11305"", <|""canonical"" -> ""Target → DirectedMutationManifold["", ""rescueClass"" -> ""hard_fragment""|>]",Target → DirectedMutationManifold[
ID11306,Phone2 CMBEmergenceTheorem — Rate 10 -3 Per Base Per Generation 10 6 Fold Accelerat,wolfram_gold_anchor_equation_parse_verified,primary candidate parsed under HoldComplete,equation_candidate,Rate -> 10^(-3) per_base_per_generation,"Rate → 10^(-3) per_base_per_generation, (* 10^6 fold acceleration *)"
ID11307,Phone2 CMBEmergenceTheorem — Distribution Quantumjumpprocess,wolfram_gold_anchor_fragment_carrier_verified,primary candidate parsed under HoldComplete,fragment_carrier,"Phone2EquationCarrier[""ID11307"", <|""canonical"" -> ""Distribution → QuantumJumpProcess["", ""rescueClass"" -> ""hard_fragment""|>]",Distribution → QuantumJumpProcess[
ID11308,Phone2 CMBEmergenceTheorem — Generator -I -1 H Tzpqvt + Lindbladian L K,wolfram_gold_anchor_fragment_carrier_verified,primary candidate parsed under HoldComplete,fragment_carrier,"Phone2EquationCarrier[""ID11308"", <|""canonical"" -> ""Generator := -iℏ^(-1)[H_TZPQVT, â€¢] + Lindbladian[{L_k}],"", ""rescueClass"" -> ""hard_fragment""|>]","Generator := -iℏ^(-1)[H_TZPQVT, â€¢] + Lindbladian[{L_k}],"
ID11309,Phone2 CMBEmergenceTheorem — Jumpoperators,wolfram_gold_anchor_equation_parse_verified,primary candidate parsed under HoldComplete,equation_candidate,JumpOperators := {},JumpOperators := {
ID11310,Phone2 CMBEmergenceTheorem — L Adenine Γ A A G Σ + Tzp,wolfram_gold_anchor_fragment_carrier_verified,primary candidate parsed under HoldComplete,fragment_carrier,"Phone2EquationCarrier[""ID11310"", <|""canonical"" -> ""L_adenine = âˆšγ_A |A⟩⟨G| ⊗ σ_+^{TZP},"", ""rescueClass"" -> ""hard_fragment""|>]","L_adenine = âˆšγ_A |A⟩⟨G| ⊗ σ_+^{TZP},"
ID11311,Phone2 CMBEmergenceTheorem — L Cytosine Γ C C T Σ - Tzp,wolfram_gold_anchor_fragment_carrier_verified,primary candidate parsed under HoldComplete,fragment_carrier,"Phone2EquationCarrier[""ID11311"", <|""canonical"" -> ""L_cytosine = âˆšγ_C |C⟩⟨T| ⊗ σ_-^{TZP},"", ""rescueClass"" -> ""hard_fragment""|>]","L_cytosine = âˆšγ_C |C⟩⟨T| ⊗ σ_-^{TZP},"
ID11312,Phone2 CMBEmergenceTheorem — L Guanine Γ G G A Σ X Tzp,wolfram_gold_anchor_fragment_carrier_verified,primary candidate parsed under HoldComplete,fragment_carrier,"Phone2EquationCarrier[""ID11312"", <|""canonical"" -> ""L_guanine = âˆšγ_G |G⟩⟨A| ⊗ σ_x^{TZP},"", ""rescueClass"" -> ""hard_fragment""|>]","L_guanine = âˆšγ_G |G⟩⟨A| ⊗ σ_x^{TZP},"
ID11313,Phone2 CMBEmergenceTheorem — L Thymine Γ T T C Σ Y Tzp,wolfram_gold_anchor_equation_parse_verified,primary candidate parsed under HoldComplete,equation_candidate,Lthymine == âˆšγ_T |T⟩⟨C| CircleTimes σ_y^{TZP},L_thymine = âˆšγ_T |T⟩⟨C| ⊗ σ_y^{TZP}
ID11314,Phone2 CMBEmergenceTheorem — Controlmechanism Cymaticfieldmodulation,wolfram_gold_anchor_fragment_carrier_verified,primary candidate parsed under HoldComplete,fragment_carrier,"Phone2EquationCarrier[""ID11314"", <|""canonical"" -> ""ControlMechanism := CymaticFieldModulation["", ""rescueClass"" -> ""hard_fragment""|>]",ControlMechanism := CymaticFieldModulation[
ID11315,Phone2 CMBEmergenceTheorem — Frequencyspectrum Fouriertransform,wolfram_gold_anchor_fragment_carrier_verified,primary candidate parsed under HoldComplete,fragment_carrier,"Phone2EquationCarrier[""ID11315"", <|""canonical"" -> ""FrequencySpectrum → FourierTransform["", ""rescueClass"" -> ""hard_fragment""|>]",FrequencySpectrum → FourierTransform[
ID11316,Phone2 CMBEmergenceTheorem — N 1 153600 A N Besselj N K N R,wolfram_gold_anchor_fragment_carrier_verified,primary candidate parsed under HoldComplete,fragment_carrier,"Phone2EquationCarrier[""ID11316"", <|""canonical"" -> ""Î£_{n=1}^{153600} A_n × BesselJ[n, k_n r] ×"", ""rescueClass"" -> ""hard_fragment""|>]","Î£_{n=1}^{153600} A_n × BesselJ[n, k_n r] ×"
ID11317,Phone2 CMBEmergenceTheorem — Where Θ N Evolution Target,wolfram_gold_anchor_fragment_carrier_verified,primary candidate parsed under HoldComplete,fragment_carrier,"Phone2EquationCarrier[""ID11317"", <|""canonical"" -> ""Where: θ_n^{evolution_target} ="", ""rescueClass"" -> ""hard_fragment""|>]",Where: θ_n^{evolution_target} =
ID11318,Phone2 CMBEmergenceTheorem — Λ Selection Hyperbolicflowoperator,wolfram_gold_anchor_fragment_carrier_verified,primary candidate parsed under HoldComplete,fragment_carrier,"Phone2EquationCarrier[""ID11318"", <|""canonical"" -> ""Λ_selection = HyperbolicFlowOperator["", ""rescueClass"" -> ""hard_fragment""|>]",Λ_selection = HyperbolicFlowOperator[
ID11319,Phone2 CMBEmergenceTheorem — Hamiltonian H Selection I J J Ij T Σ I Z Σ J Z +,wolfram_gold_anchor_fragment_carrier_verified,primary candidate parsed under HoldComplete,fragment_carrier,"Phone2EquationCarrier[""ID11319"", <|""canonical"" -> ""Hamiltonian := H_selection = Î£_{i<j} J_{ij}(t) σ_i^z σ_j^z +"", ""rescueClass"" -> ""hard_fragment""|>]",Hamiltonian := H_selection = Î£_{i<j} J_{ij}(t) σ_i^z σ_j^z +
ID11320,Phone2 CMBEmergenceTheorem — Timeevolution Unitaryoperator,wolfram_gold_anchor_fragment_carrier_verified,primary candidate parsed under HoldComplete,fragment_carrier,"Phone2EquationCarrier[""ID11320"", <|""canonical"" -> ""TimeEvolution := UnitaryOperator["", ""rescueClass"" -> ""hard_fragment""|>]",TimeEvolution := UnitaryOperator[
ID11321,Phone2 CMBEmergenceTheorem — U T Pathordered Exp -I/ 0 T H Selection D,wolfram_gold_anchor_fragment_carrier_verified,primary candidate parsed under HoldComplete,fragment_carrier,"Phone2EquationCarrier[""ID11321"", <|""canonical"" -> ""U(t) = PathOrdered[Exp[-i/ℏ ∫_0^t H_selection(Ï„) dÏ„]],"", ""rescueClass"" -> ""hard_fragment""|>]","U(t) = PathOrdered[Exp[-i/ℏ ∫_0^t H_selection(Ï„) dÏ„]],"
ID11322,Phone2 CMBEmergenceTheorem — Optimizationfunctional Min,wolfram_gold_anchor_fragment_carrier_verified,primary candidate parsed under HoldComplete,fragment_carrier,"Phone2EquationCarrier[""ID11322"", <|""canonical"" -> ""OptimizationFunctional := Min["", ""rescueClass"" -> ""hard_fragment""|>]",OptimizationFunctional := Min[
ID11323,Phone2 CMBEmergenceTheorem — Subject To T Ρ -I/ H Selection Ρ + Ρ,wolfram_gold_anchor_equation_parse_verified,primary candidate parsed under HoldComplete,equation_candidate,"Subject to: dt rho == -i/ℏ [Hselection, rho] + MeasureDŸ[rho]","Subject to: ∂_t ρ = -i/ℏ [H_selection, ρ] + 𝒟Ÿ[ρ]"
ID11324,Phone2 CMBEmergenceTheorem — Convergenceacceleration Geometricflow,wolfram_gold_anchor_fragment_carrier_verified,primary candidate parsed under HoldComplete,fragment_carrier,"Phone2EquationCarrier[""ID11324"", <|""canonical"" -> ""ConvergenceAcceleration := GeometricFlow["", ""rescueClass"" -> ""hard_fragment""|>]",ConvergenceAcceleration := GeometricFlow[
ID11325,Phone2 CMBEmergenceTheorem — Meancurvature T X H N + Log Φ Fitness,wolfram_gold_anchor_symbolic_carrier_verified,fallback carrier parsed under HoldComplete,equation_candidate,"Phone2EquationCarrier[""ID11325"", <|""canonical"" -> ""MeanCurvature → ∂_t X = HÂ·N + ∇^âŠ¥ log(Φ_fitness)"", ""rescueClass"" -> ""equation_candidate""|>]",MeanCurvature → ∂_t X = HÂ·N + ∇^âŠ¥ log(Φ_fitness)
ID11326,Phone2 CMBEmergenceTheorem — Convergence Resurgenttransseries,wolfram_gold_anchor_fragment_carrier_verified,primary candidate parsed under HoldComplete,fragment_carrier,"Phone2EquationCarrier[""ID11326"", <|""canonical"" -> ""Îž_convergence = ResurgentTransSeries["", ""rescueClass"" -> ""hard_fragment""|>]",Îž_convergence = ResurgentTransSeries[
ID11327,Phone2 CMBEmergenceTheorem — Asymptoticexpansion Fitness N,wolfram_gold_anchor_symbolic_carrier_verified,fallback carrier parsed under HoldComplete,equation_candidate,"Phone2EquationCarrier[""ID11327"", <|""canonical"" -> ""AsymptoticExpansion := Fitness[n] ~"", ""rescueClass"" -> ""equation_candidate""|>]",AsymptoticExpansion := Fitness[n] ~
ID11328,Phone2 CMBEmergenceTheorem — Boreltransform Fitness Ξ,wolfram_gold_anchor_fragment_carrier_verified,primary candidate parsed under HoldComplete,fragment_carrier,"Phone2EquationCarrier[""ID11328"", <|""canonical"" -> ""BorelTransform := â„¬[Fitness](ξ) ="", ""rescueClass"" -> ""hard_fragment""|>]",BorelTransform := â„¬[Fitness](ξ) =
ID11329,Phone2 CMBEmergenceTheorem — Resurgentstructure Alienderivative,wolfram_gold_anchor_fragment_carrier_verified,primary candidate parsed under HoldComplete,fragment_carrier,"Phone2EquationCarrier[""ID11329"", <|""canonical"" -> ""ResurgentStructure := AlienDerivative["", ""rescueClass"" -> ""hard_fragment""|>]",ResurgentStructure := AlienDerivative[
ID11330,Phone2 CMBEmergenceTheorem — Fitness Ω Singular,wolfram_gold_anchor_symbolic_carrier_verified,fallback carrier parsed under HoldComplete,equation_candidate,"Phone2EquationCarrier[""ID11330"", <|""canonical"" -> ""Î”_Ï‰ â„¬[Fitness] = Î£_{Ï‰'∈Ω_singular}"", ""rescueClass"" -> ""equation_candidate""|>]",Î”_Ï‰ â„¬[Fitness] = Î£_{Ï‰'∈Ω_singular}
ID11331,Phone2 CMBEmergenceTheorem — S E - - /Ξ Fitness Ξ,wolfram_gold_anchor_fragment_carrier_verified,primary candidate parsed under HoldComplete,fragment_carrier,"Phone2EquationCarrier[""ID11331"", <|""canonical"" -> ""S_{Ï‰,Ï‰'} × e^{-(Ï‰-Ï‰')/ξ} × â„¬[Fitness]|_{ξ→Ï‰'},"", ""rescueClass"" -> ""hard_fragment""|>]","S_{Ï‰,Ï‰'} × e^{-(Ï‰-Ï‰')/ξ} × â„¬[Fitness]|_{ξ→Ï‰'},"
ID11332,Phone2 CMBEmergenceTheorem — Stokesautomorphism Θ,wolfram_gold_anchor_fragment_carrier_verified,primary candidate parsed under HoldComplete,fragment_carrier,"Phone2EquationCarrier[""ID11332"", <|""canonical"" -> ""StokesAutomorphism := 𝔔–_θ ="", ""rescueClass"" -> ""hard_fragment""|>]",StokesAutomorphism := 𝔔–_θ =
ID11333,Phone2 CMBEmergenceTheorem — Exp Ω Singular Θ Disc,wolfram_gold_anchor_symbolic_carrier_verified,fallback carrier parsed under HoldComplete,equation_candidate,"Phone2EquationCarrier[""ID11333"", <|""canonical"" -> ""Exp[Î£_{Ï‰∈Ω_singularâˆ©â„“_θ} Disc_Ï‰ × Î”_Ï‰]"", ""rescueClass"" -> ""equation_candidate""|>]",Exp[Î£_{Ï‰∈Ω_singularâˆ©â„“_θ} Disc_Ï‰ × Î”_Ï‰]
ID11334,Phone2 CMBEmergenceTheorem — Accelerationmechanism Module Optimal Path,wolfram_gold_anchor_fragment_carrier_verified,primary candidate parsed under HoldComplete,fragment_carrier,"Phone2EquationCarrier[""ID11334"", <|""canonical"" -> ""AccelerationMechanism := Module[{optimal_path},"", ""rescueClass"" -> ""hard_fragment""|>]","AccelerationMechanism := Module[{optimal_path},"
ID11335,Phone2 CMBEmergenceTheorem — Optimal Path Argmin,wolfram_gold_anchor_fragment_carrier_verified,primary candidate parsed under HoldComplete,fragment_carrier,"Phone2EquationCarrier[""ID11335"", <|""canonical"" -> ""optimal_path = ArgMin["", ""rescueClass"" -> ""hard_fragment""|>]",optimal_path = ArgMin[
ID11336,Phone2 CMBEmergenceTheorem — Actionfunctional Path L X T Dt,wolfram_gold_anchor_fragment_carrier_verified,primary candidate parsed under HoldComplete,fragment_carrier,"Phone2EquationCarrier[""ID11336"", <|""canonical"" -> ""ActionFunctional[path] = ∫ L[áº‹, x, t] dt,"", ""rescueClass"" -> ""hard_fragment""|>]","ActionFunctional[path] = ∫ L[áº‹, x, t] dt,"
ID11337,Phone2 CMBEmergenceTheorem — Over Path C 0 T Configurationspace,wolfram_gold_anchor_symbolic_carrier_verified,fallback carrier parsed under HoldComplete,equation_candidate,"Phone2EquationCarrier[""ID11337"", <|""canonical"" -> ""Over: {path ∈ C^∞([0,T], ConfigurationSpace)}"", ""rescueClass"" -> ""equation_candidate""|>]","Over: {path ∈ C^∞([0,T], ConfigurationSpace)}"
ID11338,Phone2 CMBEmergenceTheorem — From Localminimum Current Fitness,wolfram_gold_anchor_fragment_carrier_verified,primary candidate parsed under HoldComplete,fragment_carrier,"Phone2EquationCarrier[""ID11338"", <|""canonical"" -> ""From → LocalMinimum[current_fitness],"", ""rescueClass"" -> ""hard_fragment""|>]","From → LocalMinimum[current_fitness],"
ID11339,Phone2 CMBEmergenceTheorem — To Globalminimum Via Optimal Path,wolfram_gold_anchor_fragment_carrier_verified,primary candidate parsed under HoldComplete,fragment_carrier,"Phone2EquationCarrier[""ID11339"", <|""canonical"" -> ""To → GlobalMinimum[via: optimal_path],"", ""rescueClass"" -> ""hard_fragment""|>]","To → GlobalMinimum[via: optimal_path],"
ID11340,Phone2 CMBEmergenceTheorem — Rate Tunnel 0/2Π Exp -S Instanton/,wolfram_gold_anchor_symbolic_carrier_verified,fallback carrier parsed under HoldComplete,equation_candidate,"Phone2EquationCarrier[""ID11340"", <|""canonical"" -> ""Rate → Î“_tunnel = (Ï‰_0/2π) × Exp[-S_instanton/ℏ]"", ""rescueClass"" -> ""equation_candidate""|>]",Rate → Î“_tunnel = (Ï‰_0/2π) × Exp[-S_instanton/ℏ]
ID11341,Phone2 CMBEmergenceTheorem — Field Fieldcouplingtensor,wolfram_gold_anchor_fragment_carrier_verified,primary candidate parsed under HoldComplete,fragment_carrier,"Phone2EquationCarrier[""ID11341"", <|""canonical"" -> ""Î˜_field = FieldCouplingTensor["", ""rescueClass"" -> ""hard_fragment""|>]",Î˜_field = FieldCouplingTensor[
ID11342,Phone2 CMBEmergenceTheorem — Metrictensor G Μν Η Μν + H Μν Dna + H Μν Tzpqvt,wolfram_gold_anchor_fragment_carrier_verified,primary candidate parsed under HoldComplete,fragment_carrier,"Phone2EquationCarrier[""ID11342"", <|""canonical"" -> ""MetricTensor := g_μν = η_μν + h_μν^{DNA} + h_μν^{TZPQVT},"", ""rescueClass"" -> ""hard_fragment""|>]","MetricTensor := g_μν = η_μν + h_μν^{DNA} + h_μν^{TZPQVT},"
ID11343,Phone2 CMBEmergenceTheorem — Dnafieldtensor F Μν Dna Module A Μ Helix,wolfram_gold_anchor_fragment_carrier_verified,primary candidate parsed under HoldComplete,fragment_carrier,"Phone2EquationCarrier[""ID11343"", <|""canonical"" -> ""DNAFieldTensor := F_μν^{DNA} = Module[{A_μ^{helix}},"", ""rescueClass"" -> ""hard_fragment""|>]","DNAFieldTensor := F_μν^{DNA} = Module[{A_μ^{helix}},"
ID11344,Phone2 CMBEmergenceTheorem — A Μ Helix E/C N 1 10 9 Q N,wolfram_gold_anchor_fragment_carrier_verified,primary candidate parsed under HoldComplete,fragment_carrier,"Phone2EquationCarrier[""ID11344"", <|""canonical"" -> ""A_μ^{helix} = (e/c) × Î£_{n=1}^{10^9} q_n ×"", ""rescueClass"" -> ""hard_fragment""|>]",A_μ^{helix} = (e/c) × Î£_{n=1}^{10^9} q_n ×
ID11345,Phone2 CMBEmergenceTheorem — Tzpqvtfieldtensor G Μνρσ,wolfram_gold_anchor_fragment_carrier_verified,primary candidate parsed under HoldComplete,fragment_carrier,"Phone2EquationCarrier[""ID11345"", <|""canonical"" -> ""TZPQVTFieldTensor := G_μνρσ ="", ""rescueClass"" -> ""hard_fragment""|>]",TZPQVTFieldTensor := G_μνρσ =
ID11346,Phone2 CMBEmergenceTheorem — Couplinglagrangian Interaction,wolfram_gold_anchor_fragment_carrier_verified,primary candidate parsed under HoldComplete,fragment_carrier,"Phone2EquationCarrier[""ID11346"", <|""canonical"" -> ""CouplingLagrangian := ℒ_interaction ="", ""rescueClass"" -> ""hard_fragment""|>]",CouplingLagrangian := ℒ_interaction =
ID11347,Phone2 CMBEmergenceTheorem — Initialdna Ψ 0,wolfram_gold_anchor_fragment_carrier_verified,primary candidate parsed under HoldComplete,fragment_carrier,"Phone2EquationCarrier[""ID11347"", <|""canonical"" -> ""InitialDNA → |Ψ_0⟩,"", ""rescueClass"" -> ""hard_fragment""|>]","InitialDNA → |Ψ_0⟩,"
ID11348,Phone2 CMBEmergenceTheorem — Targetphenotype Φ Target,wolfram_gold_anchor_fragment_carrier_verified,primary candidate parsed under HoldComplete,fragment_carrier,"Phone2EquationCarrier[""ID11348"", <|""canonical"" -> ""TargetPhenotype → Φ_target,"", ""rescueClass"" -> ""hard_fragment""|>]","TargetPhenotype → Φ_target,"
ID11349,Phone2 CMBEmergenceTheorem — Timehorizon T,wolfram_gold_anchor_equation_parse_verified,primary candidate parsed under HoldComplete,equation_candidate,TimeHorizon -> T,TimeHorizon → T
ID11350,Phone2 CMBEmergenceTheorem — Module,wolfram_gold_anchor_fragment_carrier_verified,primary candidate parsed under HoldComplete,fragment_carrier,"Phone2EquationCarrier[""ID11350"", <|""canonical"" -> ""] := Module["", ""rescueClass"" -> ""hard_fragment""|>]",] := Module[
ID11351,Phone2 CMBEmergenceTheorem — Trajectory 0 Blobbitencoding Ψ 0 153600,wolfram_gold_anchor_symbolic_carrier_verified,fallback carrier parsed under HoldComplete,equation_candidate,"Phone2EquationCarrier[""ID11351"", <|""canonical"" -> ""trajectory[0] = BlobBitEncoding[|Ψ_0⟩] ∈ ℂ^{153600}"", ""rescueClass"" -> ""equation_candidate""|>]",trajectory[0] = BlobBitEncoding[|Ψ_0⟩] ∈ ℂ^{153600}
ID11352,Phone2 CMBEmergenceTheorem — Control Sequence Pontryaginmaximumprinciple,wolfram_gold_anchor_fragment_carrier_verified,primary candidate parsed under HoldComplete,fragment_carrier,"Phone2EquationCarrier[""ID11352"", <|""canonical"" -> ""control_sequence = PontryaginMaximumPrinciple["", ""rescueClass"" -> ""hard_fragment""|>]",control_sequence = PontryaginMaximumPrinciple[
ID11353,Phone2 CMBEmergenceTheorem — Stateequation F X U T,wolfram_gold_anchor_fragment_carrier_verified,primary candidate parsed under HoldComplete,fragment_carrier,"Phone2EquationCarrier[""ID11353"", <|""canonical"" -> ""StateEquation → áº‹ = f[x, u, t],"", ""rescueClass"" -> ""hard_fragment""|>]","StateEquation → áº‹ = f[x, u, t],"
ID11354,Phone2 CMBEmergenceTheorem — Costfunctional 0 T L X U Dt + Φ X T,wolfram_gold_anchor_fragment_carrier_verified,primary candidate parsed under HoldComplete,fragment_carrier,"Phone2EquationCarrier[""ID11354"", <|""canonical"" -> ""CostFunctional → ∫_0^T L[x, u] dt + Φ[x(T)],"", ""rescueClass"" -> ""hard_fragment""|>]","CostFunctional → ∫_0^T L[x, u] dt + Φ[x(T)],"
ID11355,Phone2 CMBEmergenceTheorem — Constraints U U Admissible X Dna Space,wolfram_gold_anchor_equation_parse_verified,primary candidate parsed under HoldComplete,equation_candidate,"Constraints -> {u ∈ Uadmissible, x ∈ DNAspace}","Constraints → {u ∈ U_admissible, x ∈ DNA_space}"
ID11356,Phone2 CMBEmergenceTheorem — Frequency Control Sequence T Frequency,wolfram_gold_anchor_fragment_carrier_verified,primary candidate parsed under HoldComplete,fragment_carrier,"Phone2EquationCarrier[""ID11356"", <|""canonical"" -> ""Frequency → control_sequence[[t, \""frequency\""]],"", ""rescueClass"" -> ""hard_fragment""|>]","Frequency → control_sequence[[t, ""frequency""]],"
ID11357,Phone2 CMBEmergenceTheorem — Amplitude Control Sequence T Amplitude,wolfram_gold_anchor_fragment_carrier_verified,primary candidate parsed under HoldComplete,fragment_carrier,"Phone2EquationCarrier[""ID11357"", <|""canonical"" -> ""Amplitude → control_sequence[[t, \""amplitude\""]],"", ""rescueClass"" -> ""hard_fragment""|>]","Amplitude → control_sequence[[t, ""amplitude""]],"
ID11358,Phone2 CMBEmergenceTheorem — Phase Control Sequence T Phase,wolfram_gold_anchor_equation_parse_verified,primary candidate parsed under HoldComplete,equation_candidate,"Phase -> controlsequence[[t, ""phase""]]","Phase → control_sequence[[t, ""phase""]]"
ID11359,Phone2 CMBEmergenceTheorem — Measurement Record T Quantummeasurement,wolfram_gold_anchor_fragment_carrier_verified,primary candidate parsed under HoldComplete,fragment_carrier,"Phone2EquationCarrier[""ID11359"", <|""canonical"" -> ""measurement_record[t] = QuantumMeasurement["", ""rescueClass"" -> ""hard_fragment""|>]",measurement_record[t] = QuantumMeasurement[
ID11360,Phone2 CMBEmergenceTheorem — Observable Fitnessoperator,wolfram_gold_anchor_fragment_carrier_verified,primary candidate parsed under HoldComplete,fragment_carrier,"Phone2EquationCarrier[""ID11360"", <|""canonical"" -> ""Observable → FitnessOperator,"", ""rescueClass"" -> ""hard_fragment""|>]","Observable → FitnessOperator,"
ID11361,Phone2 CMBEmergenceTheorem — Postselection Fitness Fitness T-1,wolfram_gold_anchor_equation_parse_verified,primary candidate parsed under HoldComplete,equation_candidate,PostSelection -> (Fitness > Fitness[t-1]),PostSelection → (Fitness > Fitness[t-1])
ID11362,Phone2 CMBEmergenceTheorem — Trajectory T Quantumjump,wolfram_gold_anchor_fragment_carrier_verified,primary candidate parsed under HoldComplete,fragment_carrier,"Phone2EquationCarrier[""ID11362"", <|""canonical"" -> ""trajectory[t] = QuantumJump["", ""rescueClass"" -> ""hard_fragment""|>]",trajectory[t] = QuantumJump[
ID11363,Phone2 CMBEmergenceTheorem — Jumpprobability L K Trajectory T-1 Dt,wolfram_gold_anchor_equation_parse_verified,primary candidate parsed under HoldComplete,equation_candidate,JumpProbability -> â€–Lk trajectory[t-1]â€–^2dt,JumpProbability → â€–L_k trajectory[t-1]â€–²dt
ID11364,Phone2 CMBEmergenceTheorem — Optimizeddna Inverseblobbit Trajectory T,wolfram_gold_anchor_fragment_carrier_verified,primary candidate parsed under HoldComplete,fragment_carrier,"Phone2EquationCarrier[""ID11364"", <|""canonical"" -> ""OptimizedDNA → InverseBlobBit[trajectory[T]],"", ""rescueClass"" -> ""hard_fragment""|>]","OptimizedDNA → InverseBlobBit[trajectory[T]],"
ID11365,Phone2 CMBEmergenceTheorem — Accelerationfactor Fitness T - Fitness 0 / T Natural R,wolfram_gold_anchor_fragment_carrier_verified,primary candidate parsed under HoldComplete,fragment_carrier,"Phone2EquationCarrier[""ID11365"", <|""canonical"" -> ""AccelerationFactor → (Fitness[T] - Fitness[0])/(T × natural_rate),"", ""rescueClass"" -> ""hard_fragment""|>]","AccelerationFactor → (Fitness[T] - Fitness[0])/(T × natural_rate),"
ID11366,Phone2 CMBEmergenceTheorem — Convergenceorder N,wolfram_gold_anchor_equation_parse_verified,primary candidate parsed under HoldComplete,equation_candidate,ConvergenceOrder -> n,ConvergenceOrder → n
ID11367,Phone2 CMBEmergenceTheorem — Theoreticalspeedupanalysis Association,wolfram_gold_anchor_fragment_carrier_verified,primary candidate parsed under HoldComplete,fragment_carrier,"Phone2EquationCarrier[""ID11367"", <|""canonical"" -> ""TheoreticalSpeedupAnalysis := Association["", ""rescueClass"" -> ""hard_fragment""|>]",TheoreticalSpeedupAnalysis := Association[
ID11368,Phone2 CMBEmergenceTheorem — Quantumadvantage Speedup,wolfram_gold_anchor_fragment_carrier_verified,primary candidate parsed under HoldComplete,fragment_carrier,"Phone2EquationCarrier[""ID11368"", <|""canonical"" -> ""\""QuantumAdvantage\"" → Speedup["", ""rescueClass"" -> ""hard_fragment""|>]","""QuantumAdvantage"" → Speedup["
ID11369,Phone2 CMBEmergenceTheorem — Classical O 4 N Exhaustive Search,wolfram_gold_anchor_fragment_carrier_verified,primary candidate parsed under HoldComplete,fragment_carrier,"Phone2EquationCarrier[""ID11369"", <|""canonical"" -> ""Classical → O(4^N) (* Exhaustive search *),"", ""rescueClass"" -> ""hard_fragment""|>]","Classical → O(4^N) (* Exhaustive search *),"
ID11370,Phone2 CMBEmergenceTheorem — Quantum O 4 N Grover S Algorithm,wolfram_gold_anchor_fragment_carrier_verified,primary candidate parsed under HoldComplete,fragment_carrier,"Phone2EquationCarrier[""ID11370"", <|""canonical"" -> ""Quantum → O(âˆš(4^N)) (* Grover's algorithm *),"", ""rescueClass"" -> ""hard_fragment""|>]","Quantum → O(âˆš(4^N)) (* Grover's algorithm *),"
ID11371,Phone2 CMBEmergenceTheorem — Tzpqvt O Log 4 N /N,wolfram_gold_anchor_equation_parse_verified,primary candidate parsed under HoldComplete,equation_candidate,TZPQVT -> O(log(4^N)/n),TZPQVT → O(log(4^N)/n
