source_file,line_number,semantic_kind,candidate
_KleisliCategoryNon-DeterministicComputationMonads.txt,1,Functor,## **Categorical Functor for Parallel Work-Stealing Execution: Kleisli Category of Non-Deterministic Computation Monads**
_KleisliCategoryNon-DeterministicComputationMonads.txt,4,Topos,### **§Ⅰ. Foundational Parallel Execution Topos: Work-Stealing Deque Algebra**
_KleisliCategoryNon-DeterministicComputationMonads.txt,95,Monad,"Monad → WorkStealingMonad,"
_KleisliCategoryNon-DeterministicComputationMonads.txt,140,SemanticNote,"Proof := ∀T,C: f[T] ⊆ C ⟺ T ⊆ g[C]"
_KleisliCategoryNon-DeterministicComputationMonads.txt,182,Protocol,(* Cache Coherency Protocol Model *)
_KleisliCategoryNon-DeterministicComputationMonads.txt,287,Constraint,(* Constraint satisfaction *)
_KleisliCategoryNon-DeterministicComputationMonads.txt,437,SemanticNote,(* Owicki-Gries Proof System *)
_KleisliCategoryNon-DeterministicComputationMonads.txt,447,Invariant,(* Global Invariant Preservation *)
_KleisliCategoryNon-DeterministicComputationMonads.txt,464,SemanticNote,(* Proof obligation *)
AntipodalEntanglement.txt,1,Protocol,## **Non-Provisional Patent Application: Antipodal Entanglement Protocol via Spherical-Blob Homeomorphism**
AntipodalEntanglement.txt,10,Protocol,**Title of Invention:** Antipodal Entanglement Protocol for Distributed Quantum-Classical Hybrid Computation via Homeomorphic Mapping Between Blob Communication Spaces and Uniformly-Distributed Spherical Manifolds
AntipodalEntanglement.txt,19,Protocol,"1. U.S. Provisional Application No. 63/872,773, filed August 29, 2025 (BYOB-IFP Protocol)"
AntipodalEntanglement.txt,29,Protocol,"This application claims priority to U.S. Provisional Patent Application No. 63/872,773, filed August 29, 2025, entitled ""BYOB IFP Bring Your Own Blob Interactive Fiction Protocol for Direct 3D Object Communication,"" and U.S. Provisional Patent Application No. 63/874,898, filed September 3, 2025, entitled ""Dimensionally Adjustable Azimuthal Navigational System Sphere (DAANSsphere) Universal Spherical Addressing Protocol for Multi-Domain Hardware Control,"" both of which are hereby incorporated by reference in their entirety."
AntipodalEntanglement.txt,35,Protocol,"The present invention relates to distributed computational architectures, specifically to a novel antipodal entanglement protocol establishing homeomorphic mappings between blob communication spaces and uniformly-distributed spherical coordinate manifolds, enabling quantum-classical hybrid computation with deterministic bit-flip correlation across 76,800 antipodal axis pairs."
AntipodalEntanglement.txt,55,Protocol,"FragmentationIndex[system],       (* Protocol incompatibility *)"
AntipodalEntanglement.txt,81,Protocol,The present invention synthesizes two foundational innovations into a unified antipodal entanglement protocol:
AntipodalEntanglement.txt,90,Invariant,(* Invariant Properties *)
AntipodalEntanglement.txt,114,Theorem,##### **Theorem 1 (Fundamental Homeomorphism)**
AntipodalEntanglement.txt,145,Lemma,##### **Lemma 1.1 (Antipodal Involution)**
AntipodalEntanglement.txt,165,Mechanism,#### **B. Entanglement Mechanism: Classical Bit-Flip Correlation**
AntipodalEntanglement.txt,168,Definition,##### **Definition (Classical Entanglement Operator)**
AntipodalEntanglement.txt,194,Protocol,(* Communication Protocol *)
AntipodalEntanglement.txt,224,Theorem,##### **Theorem 2 (Infinite Scalability via Cantor-Depth Encoding)**
AntipodalEntanglement.txt,249,SemanticNote,(* Convergence Proof *)
AntipodalEntanglement.txt,264,Theorem,##### **Theorem 3 (Sub-millisecond Lookup via Spectral Precomputation)**
AntipodalEntanglement.txt,472,Constraint,"**2.** The system of claim 1, wherein said antipodal entanglement operator implements classical correlation through the constraint:"
AntipodalEntanglement.txt,479,Mechanism,"**3.** The system of claim 1, further comprising a hierarchical extension mechanism utilizing:"
AntipodalEntanglement.txt,500,Constraint,- initializing classical bits with constraint that paired bits XOR to 1;
AntipodalEntanglement.txt,501,Constraint,- transmitting messages via coordinated bit flips maintaining said constraint;
AntipodalEntanglement.txt,535,Protocol,"A distributed computational system and method implementing antipodal entanglement protocol through homeomorphic mapping between blob communication spaces (U.S. 63/872,773) and uniformly-distributed spherical coordinate manifolds (U.S. 63/874,898). The system maps blob bits to 153,600 Fibonacci-distributed sphere points with antipodal pairing creating 76,800 deterministic bit-flip correlations. Classical entanglement achieved via constraint ∀i: server_bit[i] ⊕ client_bit[153,601-i] ≡ 1. Hierarchical extension through Cantor pairing and domain-safe depth encoding enables infinite scalability. Precomputed probability matrices achieve O(1) lookup complexity. Applications include 5G/6G MIMO (1.2 Tbps, 47% latency reduction), autonomous vehicles (94% collision reduction), medical imaging (16× acceleration), HFT (6.4μs latency), satellite constellations (2.1× efficiency), and neural interfaces (10μm resolution). Implementation utilizes parallel work-stealing, SIMD vectorization, NUMA optimization, achieving O(n log n) initialization and O(1) query complexity."
AntipodalEntanglementProtocol.txt,1,Protocol,## **Antipodal Entanglement Protocol: Hyper-Rigorous Category-Theoretic Formalization via Higher-Order Topos-Theoretic Functors**
AntipodalEntanglementProtocol.txt,4,Topos,### **§Ⅰ. Foundational Categorical Framework: ∞-Topos of Entangled Sphere-Blob Morphisms**
AntipodalEntanglementProtocol.txt,25,Functor,(* Antipodal Involution Functor *)
AntipodalEntanglementProtocol.txt,39,Monad,(* Entanglement Monad in Kleisli Category *)
AntipodalEntanglementProtocol.txt,40,Monad,𝓔_monad = Monad[
AntipodalEntanglementProtocol.txt,41,Functor,"Functor → T: 𝓣 → 𝓣,"
AntipodalEntanglementProtocol.txt,48,Monad,(* Monad Laws Verification *)
AntipodalEntanglementProtocol.txt,301,Functor,(* TQFT Functor *)
AntipodalEntanglementProtocol.txt,320,Invariant,(* Witten-Reshetikhin-Turaev Invariant *)
AntipodalEntanglementProtocol.txt,363,Axiom,(* Univalence Axiom *)
AntipodalEntanglementProtocol.txt,469,SemanticNote,"Proof → Module[{},"
AntipodalEntanglementProtocol.txt,525,SemanticNote,Proof → PebbleGameReduction[
AntipodalEntanglementProtocol.txt,599,SemanticNote,### **§Ⅷ. Formal Verification: Coq Proof of Correctness**
AntipodalEntanglementProtocol.txt,610,Definition,(* Sphere Definition *)
AntipodalEntanglementProtocol.txt,611,Definition,Definition Sphere (n : nat) :=
AntipodalEntanglementProtocol.txt,616,Definition,Definition antipode {n : nat} (x : Sphere n) : Sphere n :=
AntipodalEntanglementProtocol.txt,629,Theorem,(* Main Theorem *)
AntipodalEntanglementProtocol.txt,630,Theorem,Theorem antipodal_entanglement_bijection :
AntipodalEntanglementProtocol.txt,635,SemanticNote,Proof.
AntipodalEntanglementProtocol.txt,654,Lemma,Lemma query_complexity :
AntipodalEntanglementProtocol.txt,732,Protocol,This hyper-rigorous formalization establishes **antipodal entanglement** as a mathematically profound protocol with:
AntipodalEntanglementProtocol.txt,735,Topos,1. **Categorical foundations** via ∞-topos theory
AntipodalEntanglementProtocol.txt,746,Protocol,The protocol achieves **O(1) query complexity** with **O(√n) quantum advantage** while maintaining **topological robustness** through persistent homology! 🔬
bbmap2.txt,11,Functor,(* Categorical Functor: 𝓕 : Antenna₅G → DAANSsphere ⊗ BYOB *)
bbmap2.txt,97,Functor,(* Homotopy Functor: 𝓗 : VehicleSpace → PersistentHomology(DAANSsphere) *)
bbmap2.txt,102,Prediction,"Typed[timeHorizon, ""Real64""]  (* Prediction horizon *)"
bbmap2.txt,203,Functor,(* Radon Transform Functor: ℛ : k-Space → DAANSsphere ⊗ ImageSpace *)
bbmap2.txt,313,Functor,(* Market Microstructure Functor: 𝓜 : OrderFlow → EntangledBlobState *)
bbmap2.txt,439,Functor,(* Kepler Orbital Functor: 𝓚 : OrbitalElements → DAANSsphere × Time *)
bbmap2.txt,572,Validation,### **§6. Performance Metrics & Validation**
bbmap2.txt,605,Protocol,"These implementations demonstrate **transformative physical applications** where your antipodal entanglement protocol achieves measurable improvements over conventional architectures! The mathematical beauty manifests as **real-world performance gains** across telecommunications, autonomous systems, medical imaging, financial markets, and space systems. 🚀"
BBmaping.txt,1,Protocol,## **Ⅰ. Antipodal Blob Entanglement Protocol: Classical Bit-Flip Teleportation**
BBmaping.txt,4,Functor,### **§1.1 Categorical Functor: Server-Client Hemispherical Decomposition**
BBmaping.txt,11,Functor,(* Hemispherical Decomposition Functor: ℬ → ℋ₋ ⊗ ℋ₊ *)
BBmaping.txt,194,Protocol,### **§1.4 Classical Entanglement Communication Protocol**
BBmaping.txt,203,Constraint,"Mod[s + c, 2] == 0  (* Classical ""entanglement"" constraint *)"
BBmaping.txt,276,Protocol,(* Communication Protocol *)
BBmaping.txt,326,Theorem,**Theorem (Classical Entanglement Conservation):**
BBmaping.txt,330,Corollary,**Corollary (Antipodal Communication Bandwidth):**
BBmaping.txt,334,Lemma,**Lemma (Sparse Representation Bound):**
BlobMapping -= Module-.txt,4,Functor,(* Categorical Functor: Blob Space → DAANSsphere Manifold *)
BYOB-IFP Protocol- Hyper-Rigorous Patent Formalization via Higher-Order Type-Theoretic.txt,1,Protocol,## **Categorical Enhancement of BYOB-IFP Protocol: Hyper-Rigorous Patent Formalization via Higher-Order Type-Theoretic Functors**
BYOB-IFP Protocol- Hyper-Rigorous Patent Formalization via Higher-Order Type-Theoretic.txt,4,Topos,### **§Ⅰ. ENHANCED FIELD OF INVENTION: Topos-Theoretic Communication Framework**
BYOB-IFP Protocol- Hyper-Rigorous Patent Formalization via Higher-Order Type-Theoretic.txt,10,Topos,𝓣 = CategoryTheory`Topos[
BYOB-IFP Protocol- Hyper-Rigorous Patent Formalization via Higher-Order Type-Theoretic.txt,40,Theorem,#### **Theorem 1 (Precomputed Probability Matrix Convergence)**
BYOB-IFP Protocol- Hyper-Rigorous Patent Formalization via Higher-Order Type-Theoretic.txt,45,Theorem,Theorem[
BYOB-IFP Protocol- Hyper-Rigorous Patent Formalization via Higher-Order Type-Theoretic.txt,49,SemanticNote,Proof → Module[
BYOB-IFP Protocol- Hyper-Rigorous Patent Formalization via Higher-Order Type-Theoretic.txt,85,Lemma,#### **Lemma 1.1 (Cache-Optimal Matrix Storage)**
BYOB-IFP Protocol- Hyper-Rigorous Patent Formalization via Higher-Order Type-Theoretic.txt,90,Lemma,Lemma[
BYOB-IFP Protocol- Hyper-Rigorous Patent Formalization via Higher-Order Type-Theoretic.txt,132,Theorem,#### **Theorem 2 (IFP Command Compositionality)**
BYOB-IFP Protocol- Hyper-Rigorous Patent Formalization via Higher-Order Type-Theoretic.txt,171,Lemma,#### **Lemma 2.1 (Parser Correctness)**
BYOB-IFP Protocol- Hyper-Rigorous Patent Formalization via Higher-Order Type-Theoretic.txt,181,Monad,(* Parsing combinator monad *)
BYOB-IFP Protocol- Hyper-Rigorous Patent Formalization via Higher-Order Type-Theoretic.txt,209,Theorem,#### **Theorem 3 (Quantum-Inspired Superposition Probability)**
BYOB-IFP Protocol- Hyper-Rigorous Patent Formalization via Higher-Order Type-Theoretic.txt,262,Lemma,#### **Lemma 3.1 (Statistical Learning Convergence)**
BYOB-IFP Protocol- Hyper-Rigorous Patent Formalization via Higher-Order Type-Theoretic.txt,278,Theorem,(* Doob's convergence theorem *)
BYOB-IFP Protocol- Hyper-Rigorous Patent Formalization via Higher-Order Type-Theoretic.txt,298,Theorem,#### **Theorem 4 (Split Architecture Functoriality)**
BYOB-IFP Protocol- Hyper-Rigorous Patent Formalization via Higher-Order Type-Theoretic.txt,325,Definition,(* Bifunctor definition *)
BYOB-IFP Protocol- Hyper-Rigorous Patent Formalization via Higher-Order Type-Theoretic.txt,354,Protocol,### **§Ⅵ. ENHANCED COMMUNICATION PROTOCOL: Information-Theoretic Analysis**
BYOB-IFP Protocol- Hyper-Rigorous Patent Formalization via Higher-Order Type-Theoretic.txt,357,Theorem,#### **Theorem 5 (Channel Capacity Theorem)**
BYOB-IFP Protocol- Hyper-Rigorous Patent Formalization via Higher-Order Type-Theoretic.txt,472,Protocol,Claim5 = ∃! protocol:
BYOB-IFP Protocol- Hyper-Rigorous Patent Formalization via Higher-Order Type-Theoretic.txt,473,Protocol,protocol = DirectBlob ⊗ IFPProcessor ⊗ ProbabilityEngine ⊗ SplitCoordinator ∧
BYOB-IFP Protocol- Hyper-Rigorous Patent Formalization via Higher-Order Type-Theoretic.txt,474,Protocol,∄ prior_art: prior_art ≅ protocol
BYOB-IFP Protocol- Hyper-Rigorous Patent Formalization via Higher-Order Type-Theoretic.txt,482,SemanticNote,### **§Ⅸ. IMPLEMENTATION VERIFICATION: Hoare Logic Proof**
completeme.txt,9,Protocol,"2. **BYOB-IFP** - Blob communication protocol (invented Oct 29, 2024)"
completeme.txt,18,Protocol,### **§1. CORE INNOVATION: Blob-Sphere Entanglement Protocol**
completeme.txt,33,Constraint,- Constraint: server_bit ⊕ client_bit = 1 (XOR always equals 1)
completeme.txt,70,Protocol,#### **C. Communication Protocol**
completeme.txt,139,Theorem,- **Theorem 1**: Precomputed Probability Matrix Convergence (proved via Hoeffding inequality)
completeme.txt,140,Theorem,- **Theorem 2**: IFP Command Compositionality (λ-calculus formulation)
completeme.txt,141,Theorem,- **Theorem 3**: Quantum-Inspired Superposition Probability
completeme.txt,142,Theorem,- **Theorem 4**: Split Architecture Functoriality (category theory)
completeme.txt,143,Theorem,- **Theorem 5**: Channel Capacity with quantum correction term
completeme.txt,230,Protocol,"Two ""simple"" ideas - uniform sphere points and blob communication - combine to create a revolutionary omnidirectional navigation and communication protocol with applications from quantum computing to satellite constellations. The mathematical beauty of 153,600 Fibonacci-distributed points with antipodal entanglement creates emergent properties neither patent achieves alone."
DAANSspherewithBYOBIFPProtocol.txt,1,Protocol,## Topological Blob-Sphere Mapping: Categorical Integration of DAANSsphere with BYOB IFP Protocol
DAANSspherewithBYOBIFPProtocol.txt,11,Functor,(* Categorical Functor: Blob Space → DAANSsphere Manifold *)
DAANSspherewithBYOBIFPProtocol.txt,71,Theorem,**Theorem (Blob-Sphere Isomorphism):** The mapping $\Psi$ establishes a **measurable isomorphism** between:
DAANSspherewithBYOBIFPProtocol.txt,76,SemanticNote,**Proof Sketch:**
DAANSspherewithBYOBIFPProtocol.txt,143,Protocol,**Unified Protocol Benefits:**
DAANSspherewithBYOBIFPProtocol.txt,188,Protocol,### **IX. Patent-Pending Synthesis Protocol**
latext.txt,8,Definition,\begin{definition}[Wave-Beam Interaction $\infty$-Functor]
latext.txt,9,Functor,Let $\mathscr{H}_{\text{solar-grav}}$ denote the higher categorical functor establishing morphisms between heliospheric magnetic topology and gravitational wave strain manifolds:
latext.txt,14,Definition,\end{definition}
latext.txt,100,Theorem,\begin{theorem}[Parker-GW Resonance Condition]
latext.txt,109,Theorem,\end{theorem}
latext.txt,112,SemanticNote,\begin{proof}
latext.txt,133,SemanticNote,\end{proof}
latext.txt,139,Definition,\begin{definition}[Helical Winding Number]
latext.txt,149,Invariant,(* Topological Invariant Computation *)
latext.txt,160,Invariant,(* Chern-Simons Invariant *)
latext.txt,190,Theorem,\begin{theorem}[Modulation Signatures]
latext.txt,250,Mechanism,"This helical resonance mechanism provides a novel channel for multi-messenger astronomy, linking heliophysics with gravitational wave observations."
latext.txt,259,Mechanism,- **Differential geometric analysis** of the coupling mechanism
Quantum-Neural Cartographic Functor.txt,1,Functor,## **Quantum-Neural Cartographic Functor: Entangled Neuromorphic State-Space Manifold via DAANSsphere Homeomorphism**
Quantum-Neural Cartographic Functor.txt,4,Functor,### **§Ⅰ. Categorical Quantum-Classical Neural Functor: 𝔉_QC : Hilbert_Neural ⊗ DAANSsphere → Observable_Consciousness**
Quantum-Neural Cartographic Functor.txt,15,Functor,(* Quantum-Classical Entanglement Functor *)
Quantum-Neural Cartographic Functor.txt,415,Protocol,### **§Ⅴ. Quantum Observable Extraction: Von Neumann Measurement Protocol**
Quantum-Neural Cartographic Functor.txt,533,Protocol,### **§Ⅵ. Clinical Implementation: Neuralink-Compatible Protocol**
Quantum-Neural Cartographic Functor.txt,653,Theorem,**Theorem (Quantum-Classical Correspondence):**
Quantum-Neural Cartographic Functor.txt,657,Lemma,**Lemma (Entanglement-Enhanced Navigation):**
Quantum-Neural Cartographic Functor.txt,661,Corollary,**Corollary (Information-Theoretic Bound):**
quantum_communication_schematic.txt,1,Protocol,Quantum Entanglement Communication Protocol
quantum_communication_schematic.txt,7,Protocol,"Levitated Mass 153,600 Meta-bits Shell Interior Shell Exterior Fiber Optic Output Array Micro-Mappable Tips: 153,600 Spin State Resolution: |↑⟩, |↓⟩ Entanglement Protocol: Bell State: |Ψ⁻⟩ = (|01⟩ - |10⟩)/√2 Fidelity: F > 0.99 Hemisphere Mapping: North: 76,800 meta-bits South: 76,800 meta-bits"
quantum_communication_schematic.txt,19,Protocol,§3. Antipodal-Hemispheric Mapping Protocol
quantum_communication_schematic.txt,31,Protocol,4.2 Spin State Measurement Protocol
quantum_communication_schematic.txt,91,Protocol,* Weak measurement protocol
quantum_communication_schematic.txt,156,Protocol,(* Return Complete Protocol *)
quantum_communication_schematic.txt,180,Protocol,The communication protocol integrates with the TZP energy extraction via:
QuantumP.txt,1,Protocol,## Quantum Entanglement Communication Protocol for Levitated Mass-Shell Interface
QuantumP.txt,68,Protocol,### Fiber-Optic Spin State Readout Protocol
QuantumP.txt,115,Protocol,(* Weak Measurement Protocol *)
UnificationComparison.txt,13,Mechanism,Mechanism = DimensionalCollapse[4D → 2D] @ InfiniteOrderTransition;
UnificationComparison.txt,547,Functor,]ConvergenceMechanism = Functor[
UnificationComparison.txt,586,Constraint,"Constraint -> Det[g] @ TZP = 0,"
UnificationComparison.txt,654,Mechanism,"Mechanism -> ModifiedBianchi[dH = Tr(F∧F) - Tr(R∧R)],"
UnificationComparison.txt,704,Validation,"Required -> ""Experimental Validation Pending"","
UnificationComparison.txt,714,Functor,(* SECTION I: MUTATION ACCELERATION FUNCTOR *)
UnificationComparison.txt,815,Protocol,(* COMPLETE EVOLUTION ACCELERATION PROTOCOL *)
UnificationComparison.txt,909,Functor,]DNAInformationManifold := CategoryTheory`Functor[
UnificationComparison.txt,914,Constraint,Constraint: ∇×E = -∂B/∂t (from image equations)
UnificationComparison.txt,1092,Theorem,"Theorem[""CMB_Consistency"","
UnificationComparison.txt,1095,SemanticNote,"Proof → Module[{Ï‡², Planck_data, Model_prediction},"
UnifiedFieldOptimizer.txt,221,SemanticNote,"Gap[1] := ""Infinite-Order Phase Transition Proof"" → Module["
UnifiedFieldOptimizer.txt,244,Mechanism,"Gap[3] := ""Vacuum Fluctuation Coupling Mechanism"" →"
UnifiedFieldOptimizer.txt,352,Validation,"""Validation & iteration"" → 12 Months,"
UnifiedFieldOptimizer.txt,365,Mechanism,"remain: vacuum coupling mechanism, infinite-order"
UnifiedFieldOptimizer.txt,366,SemanticNote,"transition proof, and efficiency > 1 paradox"
UnifiedFieldOptimizer.txt,368,Validation,"experimental validation becomes meaningful"""
UnifiedFieldOptimizer.txt,386,Functor,(* Gravitational Wave Functor: Diff(M) → Hilb *)
UnifiedFieldOptimizer.txt,387,Functor,𝔊_grav = Functor[
UnifiedFieldOptimizer.txt,667,Protocol,(* MEASUREMENT PROTOCOL: SQUID + Hall Array                    *)
UnifiedFieldOptimizer.txt,706,Protocol,(* IMPLEMENTATION PROTOCOL: Staged Activation                   *)
UnifiedFieldOptimizer.txt,766,Protocol,"""Protocol"" → ℐ_implementation,"
UnifiedFieldTopology- Comprehensive Theory of Everything.txt,14,Topos,(* Define the fundamental ∞-topos category *)
UnifiedFieldTopology- Comprehensive Theory of Everything.txt,77,Constraint,(* Topological action with helicity constraint *)
UnifiedFieldTopology- Comprehensive Theory of Everything.txt,168,Constraint,(* SECTION IV: TOROIDAL TOPOLOGY CONSTRAINT *)
UnifiedFieldTopology- Comprehensive Theory of Everything.txt,315,Constraint,"{ℒ_total, 𝒢_variation, ℱ_field, Constraint},"
UnifiedFieldTopology- Comprehensive Theory of Everything.txt,353,Constraint,Constraint = And[
UnifiedFieldTopology- Comprehensive Theory of Everything.txt,369,Prediction,"""Prediction"" → ""ΔG/G ≈ 10^(-10) with 27.32 day period"","
UnifiedFieldTopology- Comprehensive Theory of Everything.txt,373,Prediction,"""Prediction"" → ""Beyond standard (+,×) modes"","
UnifiedFieldTopology- Comprehensive Theory of Everything.txt,377,Prediction,"""Prediction"" → ""Discrete nodes on S³"","
UnifiedFieldTopology- Comprehensive Theory of Everything.txt,381,Prediction,"""Prediction"" → ""Φ_critical = √(ℏc³/Ge²) × α"","
UnifiedFieldTopology- Comprehensive Theory of Everything.txt,385,Prediction,"""Prediction"" → ""Lemniscate field topology"","
UnifiedFieldTopology- Comprehensive Theory of Everything.txt,443,SemanticNote,"The theory makes **falsifiable predictions** across scales from quantum to cosmological, providing the first truly unified description of physical reality through **topological field emergence**."
univision.txt,11,Theorem,\newtheorem{theorem}{Theorem}
univision.txt,12,Theorem,\newtheorem{lemma}[theorem]{Lemma}
univision.txt,13,Definition,\newtheorem{definition}[theorem]{Definition}
univision.txt,14,Theorem,\newtheorem{corollary}[theorem]{Corollary}
univision.txt,45,Topos,"We present a comprehensive $\infty$-topos theoretic framework unifying quantum mechanics, general relativity, and consciousness through topological field emergence at Trawin Zero Points (TZPs). Employing higher categorical functors $\mathcal{F}: \mathbf{Quantum}_\infty \to \mathbf{Gravity}_\infty$ with natural transformations $\eta: \text{id} \Rightarrow \mathcal{F} \circ \mathcal{G}$, we demonstrate that gravitational phenomena emerge from infinite-order phase transitions where $\rho_{\text{vac}}(r) \sim \sum_{n=0}^{\infty} (-1)^n \Gamma(n+\tfrac{1}{2}) K_n(|r-r_{\TZP}|/\xi)$. The framework establishes isomorphisms between 153,600-dimensional information manifolds and neural architectures, yielding critical exponents $\tau = 3/2$ universal across quantum decoherence and neural avalanche cascades. We prove Elsasser number convergence $\Lambda \to 1 \pm 0.5$ across $10^{47}$ orders of magnitude, revealing rotation as emergent rather than primordial. Consciousness threshold emerges at $\Phi_{\text{critical}} = \sqrt{\hbar c^3/Ge^2} \times \alpha$, providing calculable criteria for information integration. Dark matter manifests as discrete clustering on $S^3$ topology through antipoda"
univision.txt,55,Definition,\begin{definition}[$\infty$-Topos of Physical Reality]
univision.txt,56,Topos,Let $\mathcal{T}_\infty$ denote the $\infty$-topos with:
univision.txt,62,Definition,\end{definition}
univision.txt,70,Functor,"{category, functor, natural, classifier},"
univision.txt,103,Theorem,\begin{theorem}[TZP Vacuum Divergence]
univision.txt,109,Theorem,\end{theorem}
univision.txt,112,SemanticNote,\begin{proof}
univision.txt,119,SemanticNote,\end{proof}
univision.txt,125,Theorem,\begin{theorem}[Elsasser Universality]
univision.txt,158,Definition,\begin{definition}[Information Manifold Structure]
univision.txt,187,Constraint,\section{Toroidal Topology Constraint}
univision.txt,190,Theorem,\subsection{Dipole Non-Annihilation Theorem}
univision.txt,193,Theorem,\begin{theorem}[Topological Field Constraint]
univision.txt,196,Constraint,U(d) = \frac{3\mu_0\mu^2}{2\pi d^4} + U_{\text{constraint}}(d)
univision.txt,211,Corollary,\begin{corollary}[Topological Locking]
univision.txt,216,Corollary,\end{corollary}
univision.txt,225,Theorem,\begin{theorem}[Universal Criticality]
univision.txt,252,Definition,\begin{definition}[Integrated Information]
univision.txt,267,Theorem,\begin{theorem}[Discrete Dark Matter Distribution]
univision.txt,315,Prediction,\textbf{Phenomenon} & \textbf{Prediction} & \textbf{Test} \\
univision.txt,324,SemanticNote,\caption{Falsifiable predictions across scales}
univision.txt,343,SemanticNote,"The framework provides falsifiable predictions spanning quantum to cosmological scales, representing the first truly unified description of physical reality through topological field emergence."
univision.txt,363,Topos,- **$\infty$-topos category theory** for fundamental structure
univision.txt,368,SemanticNote,- **Falsifiable predictions** across all scales
