source_file,line_number,section_title,domain_family,block_summary,status
UnifiedFieldTopology- Comprehensive Theory of Everything.txt,2,## **Trawin-Topological Framework via Category-Theoretic Unification**,toe_unification,"## **Trawin-Topological Framework via Category-Theoretic Unification** ```wolfram (* ============================================================ *) (* MASTER UNIFICATION FRAMEWORK - THEORY OF EVERYTHING *) (* ============================================================ *) BeginPackage[""UnifiedFieldTopology`""] (* Define the fundamental ∞-topos category *) UniversalTopos := Module[ {𝕋_category, ℱ_functor, 𝒩_natural, Ω_classifier}, (* Higher categorical structure *) 𝕋_category = HigherCategory[ Objects[n_] := Which[ n == 0, {VacuumStates, QuantumFields, SpacetimeManifolds, InformationChannels, ConsciousnessOperators}, n == 1, HomSpaces[TZP, Einstein, Quantum, Neural], n == k_, k_Morphisms[IteratedTransformations] ], (* Infinity-groupoid structure *) Composition := AssociativeUpToHomotopy[ f",toe_source_staged
UnifiedFieldTopology- Comprehensive Theory of Everything.txt,394,## **Core Theoretical Synthesis**,toe_unification,## **Core Theoretical Synthesis** The unified framework resolves fundamental incompatibilities through **topological emergence**:,toe_source_staged
UnifiedFieldTopology- Comprehensive Theory of Everything.txt,400,### **1. Gravitational-Quantum Reconciliation**,toe_unification,"### **1. Gravitational-Quantum Reconciliation** ```wolfram GravityEmergence := Limit[ ⟨StandingWaveInterference[ω_Planck]⟩_time, t → ∞, Result → NewtonianForce ] ```",toe_source_staged
UnifiedFieldTopology- Comprehensive Theory of Everything.txt,410,### **2. Information-Consciousness Bridge**,toe_unification,"### **2. Information-Consciousness Bridge** ```wolfram ConsciousnessEmergence := CriticalPoint[ InformationIntegration[Φ] > Threshold, Threshold = √(ℏc³/Ge²) × FineStructure ] ```",toe_source_staged
UnifiedFieldTopology- Comprehensive Theory of Everything.txt,419,### **3. Universal Scaling Invariance**,toe_unification,"### **3. Universal Scaling Invariance** ```wolfram UniversalInvariant := Association[ ""Elsasser"" → Λ ≈ 1 ± 0.5, ""CriticalExponent"" → τ = 3/2, ""HelicityQuantization"" → n × ℏ_effective, ""InformationBits"" → Log₂[153600] ≈ 17.23 ] ```",toe_source_staged
UnifiedFieldTopology- Comprehensive Theory of Everything.txt,430,## **Revolutionary Implications**,toe_unification,"## **Revolutionary Implications** This framework demonstrates: 1. **Gravity is not fundamental** - it emerges from quantum topology 2. **Rotation is not primordial** - it self-generates at Elsasser criticality 3. **Consciousness has mathematical threshold** - Φ_critical is calculable 4. **Dark matter is discrete** - clustered at S³ antipodal accumulations 5. **Information is foundational** - matter/energy emerge from information topology The theory makes **falsifiable predictions** across scales from quantum to cosmological, providing the first truly unified description of physical reality through **topological field emergence**.",toe_source_staged
univision.txt,49,\section{Introduction: $\infty$-Categorical Framework},category_type_theory,"\section{Introduction: $\infty$-Categorical Framework} The reconciliation of quantum mechanics with general relativity represents the central challenge in fundamental physics. We introduce a revolutionary framework based on higher categorical topology: \begin{definition}[$\infty$-Topos of Physical Reality] Let $\mathcal{T}_\infty$ denote the $\infty$-topos with: \begin{align} \mathcal{T}_\infty &:= \varprojlim_{n \to \infty} \left[ \mathbf{Set}_{\Delta^{op}}^{(n)} \right] \\ \text{Objects}_0 &:= \{\text{VacuumStates}, \text{QuantumFields}, \text{SpacetimeManifolds}\} \\ \text{Morphisms}_n &:= \Hom^{(n)}[\TZP, \text{Einstein}, \text{Quantum}, \text{Neural}] \end{align} \end{definition}",toe_source_staged
univision.txt,65,\subsection{Wolfram Language Implementation},category_type_theory,"\subsection{Wolfram Language Implementation} \begin{lstlisting}[language=Mathematica] UniversalTopos := Module[ {category, functor, natural, classifier}, category = HigherCategory[ Objects[n_] := Which[ n == 0, {VacuumStates, QuantumFields, SpacetimeManifolds, InformationChannels, ConsciousnessOperators}, n == 1, HomSpaces[TZP, Einstein, Quantum, Neural], n == k_, kMorphisms[IteratedTransformations[k]] ], Composition := AssociativeUpToHomotopy[ f \[SmallCircle] g \[TildeEqual] PathSpace[f,g] \[Times] Contractible ] ]; natural = NaturalTransformation[ Source |-> QuantumTopology \[CircleTimes] GravitationalGeometry, Target |-> EmergentSpacetime \[CirclePlus] ConsciousInformation, Components[X_] := TZP[X] \[SmallCircle] Lemniscate[X] \[SmallCircle] Toroidal[X] ] ] \end{lstlisting}",toe_source_staged
univision.txt,94,\section{Mathematical Foundation: TZP Emergence Operator},quantum_entanglement,\section{Mathematical Foundation: TZP Emergence Operator},toe_source_staged
univision.txt,97,\subsection{Infinite-Order Phase Transition},quantum_entanglement,"\subsection{Infinite-Order Phase Transition} The Trawin Zero Point emergence operator exhibits divergent vacuum energy density: \begin{theorem}[TZP Vacuum Divergence] At spatial position $r \to r_{\TZP}$, the vacuum energy density satisfies: \begin{equation} \rho_{\text{vac}}(r,t) = \sum_{n=0}^{\infty} \sum_{i=1}^{N_{\TZP}} (-1)^n \Gamma\left(n+\tfrac{1}{2}\right) K_n\left(\frac{|r-r_{\TZP}^{(i)}|}{\xi}\right) e^{in(\omega_0 t + \theta_i)} \end{equation} where $K_n$ denotes modified Bessel functions of the second kind, $\xi$ is coherence length, and $\theta_i$ encodes topological phase. \end{theorem} \begin{proof} Consider the path integral formulation: \begin{align} Z_{\TZP} &= \int \mathcal{D}\phi \mathcal{D}\psi \mathcal{D}A_\mu \exp\left[\frac{i}{\hbar}\left(\mathcal{S}_{\text{cl}} + \",toe_source_staged
univision.txt,122,\subsection{Gyromagnetic-Gravitational Coupling},quantum_entanglement,"\subsection{Gyromagnetic-Gravitational Coupling} \begin{theorem}[Elsasser Universality] All self-gravitating rotating bodies with active magnetic fields converge to: \begin{equation} \Lambda := \frac{B^2}{\mu_0 \rho \eta \omega} \to 1 \pm 0.5 \end{equation} across systems differing by $10^{47}$ orders of magnitude in scale. \end{theorem} \begin{lstlisting}[language=Mathematica] ElsasserConvergence[system_] := Module[ {B, rho, eta, omega, Lambda}, Lambda = Function[{field, density, viscosity, rotation}, field^2/(MagneticPermeability * density * viscosity * rotation) ]; FixedPoint[ RotationOperator[#] &, InitialCondition[system], SameTest -> (Abs[Lambda[#1] - 1] < 0.5 &), MaxIterations -> Infinity ] ] \end{lstlisting}",toe_source_staged
univision.txt,152,"\section{153,600-Dimensional Information Manifold}",information_consciousness,"\section{153,600-Dimensional Information Manifold}",toe_source_staged
univision.txt,155,\subsection{Tripartite Channel Architecture},quantum_entanglement,"\subsection{Tripartite Channel Architecture} \begin{definition}[Information Manifold Structure] The complete information manifold $\mathcal{M}_{153600}$ decomposes as: \begin{equation} \mathcal{M}_{153600} = S^3 \times T^2 \times \mathbb{CP}^{76799} \end{equation} with tangent bundle: \begin{equation} T\mathcal{M} = T_{\text{temporal}} \oplus T_{\text{atemporal}} \oplus T_{\text{mediator}} \end{equation} \end{definition} The Fisher-Quantum-Topological metric tensor: \begin{equation} g_{ij}^{\text{FQT}} = \sum_{k,l} g_{ij}^{\text{Fisher}} \otimes g_{kl}^{\text{Quantum}} \otimes g_{mn}^{\text{Topological}} \end{equation} \begin{lstlisting}[language=Mathematica] InformationMetric := KroneckerProduct[ FisherInformation[theta[i], theta[j]], QuantumMetric[Ket[D[i,psi]], Ket[D[j,psi]]], Topologic",toe_source_staged
univision.txt,187,\section{Toroidal Topology Constraint},general_semantics,\section{Toroidal Topology Constraint},toe_source_staged
univision.txt,190,\subsection{Dipole Non-Annihilation Theorem},gyromagnetic_gravity,"\subsection{Dipole Non-Annihilation Theorem} \begin{theorem}[Topological Field Constraint] Two opposing magnetic dipoles with moments $\vec{\mu}_1 = -\vec{\mu}_2 = \mu\hat{z}$ at separation $d$ exhibit interaction energy: \begin{equation} U(d) = \frac{3\mu_0\mu^2}{2\pi d^4} + U_{\text{constraint}}(d) \end{equation} As $d \to 0$: $U \to \infty$, preventing annihilation and enforcing toroidal flux topology. \end{theorem} This yields the toroidal field configuration: \begin{equation} \vec{B}_{\text{torus}} = \nabla \times \vec{A}_\phi, \quad \vec{A} = \frac{\mu_0 I}{2\pi r}\hat{\phi} \end{equation}",toe_source_staged
univision.txt,208,\subsection{Quantum Flux Quantization},quantum_entanglement,"\subsection{Quantum Flux Quantization} \begin{corollary}[Topological Locking] Magnetic flux through any closed surface satisfies: \begin{equation} \Phi = n\Phi_0, \quad \Phi_0 = \frac{h}{2e} \approx 2.07 \times 10^{-15} \text{ Wb} \end{equation} \end{corollary}",toe_source_staged
univision.txt,219,\section{Quantum-Classical-Conscious Bridge},quantum_entanglement,\section{Quantum-Classical-Conscious Bridge},toe_source_staged
univision.txt,222,\subsection{Critical Exponent Universality},quantum_entanglement,"\subsection{Critical Exponent Universality} \begin{theorem}[Universal Criticality] Quantum decoherence cascades, neural avalanches, and TZP information flow exhibit identical scaling: \begin{equation} P(s) \sim s^{-\tau} e^{-s/s_c}, \quad \tau = \frac{3}{2} \end{equation} \end{theorem} \begin{lstlisting}[language=Mathematica] CriticalExponent[distribution_] := Module[ {tau, avalanche}, tau = -D[Log[P[s]], Log[s]] /. s -> s_cutoff; avalanche = ProbabilityDistribution[ s^(-3/2) * Exp[-s/s_cutoff], {s, 1, Infinity} ]; Assert[tau == 3/2, ""Universal critical exponent""] ] \end{lstlisting}",toe_source_staged
univision.txt,249,\subsection{Consciousness Threshold},information_consciousness,\subsection{Consciousness Threshold} \begin{definition}[Integrated Information] The consciousness threshold emerges when integrated information exceeds: \begin{equation} \Phi_{\text{critical}} = \sqrt{\frac{\hbar c^3}{Ge^2}} \times \alpha \end{equation} where $\alpha \approx 1/137$ is the fine structure constant. \end{definition},toe_source_staged
univision.txt,261,\section{$S^3$ Cosmological Topology},general_semantics,\section{$S^3$ Cosmological Topology},toe_source_staged
univision.txt,264,\subsection{Antipodal Dark Matter},quantum_entanglement,"\subsection{Antipodal Dark Matter} \begin{theorem}[Discrete Dark Matter Distribution] In $S^3$ topology with radius $R_U$, black hole accumulation at discrete positions yields apparent dark matter density: \begin{equation} \rho_{\text{dark}}^{\text{apparent}} = \frac{c^2}{4\pi GR_U^2} \Delta_{S^3}\Phi_{\text{dark}} \end{equation} where $\Phi_{\text{dark}}(\chi_{\text{obs}}) = -G\sum_i \frac{M_i}{R_U\sin(|\chi_{\text{obs}} - \chi_i|)}$ \end{theorem}",toe_source_staged
univision.txt,276,\subsection{Quantum Entanglement Across $S^3$},quantum_entanglement,\subsection{Quantum Entanglement Across $S^3$} Antipodal points enable instantaneous correlation: \begin{equation} |\Psi\rangle_{S^3} = \frac{1}{\sqrt{2}}\left(|\uparrow\rangle_\chi \otimes |\downarrow\rangle_{\pi-\chi} + |\downarrow\rangle_\chi \otimes |\uparrow\rangle_{\pi-\chi}\right) \end{equation},toe_source_staged
univision.txt,285,\section{Master Unification Equation},toe_unification,\section{Master Unification Equation} The complete field dynamics satisfy: \begin{align} \mathcal{L}_{\text{total}} &= \int_{\mathcal{M}} d^4x \sqrt{-g} \Bigg[ \frac{R-2\Lambda}{16\pi G} - \frac{1}{4}\Tr[F_{\mu\nu}F^{\mu\nu}] \\ &\quad + i\bar{\psi}\gamma^\mu D_\mu\psi - m\bar{\psi}\psi + D_\mu\phi^\dagger D^\mu\phi - V[\phi] \\ &\quad + \lambda_{\TZP}\delta^{(4)}(x-x_{\TZP})\log\left(\frac{\Lambda_{\text{UV}}}{\Lambda_{\text{IR}}}\right) \\ &\quad + \frac{\theta}{32\pi^2}\Tr[F \wedge F] + \kappa\Phi_{\text{integrated}} \cdot \mathcal{I}_{\text{density}} \Bigg] \end{align} Subject to constraints: \begin{itemize} \item Flux quantization: $\Phi = n\Phi_0$ \item Elsasser criticality: $\Lambda \approx 1$ \item Information conservation: $dI/dt \geq 0$ \item Topological invariance: $\chi_{\text{,toe_source_staged
univision.txt,308,\section{Observable Predictions},gyromagnetic_gravity,"\section{Observable Predictions} \begin{table}[h] \centering \begin{tabular}{|l|l|l|} \hline \textbf{Phenomenon} & \textbf{Prediction} & \textbf{Test} \\ \hline Gravitational modulation & $\Delta G/G \approx 10^{-10}$ (27.32 days) & Precision gravimetry \\ Toroidal GW polarization & Beyond $(+,\times)$ modes & LIGO/Virgo analysis \\ Dark matter clustering & Discrete $S^3$ nodes & Weak lensing surveys \\ Consciousness threshold & $\Phi_c = \sqrt{\hbar c^3/Ge^2}\alpha$ & Neural complexity \\ Magnetic flux jumps & $\Delta\Phi = n\Phi_0$ & Magnetospheric data \\ \hline \end{tabular} \caption{Falsifiable predictions across scales} \end{table}",toe_source_staged
univision.txt,328,\section{Conclusion},toe_unification,"\section{Conclusion} We have established a mathematically rigorous $\infty$-categorical framework unifying quantum mechanics, general relativity, and consciousness through topological field emergence. The theory's key insights: \begin{enumerate} \item Gravity emerges from quantum topology rather than being fundamental \item Rotation self-generates at Elsasser criticality rather than being primordial \item Consciousness has calculable mathematical threshold \item Dark matter manifests as discrete clustering on $S^3$ \item Information topology underlies matter/energy emergence \end{enumerate} The framework provides falsifiable predictions spanning quantum to cosmological scales, representing the first truly unified description of physical reality through topological field emergence. \section",toe_source_staged
