id,title,status,message,held_head,free_symbol_count,wolfram_candidate,canonical_equation
ID10872,Phone2 Category Type Theory Sum X I C C 1 NumCores 1 I,wolfram_equation_parse_verified,ToExpression parsed under HoldComplete,HoldComplete,3,"Sum[x[i,c], {c, 1, NumCores}] == 1","Sum[x[i,c], {c, 1, NumCores}] == 1, ∀i,"
ID10873,Phone2 Category Type Theory Morphisms Cobordisms M 1 M 2 W D+1 W M 1 M 2,wolfram_parse_error,ToExpression failed,,not_parsed,"Morphisms -> Cobordisms[(M$1, M$2) -> W^{d+1}: dW == M$1 + M̄_2]","Morphisms → Cobordisms[(M_1, M_2) ↦ W^{d+1}: ∂W = M_1 ⊔ M̄_2]"
ID10874,Phone2 Category Type Theory Sum X I C I 1 NumThreads ThreadsPerCore C,wolfram_equation_parse_verified,ToExpression parsed under HoldComplete,HoldComplete,4,"Sum[x[i,c], {i, 1, NumThreads}] <= ThreadsPerCore","Sum[x[i,c], {i, 1, NumThreads}] <= ThreadsPerCore, ∀c,"
ID10875,Phone2 Category Type Theory SheafCondition F Presheaf F U Lim V Cover U F V,wolfram_parse_error,ToExpression failed,,not_parsed,"SheafCondition -> : Presheaf, F(U) == lim_{V∈Cover(U)} F(V)","SheafCondition → ∀F: Presheaf, F(U) ≅ lim_{V∈Cover(U)} F(V)"
ID10876,Phone2 Category Type Theory F 2 Sum,wolfram_needs_cleanup,likely_incomplete_brackets,,not_parsed,F == 2 Sum[,F = 2 Sum[
ID10877,Phone2 Category Type Theory Φ Load Sum Load I 2 I 1 P Minimize Variance,wolfram_equation_parse_verified,ToExpression parsed under HoldComplete,HoldComplete,3,"Phi[load_] := Sum[load[i]^2, {i, 1, p}]","Φ[load_] := Sum[load[i]^2, {i, 1, p}], (* Minimize variance *)"
ID10878,Phone2 Category Type Theory P M T - M 0 Λ 2 Exp -λ / 2 Sum C I I,wolfram_parse_error,ToExpression failed,,not_parsed,"P[|M$T - M$0| > lambda] <= 2*Exp[-lambda^2/(2*Sum[c$i^2, {i}])]","P[|M_T - M_0| > λ] <= 2*Exp[-λ²/(2*Sum[c_i², {i}])],"
ID10879,Phone2 Category Type Theory 1/2 Sum,wolfram_needs_cleanup,likely_incomplete_brackets,,not_parsed,1/2 Sum[,1/2 Sum[
ID10880,Phone2 Category Type Theory Sum riemannTensor K I K J K 1 3,wolfram_equation_parse_verified,ToExpression parsed under HoldComplete,HoldComplete,4,"Sum[riemannTensor[[k, i, k, j]], {k, 1, 3}]","Sum[riemannTensor[[k, i, k, j]], {k, 1, 3}],"
ID10881,Phone2 Category Type Theory G/ Τ -2 ricciTensor G +,wolfram_needs_cleanup,likely_fragment,,not_parsed,dg/dtau == -2 * ricciTensor[g] +,∂g/∂τ = -2 * ricciTensor[g] +
ID10882,Phone2 Category Type Theory /2 Sum,wolfram_needs_cleanup,likely_incomplete_brackets,,not_parsed,hbar/2 Sum[,ħ/2 Sum[
ID10883,Phone2 Category Type Theory EntanglementRange Quantity 5 Millimeters,wolfram_equation_parse_verified,ToExpression parsed under HoldComplete,HoldComplete,0,"""EntanglementRange"" -> Quantity[5, ""Millimeters""]","""EntanglementRange"" → Quantity[5, ""Millimeters""],"
ID10884,Phone2 Category Type Theory Lim Hbar To 0 Left Langle Hat O Text Quantum Right R,wolfram_equation_parse_verified,ToExpression parsed under HoldComplete,HoldComplete,5,Limit OHat_{quantum} _{psi} == O_{classical}^{DAANSsphere},\lim_{\hbar \to 0} \left\langle \hat{O}_{\text{quantum}} \right\rangle_{\psi} = O_{\text{classical}}^{\text{DAANSsphere}}
ID10885,Phone2 Category Type Theory TimeLimit 100ms,wolfram_equation_parse_verified,ToExpression parsed under HoldComplete,HoldComplete,2,TimeLimit -> 100ms,TimeLimit → 100ms
ID10886,Phone2 Category Type Theory Sum P Ρ K/k K 0 P-1 + P Ρ P/ P 1-ρ,wolfram_equation_parse_verified,ToExpression parsed under HoldComplete,HoldComplete,3,"Sum[(p*rho)^k/k!, {k, 0, p-1}] + (p*rho)^p/(p!*(1-rho))","Sum[(p*ρ)^k/k!, {k, 0, p-1}] + (p*ρ)^p/(p!(1-ρ)),"
ID10887,Phone2 Category Type Theory Path Integrate,wolfram_needs_cleanup,likely_incomplete_brackets,,not_parsed,Action[path_] := Integrate[,𝒮[path_] := Integrate[
ID10888,Phone2 Category Type Theory K Xf X T Path Exp I Path /,wolfram_needs_cleanup,likely_fragment,,not_parsed,"K[xf, x0, T] == IntegrateMeasureD[path] Exp[I Action[path]/hbar] *","K[xf, x₀, T] = ∫𝒟[path] Exp[I 𝒮[path]/ħ] *"
ID10889,Phone2 Category Type Theory Ψ Sum,wolfram_needs_cleanup,likely_incomplete_brackets,,not_parsed,Lagrangian[psi] == Sum[,ℒ[ψ] = Sum[
ID10890,Phone2 Category Type Theory Form Sum,wolfram_needs_cleanup,likely_incomplete_brackets,,not_parsed,form == Sum[,form = Sum[
ID10891,Phone2 Category Type Theory EulerCharacteristic Sum,wolfram_needs_cleanup,likely_incomplete_brackets,,not_parsed,"""EulerCharacteristic"" -> Sum[","""EulerCharacteristic"" → Sum["
ID10892,Phone2 Category Type Theory MeasurementEntropy -Sum,wolfram_needs_cleanup,likely_incomplete_brackets,,not_parsed,"""MeasurementEntropy"" -> -Sum[","""MeasurementEntropy"" → -Sum["
ID10893,Phone2 Category Type Theory Cost Placement Sum,wolfram_needs_cleanup,likely_incomplete_brackets,,not_parsed,Cost[placement_] := Sum[,Cost[placement_] := Sum[
ID10894,Phone2 Category Type Theory Init I Threads Queue I,wolfram_parse_error,ToExpression failed,,not_parsed,Init == ∈ Threads: queue[i] = ⟨⟩,"Init == ∀ i ∈ Threads: queue[i] = ⟨⟩,"
ID10895,Phone2 Category Type Theory Next I J Threads Task Tasks,wolfram_parse_error,ToExpression failed,,not_parsed,"Next == j ∈ Threads, task ∈ Tasks:","Next == ∃ i,j ∈ Threads, task ∈ Tasks:"
ID10896,Phone2 Category Type Theory W P Solve E P E Target W 1,wolfram_equation_parse_verified,ToExpression parsed under HoldComplete,HoldComplete,3,"W[p] = Solve[E[p] == E$target, W][[1]]","W[p] = Solve[E[p] == E_target, W][[1]]"
ID10897,Phone2 Category Type Theory QuantumNeuralImpulsePropagator Module,wolfram_needs_cleanup,likely_incomplete_brackets,,not_parsed,QuantumNeuralImpulsePropagator := Module[,QuantumNeuralImpulsePropagator := Module[
ID10898,Phone2 Category Type Theory N 1000 Ε T/N Paths,wolfram_equation_parse_verified,ToExpression parsed under HoldComplete,HoldComplete,3,"{N == 1000, ε = T/N, paths}","{N = 1000, ε = T/N, paths},"
ID10899,Phone2 Category Type Theory ClassicalBit If sphereIndex 76800 1 0,wolfram_equation_parse_verified,ToExpression parsed under HoldComplete,HoldComplete,1,"""ClassicalBit"" -> If[sphereIndex <= 76800, 1, 0]","""ClassicalBit"" → If[sphereIndex ≤ 76800, 1, 0]"
ID10900,Phone2 Category Type Theory Text PathComplexity Text Entangled O Left Sqrt Frac,wolfram_equation_parse_verified,ToExpression parsed under HoldComplete,HoldComplete,3,PathComplexity_{entangled} == O(Sqrt[(N)/(76800)]) < PathComplexity_{classical} = O(N),\text{PathComplexity}_{\text{entangled}} = O\left(\sqrt{\frac{N}{76800}}\right) < \text{PathComplexity}_{\text{classical}} = O(N)
ID10901,Phone2 Category Type Theory Objects Thread I I 1,wolfram_parse_error,ToExpression failed,,not_parsed,Objects -> {Thread[i] | i ∈ {1,Objects → {Thread[i] | i ∈ {1
ID10902,Phone2 Category Type Theory Μ Id Id Δ Δ Μ Id Μ Δ Id,wolfram_equation_parse_verified,ToExpression parsed under HoldComplete,HoldComplete,3,(mu CircleTimes Id) @* (Id CircleTimes Δ) == Δ @* mu == (Id CircleTimes mu) @* (Δ CircleTimes Id),(μ ⊗ Id) ∘ (Id ⊗ Δ) == Δ ∘ μ == (Id ⊗ μ) ∘ (Δ ⊗ Id)
ID10903,Phone2 Category Type Theory F T C Cores T T T C,wolfram_parse_error,ToExpression failed,,not_parsed,f[T] == {c ∈ Cores | ∈ T: t ⊆ c},"f[T] = {c ∈ Cores | ∃t ∈ T: t ⊆ c},"
ID10904,Phone2 Category Type Theory Variables X I C 0 1,wolfram_equation_parse_verified,ToExpression parsed under HoldComplete,HoldComplete,2,"Variables -> x[i,c] ∈ {0,1}","Variables → x[i,c] ∈ {0,1}"
ID10905,Phone2 Category Type Theory ChunkSize Mod CacheLineSize 0 Alignment,wolfram_equation_parse_verified,ToExpression parsed under HoldComplete,HoldComplete,3,ChunkSize mod CacheLineSize == 0,"ChunkSize mod CacheLineSize == 0, (* Alignment *)"
ID10906,Phone2 Category Type Theory N Length Input Levels Log2 N Tree Sweep,wolfram_equation_parse_verified,ToExpression parsed under HoldComplete,HoldComplete,5,"{n == Length[input], levels = Log2[n], tree, sweep}","{n = Length[input], levels = Log2[n], tree, sweep},"
ID10907,Phone2 Category Type Theory InterferenceFreedom I J Statement S J In C J,wolfram_parse_error,ToExpression failed,,not_parsed,"InterferenceFreedom := ≠ j, s$j in C$j:","InterferenceFreedom := ∀ i ≠ j, ∀ statement s_j in C_j:"
ID10908,Phone2 Category Type Theory ReflectionFunctor Origin BaryCenter S 2,wolfram_equation_parse_verified,ToExpression parsed under HoldComplete,HoldComplete,2,ReflectionFunctor[origin -> BaryCenter[S^2]],"ReflectionFunctor[origin → BaryCenter[S^2]],"
ID10909,Phone2 Category Type Theory Enrichment SymmetricMonoidalCategory /2 -Mod,wolfram_equation_parse_verified,ToExpression parsed under HoldComplete,HoldComplete,2,Enrichment -> SymmetricMonoidalCategory[ℤ/2ℤ-Mod],"Enrichment → SymmetricMonoidalCategory[ℤ/2ℤ-Mod],"
ID10910,Phone2 Category Type Theory Cob D D+1 Category,wolfram_needs_cleanup,likely_incomplete_brackets,,not_parsed,"Cob_{d,d+1} == Category[","Cob_{d,d+1} = Category["
ID10911,Phone2 Category Type Theory hilbertSpace TensorProduct 10 11 10 Neurons,wolfram_equation_parse_verified,ToExpression parsed under HoldComplete,HoldComplete,3,hilbertSpace == TensorProduct[CircleTimesᵢ₌1^{10^11} ℂ^2],"hilbertSpace = TensorProduct[⊗ᵢ₌₁^{10^11} ℂ²], (* 10¹¹ neurons *)"
ID10912,Phone2 Category Type Theory sphereManifold FibonacciSphere 153600,wolfram_equation_parse_verified,ToExpression parsed under HoldComplete,HoldComplete,1,sphereManifold == FibonacciSphere[153600],"sphereManifold = FibonacciSphere[153600],"
ID10913,Phone2 Category Type Theory classicalBit If Abs quantumBit 0,wolfram_needs_cleanup,likely_incomplete_brackets,,not_parsed,classicalBit == If[Abs[quantumBit]^2 > 0,classicalBit = If[Abs[quantumBit]² > 0
ID10914,Phone2 Category Type Theory sphereAxis Mod I 153600 + 1,wolfram_equation_parse_verified,ToExpression parsed under HoldComplete,HoldComplete,2,"sphereAxis == Mod[i, 153600] + 1","sphereAxis = Mod[i, 153600] + 1,"
ID10915,Phone2 Category Type Theory Antipodal 153601 - sphereAxis,wolfram_equation_parse_verified,ToExpression parsed under HoldComplete,HoldComplete,2,antipodal == 153601 - sphereAxis,"antipodal = 153601 - sphereAxis,"
ID10916,Phone2 Category Type Theory hierarchyLevel Floor Log 10 I + 1,wolfram_equation_parse_verified,ToExpression parsed under HoldComplete,HoldComplete,2,"hierarchyLevel == Floor[Log[10, i + 1]]","hierarchyLevel = Floor[Log[10, i + 1]]"
ID10917,Phone2 Category Type Theory U I + 0,wolfram_needs_cleanup,likely_incomplete_brackets,,not_parsed,u == (i + 0,u = (i + 0
ID10918,Phone2 Category Type Theory Φ 2π i/GoldenRatio,wolfram_equation_parse_verified,ToExpression parsed under HoldComplete,HoldComplete,2,phi == 2Pi i/GoldenRatio,"φ = 2π i/GoldenRatio,"
ID10919,Phone2 Category Type Theory Z 1 - 2u,wolfram_equation_parse_verified,ToExpression parsed under HoldComplete,HoldComplete,2,z == 1 - 2u,"z = 1 - 2u,"
ID10920,Phone2 Category Type Theory R 1 - Z,wolfram_equation_parse_verified,ToExpression parsed under HoldComplete,HoldComplete,2,r == Sqrt(1 - z^2),r = √(1 - z²)
ID10921,Phone2 Category Type Theory DepthParameter Α Log sphereAxis + 0,wolfram_needs_cleanup,likely_incomplete_brackets,,not_parsed,"""DepthParameter"" -> alpha Log[(sphereAxis + 0","""DepthParameter"" → α Log[(sphereAxis + 0"
ID10922,Phone2 Category Type Theory sphereMetric DiagonalMatrix 1 Sin Θ 1 S Metric,wolfram_equation_parse_verified,ToExpression parsed under HoldComplete,HoldComplete,2,"sphereMetric == DiagonalMatrix[{1, Sin[theta]^2, 1}]","sphereMetric = DiagonalMatrix[{1, Sin[θ]², 1}], (* S² metric *)"
ID10923,Phone2 Category Type Theory sphereIndex Mod Hash Point SHA256 153600 + 1,wolfram_equation_parse_verified,ToExpression parsed under HoldComplete,HoldComplete,2,"sphereIndex == Mod[Hash[point, ""SHA256""], 153600] + 1","sphereIndex = Mod[Hash[point, ""SHA256""], 153600] + 1"
ID10924,Phone2 Category Type Theory hierarchyLevel Floor Log 10 Norm Point + 1,wolfram_equation_parse_verified,ToExpression parsed under HoldComplete,HoldComplete,2,"hierarchyLevel == Floor[Log[10, Norm[point] + 1]]","hierarchyLevel = Floor[Log[10, Norm[point] + 1]]"
ID10925,Phone2 Category Type Theory U sphereIndex + 0,wolfram_needs_cleanup,likely_incomplete_brackets,,not_parsed,u == (sphereIndex + 0,u = (sphereIndex + 0
ID10926,Phone2 Category Type Theory T Depth Α Log U/ 1-u,wolfram_equation_parse_verified,ToExpression parsed under HoldComplete,HoldComplete,3,t$depth == alpha Log[u/(1-u)],t_depth = α Log[u/(1-u)]
ID10927,Phone2 Category Type Theory EntangledAxis 153601 - sphereIndex,wolfram_equation_parse_verified,ToExpression parsed under HoldComplete,HoldComplete,1,"""EntangledAxis"" -> 153601 - sphereIndex","""EntangledAxis"" → 153601 - sphereIndex,"
ID10928,Phone2 Category Type Theory dW kB T/ RandomVariate NormalDistribution 0 Dt,wolfram_equation_parse_verified,ToExpression parsed under HoldComplete,HoldComplete,5,"dW == Sqrt(kB T/hbar) RandomVariate[NormalDistribution[0, dt]]","dW = √(kB T/ħ) RandomVariate[NormalDistribution[0, dt]]"
ID10929,Phone2 Category Type Theory Landscape T Max 0 Min T - Birth Death - T,wolfram_equation_parse_verified,ToExpression parsed under HoldComplete,HoldComplete,3,"landscape[t_] := Max[0, Min[t - birth, death - t]]","landscape[t_] := Max[0, Min[t - birth, death - t]]"
ID10930,Phone2 Category Type Theory StableRank Count persistenceDiagram B D /,wolfram_needs_cleanup,likely_incomplete_brackets,,not_parsed,"""StableRank"" -> Count[persistenceDiagram, {b_, d_} /","""StableRank"" → Count[persistenceDiagram, {b_, d_} /"
ID10931,Phone2 Category Type Theory TopologicalComplexity Total Map 2 - 1 persistenceDia,wolfram_equation_parse_verified,ToExpression parsed under HoldComplete,HoldComplete,1,"""TopologicalComplexity"" -> Total[Map[(#[[2]] - #[[1]])^2 &, persistenceDiagram]]","""TopologicalComplexity"" → Total[Map[(#[[2]] - #[[1]])² &, persistenceDiagram]]"
ID10932,Phone2 Category Type Theory If I 76800,wolfram_needs_cleanup,likely_incomplete_brackets,,not_parsed,If[i <= 76800,"If[i ≤ 76800,"
ID10933,Phone2 Category Type Theory EntanglementWitness Tr Π 1,wolfram_needs_cleanup,likely_incomplete_brackets,,not_parsed,"""EntanglementWitness"" -> Tr[Product[[1","""EntanglementWitness"" → Tr[Π[[1"
ID10934,Phone2 Category Type Theory ElectrodeArray 1024 Channels 96 Threads,wolfram_equation_parse_verified,ToExpression parsed under HoldComplete,HoldComplete,0,"""ElectrodeArray"" -> ""1024 channels * 96 threads""","""ElectrodeArray"" → ""1024 channels × 96 threads"","
ID10935,Phone2 Category Type Theory SamplingRate Quantity 30000 Hertz,wolfram_equation_parse_verified,ToExpression parsed under HoldComplete,HoldComplete,0,"""SamplingRate"" -> Quantity[30000, ""Hertz""]","""SamplingRate"" → Quantity[30000, ""Hertz""],"
ID10936,Phone2 Category Type Theory BitDepth 10 10-bit ADC,wolfram_equation_parse_verified,ToExpression parsed under HoldComplete,HoldComplete,0,"""BitDepth"" -> 10","""BitDepth"" → 10, (* 10-bit ADC *)"
ID10937,Phone2 Category Type Theory SpatialResolution Quantity 50 Micrometers,wolfram_equation_parse_verified,ToExpression parsed under HoldComplete,HoldComplete,0,"""SpatialResolution"" -> Quantity[50, ""Micrometers""]","""SpatialResolution"" → Quantity[50, ""Micrometers""],"
ID10938,Phone2 Category Type Theory Θ ArcCos 1 - 2 I + 0,wolfram_needs_cleanup,likely_incomplete_brackets,,not_parsed,theta == ArcCos[1 - 2(i + 0,θ = ArcCos[1 - 2(i + 0
ID10939,Phone2 Category Type Theory Depth I + 0,wolfram_needs_cleanup,likely_incomplete_brackets,,not_parsed,depth == (i + 0,depth = (i + 0
ID10940,Phone2 Category Type Theory entangledPartner 153601 - sphereCoordinate,wolfram_equation_parse_verified,ToExpression parsed under HoldComplete,HoldComplete,2,entangledPartner == 153601 - sphereCoordinate,"entangledPartner = 153601 - sphereCoordinate,"
ID10941,Phone2 Category Type Theory SphereAxis Mod Hash nextNeuron 153600 + 1,wolfram_equation_parse_verified,ToExpression parsed under HoldComplete,HoldComplete,1,"""SphereAxis"" -> Mod[Hash[nextNeuron], 153600] + 1","""SphereAxis"" → Mod[Hash[nextNeuron], 153600] + 1,"
ID10942,Phone2 Category Type Theory EntangledAxis 153601 - Mod Hash nextNeuron 153600,wolfram_equation_parse_verified,ToExpression parsed under HoldComplete,HoldComplete,1,"""EntangledAxis"" -> 153601 - Mod[Hash[nextNeuron], 153600]","""EntangledAxis"" → 153601 - Mod[Hash[nextNeuron], 153600],"
ID10943,Phone2 Category Type Theory ClassicalBit If Abs quantumState 0,wolfram_needs_cleanup,likely_incomplete_brackets,,not_parsed,"""ClassicalBit"" -> If[Abs[quantumState]^2 > 0","""ClassicalBit"" → If[Abs[quantumState]² > 0"
ID10944,Phone2 Category Type Theory TemporalResolution Quantity 0,wolfram_needs_cleanup,likely_incomplete_brackets,,not_parsed,"""TemporalResolution"" -> Quantity[0","""TemporalResolution"" → Quantity[0"
ID10945,Phone2 Category Type Theory SpatialAccuracy Quantity 10 Micrometers,wolfram_equation_parse_verified,ToExpression parsed under HoldComplete,HoldComplete,0,"""SpatialAccuracy"" -> Quantity[10, ""Micrometers""]","""SpatialAccuracy"" → Quantity[10, ""Micrometers""],"
ID10946,Phone2 Category Type Theory SimultaneousChannels 76800 Antipodal Pairs,wolfram_equation_parse_verified,ToExpression parsed under HoldComplete,HoldComplete,0,"""SimultaneousChannels"" -> 76800","""SimultaneousChannels"" → 76800, (* Antipodal pairs *)"
ID10947,Phone2 Category Type Theory InformationCapacity Quantity Log2 153600 30000 Bits,wolfram_equation_parse_verified,ToExpression parsed under HoldComplete,HoldComplete,0,"""InformationCapacity"" -> Quantity[Log2[153600] * 30000, ""Bits""/""Second""]","""InformationCapacity"" → Quantity[Log2[153600] * 30000, ""Bits""/""Second""]"
ID10948,Phone2 Category Type Theory Pivot Floor Length Deque /2,wolfram_equation_parse_verified,ToExpression parsed under HoldComplete,HoldComplete,2,pivot == Floor[Length[deque]/2],pivot = Floor[Length[deque]/2]
ID10949,Phone2 Category Type Theory Top AtomicInteger 0,wolfram_equation_parse_verified,ToExpression parsed under HoldComplete,HoldComplete,1,top == AtomicInteger[0],"top = AtomicInteger[0],"
ID10950,Phone2 Category Type Theory Bottom AtomicInteger 0,wolfram_equation_parse_verified,ToExpression parsed under HoldComplete,HoldComplete,1,bottom == AtomicInteger[0],"bottom = AtomicInteger[0],"
ID10951,Phone2 Category Type Theory If Size Array,wolfram_needs_cleanup,likely_incomplete_brackets,,not_parsed,If[size >= array,If[size >= array
ID10952,Phone2 Category Type Theory Task Array,wolfram_equation_parse_verified,ToExpression parsed under HoldComplete,HoldComplete,2,task == array,task = array
ID10953,Phone2 Category Type Theory IntraCore Latency 0,wolfram_needs_cleanup,likely_incomplete_brackets,,not_parsed,IntraCore -> Latency[~0,IntraCore → Latency[~0
ID10954,Phone2 Category Type Theory IntraSocket Latency 10ns,wolfram_parse_error,ToExpression failed,,not_parsed,IntraSocket -> Latency[~10ns],"IntraSocket → Latency[~10ns],"
ID10955,Phone2 Category Type Theory InterSocket Latency 100ns,wolfram_parse_error,ToExpression failed,,not_parsed,InterSocket -> Latency[~100ns],"InterSocket → Latency[~100ns],"
ID10956,Phone2 Category Type Theory RemoteMemory Latency 300ns,wolfram_parse_error,ToExpression failed,,not_parsed,RemoteMemory -> Latency[~300ns],RemoteMemory → Latency[~300ns]
ID10957,Phone2 Category Type Theory X I C X J C Compatible C C I J CommunicatingPairs,wolfram_parse_error,ToExpression failed,,not_parsed,"x[i,c] * x[j,c'] <= Compatible[c,c'], ∀(i,j) ∈ CommunicatingPairs","x[i,c] * x[j,c'] <= Compatible[c,c'], ∀(i,j) ∈ CommunicatingPairs"
ID10958,Phone2 Category Type Theory C N2 N/2,wolfram_equation_parse_verified,ToExpression parsed under HoldComplete,HoldComplete,2,"{C, n2 == n/2}","{C, n2 = n/2},"
ID10959,Phone2 Category Type Theory A11 A12 A21 A22 Quadrants A,wolfram_equation_parse_verified,ToExpression parsed under HoldComplete,HoldComplete,5,"{A11, A12, A21, A22} == Quadrants[A]","{A11, A12, A21, A22} = Quadrants[A]"
ID10960,Phone2 Category Type Theory B11 B12 B21 B22 Quadrants B,wolfram_equation_parse_verified,ToExpression parsed under HoldComplete,HoldComplete,5,"{B11, B12, B21, B22} == Quadrants[B]","{B11, B12, B21, B22} = Quadrants[B]"
ID10961,Phone2 Category Type Theory C11 RecursiveMultiply A11 B11 N2 +,wolfram_needs_cleanup,likely_fragment,,not_parsed,"C11 == RecursiveMultiply[A11, B11, n2] +","C11 = RecursiveMultiply[A11, B11, n2] +"
ID10962,Phone2 Category Type Theory C12 RecursiveMultiply A11 B12 N2 +,wolfram_needs_cleanup,likely_fragment,,not_parsed,"C12 == RecursiveMultiply[A11, B12, n2] +","C12 = RecursiveMultiply[A11, B12, n2] +"
ID10963,Phone2 Category Type Theory C21 RecursiveMultiply A21 B11 N2 +,wolfram_needs_cleanup,likely_fragment,,not_parsed,"C21 == RecursiveMultiply[A21, B11, n2] +","C21 = RecursiveMultiply[A21, B11, n2] +"
ID10964,Phone2 Category Type Theory C22 RecursiveMultiply A21 B12 N2 +,wolfram_needs_cleanup,likely_fragment,,not_parsed,"C22 == RecursiveMultiply[A21, B12, n2] +","C22 = RecursiveMultiply[A21, B12, n2] +"
ID10965,Phone2 Category Type Theory L1Size 32KB,wolfram_equation_parse_verified,ToExpression parsed under HoldComplete,HoldComplete,2,L1Size == 32KB,"L1Size = 32KB,"
ID10966,Phone2 Category Type Theory L2Size 256KB,wolfram_equation_parse_verified,ToExpression parsed under HoldComplete,HoldComplete,2,L2Size == 256KB,"L2Size = 256KB,"
ID10967,Phone2 Category Type Theory L3Size 8MB,wolfram_equation_parse_verified,ToExpression parsed under HoldComplete,HoldComplete,2,L3Size == 8MB,"L3Size = 8MB,"
ID10968,Phone2 Category Type Theory WorkingSetSize 3 ChunkSize ElementSize A B C Tiles,wolfram_equation_parse_verified,ToExpression parsed under HoldComplete,HoldComplete,3,WorkingSetSize == 3 * ChunkSize * ElementSize,"WorkingSetSize = 3 * ChunkSize * ElementSize, (* A, B, C tiles *)"
ID10969,Phone2 Category Type Theory WorkingSetSize 0,wolfram_equation_parse_verified,ToExpression parsed under HoldComplete,HoldComplete,1,WorkingSetSize <= 0,WorkingSetSize <= 0
ID10970,Phone2 Category Type Theory ChunkSize 64 Typically Optimal For Double Precision,wolfram_needs_cleanup,likely_incomplete_brackets,,not_parsed,ChunkSize == 64 (* Typically optimal for double precision */,ChunkSize = 64 (* Typically optimal for double precision */
ID10971,Phone2 Category Type Theory Tree 2 L+1 K + 2 L,wolfram_parse_error,ToExpression failed,,not_parsed,tree[[2^(l+1)*k + 2^l]] ==,tree[[2^(l+1)*k + 2^l]] =
ID10972,Phone2 Category Type Theory Left 2 L+1 K,wolfram_equation_parse_verified,ToExpression parsed under HoldComplete,HoldComplete,3,left == 2^(l+1)*k,left = 2^(l+1)*k
ID10973,Phone2 Category Type Theory Right Left + 2 L,wolfram_equation_parse_verified,ToExpression parsed under HoldComplete,HoldComplete,3,right == left + 2^l,right = left + 2^l
ID10974,Phone2 Category Type Theory Boundary 0 Non-negative Queue Length,wolfram_equation_parse_verified,ToExpression parsed under HoldComplete,HoldComplete,1,Boundary -> 0,Boundary → 0 (* Non-negative queue length *)
ID10975,Phone2 Category Type Theory P Max M 1 - 1 - 1/n D M - 1 - 2/n D M,wolfram_equation_parse_verified,ToExpression parsed under HoldComplete,HoldComplete,3,P$max[m] == (1 - (1 - 1/n)^d)^m - (1 - 2/n)^(d*m),"P_max[m] = (1 - (1 - 1/n)^d)^m - (1 - 2/n)^(d*m),"
ID10976,Phone2 Category Type Theory E Max Log N /Log D + O 1,wolfram_equation_parse_verified,ToExpression parsed under HoldComplete,HoldComplete,3,E$max == Log[n]/Log[d] + O[1],"E_max = Log[n]/Log[d] + O[1],"
ID10977,Phone2 Category Type Theory P MaxLoad E Max + T N Exp -d T / 2n,wolfram_equation_parse_verified,ToExpression parsed under HoldComplete,HoldComplete,5,P[MaxLoad > E$max + t] <= n * Exp[-d * t^2/(2n)],P[MaxLoad > E_max + t] <= n * Exp[-d * t²/(2n)]
ID10978,Phone2 Category Type Theory D Optimal 2 Two-choice Paradigm,wolfram_equation_parse_verified,ToExpression parsed under HoldComplete,HoldComplete,1,d$optimal == 2,d_optimal = 2 (* Two-choice paradigm *)
ID10979,Phone2 Category Type Theory C I Max E Φ Ball I Bin J - E Φ Ball I Bin K,wolfram_parse_error,ToExpression failed,,not_parsed,c$i == Max[|E[Phi | ball i -> bin j] - E[Phi | ball i -> bin k]|],c_i = Max[|E[Φ | ball i → bin j] - E[Φ | ball i → bin k]|]
ID10980,Phone2 Category Type Theory P Wait P Ρ P/ P,wolfram_needs_cleanup,likely_incomplete_brackets,,not_parsed,P$wait == (p*rho)^p/(p,P_wait = (p*ρ)^p/(p
ID10981,Phone2 Category Type Theory W Avg 1/μ + P Wait/ P Μ 1-ρ,wolfram_equation_parse_verified,ToExpression parsed under HoldComplete,HoldComplete,5,W$avg == 1/mu + P$wait/(p*mu*(1-rho)),"W_avg = 1/μ + P_wait/(p*μ*(1-ρ)),"
ID10982,Phone2 Category Type Theory P W T P Wait Exp - P Μ 1-ρ T,wolfram_equation_parse_verified,ToExpression parsed under HoldComplete,HoldComplete,6,P[W > t] == P$wait * Exp[-(p*mu*(1-rho))*t],P[W > t] = P_wait * Exp[-(p*μ*(1-ρ))*t]
ID10983,Phone2 Category Type Theory Distribution PDF P T CDF F T Mean W Avg,wolfram_equation_parse_verified,ToExpression parsed under HoldComplete,HoldComplete,2,"Distribution[PDF -> p[t], CDF -> F[t], Mean -> W$avg]","Distribution[PDF → p[t], CDF → F[t], Mean → W_avg]"
ID10984,Phone2 Category Type Theory InvariantPreservation I S I In C I,wolfram_parse_error,ToExpression failed,,not_parsed,InvariantPreservation := _i in C$i:,"InvariantPreservation := ∀ i, ∀ s_i in C_i:"
ID10985,Phone2 Category Type Theory H Sequence Op 1 T 1 Op 2 T 2,wolfram_needs_cleanup,likely_incomplete_brackets,,not_parsed,"H == Sequence[op$1[t$1], op$2[t$2]","H = Sequence[op_1[t_1], op_2[t_2],"
ID10986,Phone2 Category Type Theory VC Thread I Table 0 J 1 NumThreads,wolfram_equation_parse_verified,ToExpression parsed under HoldComplete,HoldComplete,3,"VC[thread$i] == Table[0, {j, 1, NumThreads}]","VC[thread_i] = Table[0, {j, 1, NumThreads}],"
ID10987,Phone2 Category Type Theory Safety TotalTasks InitialTasks,wolfram_equation_parse_verified,ToExpression parsed under HoldComplete,HoldComplete,4,Safety == □(TotalTasks = InitialTasks),"Safety == □(TotalTasks = InitialTasks),"
ID10988,Phone2 Category Type Theory 1/ 1-f + F/p + Κ Log P Κ Communication Overhead,wolfram_equation_parse_verified,ToExpression parsed under HoldComplete,HoldComplete,3,1/((1-f) + f/p + κ*Log[p]),"1/((1-f) + f/p + κ*Log[p]), (* κ = communication overhead *)"
ID10989,Phone2 Category Type Theory Weights 1/VarianceEstimate,wolfram_equation_parse_verified,ToExpression parsed under HoldComplete,HoldComplete,1,Weights -> 1/VarianceEstimate,"Weights → 1/VarianceEstimate,"
ID10990,Phone2 Category Type Theory ConfidenceLevel 0,wolfram_equation_parse_verified,ToExpression parsed under HoldComplete,HoldComplete,0,ConfidenceLevel -> 0,ConfidenceLevel → 0
ID10991,Phone2 Category Type Theory RotationFunctor Axis E Z Angle Π,wolfram_equation_parse_verified,ToExpression parsed under HoldComplete,HoldComplete,3,"RotationFunctor[axis -> e$z, angle -> Pi]","RotationFunctor[axis → e_z, angle → π]"
ID10992,Phone2 Category Type Theory Functor T,wolfram_equation_parse_verified,ToExpression parsed under HoldComplete,HoldComplete,3,Functor -> T: 𝓣 -> 𝓣,"Functor → T: 𝓣 → 𝓣,"
ID10993,Phone2 Category Type Theory Statement SplitArch GPU-Category CPU-Category Perfor,wolfram_equation_parse_verified,ToExpression parsed under HoldComplete,HoldComplete,6,Statement -> SplitArch : GPU-Category * CPU-Category -> Performance-Category,Statement → SplitArch : GPU-Category × CPU-Category → Performance-Category
ID10994,Phone2 Category Type Theory RuntimeOptions Speed EvaluateSymbolically False,wolfram_equation_parse_verified,ToExpression parsed under HoldComplete,HoldComplete,0,"RuntimeOptions -> {""Speed"", ""EvaluateSymbolically"" -> False}","RuntimeOptions → {""Speed"", ""EvaluateSymbolically"" → False}"
ID10995,Phone2 Category Type Theory vonNeumannEntropy -Tr Ρ Log Ρ /,wolfram_needs_cleanup,likely_fragment,,not_parsed,vonNeumannEntropy == -Tr[rho Log[rho]] /,vonNeumannEntropy = -Tr[ρ Log[ρ]] /
ID10996,Phone2 Category Type Theory Ρ ReducedDensityMatrix Ψ Ψ,wolfram_equation_parse_verified,ToExpression parsed under HoldComplete,HoldComplete,3,rho -> ReducedDensityMatrix[psi1 CircleTimes psi2],"ρ → ReducedDensityMatrix[ψ₁ ⊗ ψ₂],"
ID10997,Phone2 Category Type Theory I X Text Neural Y Text Measured Leq Log 2 153600 + S,wolfram_equation_parse_verified,ToExpression parsed under HoldComplete,HoldComplete,9,I(X_{neural}; Y_{measured}) leq log$2(153600) + S(rho_{entangled}),I(X_{\text{neural}}; Y_{\text{measured}}) \leq \log_2(153600) + S(\rho_{\text{entangled}})
ID10998,Phone2 Category Type Theory N K K Morphisms IteratedTransformations,wolfram_parse_error,ToExpression failed,,not_parsed,"n == k_, k$Morphisms[IteratedTransformations]","n == k_, k_Morphisms[IteratedTransformations]"
ID10999,Phone2 Category Type Theory Morphisms Hom Thread I Thread J WorkPacket Τ Ij,wolfram_parse_error,ToExpression failed,,not_parsed,"Morphisms -> Hom(Thread[i], Thread[j]) == WorkPacket[tau$ij]","Morphisms → Hom(Thread[i], Thread[j]) = WorkPacket[τ_ij],"
ID11000,Phone2 Category Type Theory Composition Async Hom J K Hom I J Hom I K,wolfram_parse_error,ToExpression failed,,not_parsed,"Composition -> @*_async: Hom(j,k) CircleTimes$CirclePlus Hom(i,j) -> Hom(i,k)","Composition → ∘_async: Hom(j,k) ⊗_⊕ Hom(i,j) → Hom(i,k)"
ID11001,Phone2 Category Type Theory CoProduct Δ Split Work,wolfram_equation_parse_verified,ToExpression parsed under HoldComplete,HoldComplete,3,CoProduct -> Δ: 𝓦 -> 𝓦 CircleTimes 𝓦,"CoProduct → Δ: 𝓦 → 𝓦 ⊗ 𝓦, (* Split work *)"
ID11002,Phone2 Category Type Theory Product Μ Merge Results,wolfram_equation_parse_verified,ToExpression parsed under HoldComplete,HoldComplete,2,Product -> mu: 𝓦 CircleTimes 𝓦 -> 𝓦,"Product → μ: 𝓦 ⊗ 𝓦 → 𝓦, (* Merge results *)"
ID11003,Phone2 Category Type Theory B Bottom,wolfram_parse_error,ToExpression failed,,not_parsed,{b == bottom,{b = bottom
ID11004,Phone2 Category Type Theory Get T Top,wolfram_parse_error,ToExpression failed,,not_parsed,"get[], t == top","get[], t = top"
ID11005,Phone2 Category Type Theory decrementAndGet T Top,wolfram_parse_error,ToExpression failed,,not_parsed,"decrementAndGet[], t == top","decrementAndGet[], t = top"
ID11006,Phone2 Category Type Theory T Top,wolfram_parse_error,ToExpression failed,,not_parsed,{t == top,{t = top
ID11007,Phone2 Category Type Theory Get B Bottom,wolfram_parse_error,ToExpression failed,,not_parsed,"get[], b == bottom","get[], b = bottom"
ID11008,Phone2 Category Type Theory Composition G K F Μ B T G F,wolfram_equation_parse_verified,ToExpression parsed under HoldComplete,HoldComplete,3,Composition -> g @*_K f == mu$B @* T[g] @* f,Composition → g ∘_K f = μ_B ∘ T[g] ∘ f
ID11009,Phone2 Category Type Theory G C C C Threads C,wolfram_parse_error,ToExpression failed,,not_parsed,g[C] == ⋃_{c ∈ C} Threads(c),"g[C] = ⋃_{c ∈ C} Threads(c),"
ID11010,Phone2 Category Type Theory Proof T C F T C T G C,wolfram_equation_parse_verified,ToExpression parsed under HoldComplete,HoldComplete,2,Proof := C: f[T] ⊆ C ⟺ T ⊆ g[C],"Proof := ∀T,C: f[T] ⊆ C ⟺ T ⊆ g[C]"
ID11011,Phone2 Category Type Theory TransitionFunction Δ State Action Case,wolfram_needs_cleanup,likely_incomplete_brackets,,not_parsed,"TransitionFunction -> delta[state, action] == Case[","TransitionFunction → δ[state, action] = Case["
ID11012,Phone2 Category Type Theory Drift Λ - P Μ P Number Of Processors,wolfram_equation_parse_verified,ToExpression parsed under HoldComplete,HoldComplete,4,Drift -> lambda - p*mu,"Drift → λ - p*μ, (* p = number of processors *)"
ID11013,Phone2 Category Type Theory Diffusion Sqrt Λ + P Μ Cv Cv Coefficient Of Variatio,wolfram_equation_parse_verified,ToExpression parsed under HoldComplete,HoldComplete,5,Diffusion -> Sqrt[lambda + p*mu^2*Cv^2],"Diffusion → Sqrt[λ + p*μ²*Cv²], (* Cv = coefficient of variation *)"
ID11014,Phone2 Category Type Theory LocalCorrectness Thread I,wolfram_parse_error,ToExpression failed,,not_parsed,LocalCorrectness := _i:,LocalCorrectness := ∀ thread_i:
ID11015,Phone2 Category Type Theory Apply Σ S ObservedBehavior H,wolfram_equation_parse_verified,ToExpression parsed under HoldComplete,HoldComplete,3,"Apply[σ, S] == ObservedBehavior[H]","Apply[σ, S] == ObservedBehavior[H]"
ID11016,Phone2 Category Type Theory Push I Task,wolfram_parse_error,ToExpression failed,,not_parsed,"Push[i, task] ==","Push[i, task] =="
ID11017,Phone2 Category Type Theory Queue Queue EXCEPT,wolfram_needs_cleanup,likely_incomplete_brackets,,not_parsed,queue' == [queue EXCEPT,queue' = [queue EXCEPT
ID11018,Phone2 Category Type Theory I Append Queue I Task,wolfram_needs_cleanup,likely_incomplete_brackets,,not_parsed,"[i] == Append[queue[i], task]]","[i] = Append[queue[i], task]],"
ID11019,Phone2 Category Type Theory Steal I J,wolfram_parse_error,ToExpression failed,,not_parsed,"Steal[i, j] ==","Steal[i, j] =="
ID11020,Phone2 Category Type Theory Fairness WF Vars Next,wolfram_equation_parse_verified,ToExpression parsed under HoldComplete,HoldComplete,2,Fairness == WF$vars(Next),"Fairness == WF_vars(Next),"
ID11021,Phone2 Category Type Theory Liveness AllQueuesEmpty,wolfram_equation_parse_verified,ToExpression parsed under HoldComplete,HoldComplete,3,Liveness == ◇□(AllQueuesEmpty),Liveness == ◇□(AllQueuesEmpty)
ID11022,Phone2 Category Type Theory Composition AntipodalFunctor,wolfram_equation_parse_verified,ToExpression parsed under HoldComplete,HoldComplete,1,Composition -> AntipodalFunctor,Composition → AntipodalFunctor
ID11023,Phone2 Category Type Theory FundamentalHomeomorphismTheorem Module,wolfram_needs_cleanup,likely_incomplete_brackets,,not_parsed,FundamentalHomeomorphismTheorem := Module[,FundamentalHomeomorphismTheorem := Module[
ID11024,Phone2 Category Type Theory AntipodalEntanglementTopos Module,wolfram_needs_cleanup,likely_incomplete_brackets,,not_parsed,AntipodalEntanglementTopos := Module[,AntipodalEntanglementTopos := Module[
ID11025,Phone2 Category Type Theory HigherTopos,wolfram_needs_cleanup,likely_incomplete_brackets,,not_parsed,𝓣 == HigherTopos[,𝓣 = HigherTopos[
ID11026,Phone2 Category Type Theory Objects InfinityCategory,wolfram_needs_cleanup,likely_incomplete_brackets,,not_parsed,Objects -> InfinityCategory[,Objects → InfinityCategory[
ID11027,Phone2 Category Type Theory Source IdFunctor DAANSsphere,wolfram_equation_parse_verified,ToExpression parsed under HoldComplete,HoldComplete,2,Source -> IdFunctor[DAANSsphere],"Source → IdFunctor[DAANSsphere],"
ID11028,Phone2 Category Type Theory Target ComposeFunctors,wolfram_needs_cleanup,likely_incomplete_brackets,,not_parsed,Target -> ComposeFunctors[,Target → ComposeFunctors[
ID11029,Phone2 Category Type Theory Monad Monad,wolfram_needs_cleanup,likely_incomplete_brackets,,not_parsed,𝓔_monad == Monad[,𝓔_monad = Monad[
ID11030,Phone2 Category Type Theory InventionTopos Module,wolfram_needs_cleanup,likely_incomplete_brackets,,not_parsed,InventionTopos := Module[,InventionTopos := Module[
ID11031,Phone2 Category Type Theory CategoryTheory Topos,wolfram_needs_cleanup,likely_incomplete_brackets,,not_parsed,𝓣 == CategoryTheory`Topos[,𝓣 = CategoryTheory`Topos[
ID11032,Phone2 Category Type Theory Morphisms DirectCommunication NaturalTransformation,wolfram_equation_parse_verified,ToExpression parsed under HoldComplete,HoldComplete,4,"Morphisms -> {DirectCommunication, NaturalTransformation, StochasticKernel}","Morphisms → {DirectCommunication, NaturalTransformation, StochasticKernel},"
ID11033,Phone2 Category Type Theory ParserMonad StateMonad TokenStream,wolfram_equation_parse_verified,ToExpression parsed under HoldComplete,HoldComplete,2,ParserMonad == StateMonad[TokenStream],"ParserMonad = StateMonad[TokenStream],"
ID11034,Phone2 Category Type Theory SplitArchitectureFunctorialityTheorem,wolfram_parse_error,ToExpression failed,,not_parsed,SplitArchitectureFunctorialityTheorem :=,SplitArchitectureFunctorialityTheorem :=
ID11035,Phone2 Category Type Theory GPU Cat Category,wolfram_needs_cleanup,likely_incomplete_brackets,,not_parsed,GPU$Cat == Category[,GPU_Cat = Category[
ID11036,Phone2 Category Type Theory Morphisms DrawCalls StateChanges,wolfram_equation_parse_verified,ToExpression parsed under HoldComplete,HoldComplete,3,"Morphisms -> {DrawCalls, StateChanges}","Morphisms → {DrawCalls, StateChanges}"
ID11037,Phone2 Category Type Theory CPU Cat Category,wolfram_needs_cleanup,likely_incomplete_brackets,,not_parsed,CPU$Cat == Category[,CPU_Cat = Category[
ID11038,Phone2 Category Type Theory Morphisms Updates Messages,wolfram_equation_parse_verified,ToExpression parsed under HoldComplete,HoldComplete,2,"Morphisms -> {Updates, Messages}","Morphisms → {Updates, Messages}"
ID11039,Phone2 Category Type Theory Performance Cat Category,wolfram_needs_cleanup,likely_incomplete_brackets,,not_parsed,Performance$Cat == Category[,Performance_Cat = Category[
ID11040,Phone2 Category Type Theory Morphisms Optimizations,wolfram_equation_parse_verified,ToExpression parsed under HoldComplete,HoldComplete,2,Morphisms -> {Optimizations},Morphisms → {Optimizations}
ID11041,Phone2 Category Type Theory Categorical Quantum-Classical Neural Functor QC Hilb,wolfram_needs_cleanup,likely_fragment,,not_parsed,Categorical Quantum-Classical Neural Functor: 𝔉_QC : Hilbert$Neural CircleTimes DAANSsphere -> Observable$Consciousness**,Categorical Quantum-Classical Neural Functor: 𝔉_QC : Hilbert_Neural ⊗ DAANSsphere → Observable_Consciousness**
ID11042,Phone2 Category Type Theory QuantumNeuralEntanglementProtocol Module,wolfram_needs_cleanup,likely_incomplete_brackets,,not_parsed,QuantumNeuralEntanglementProtocol := Module[,QuantumNeuralEntanglementProtocol := Module[
ID11043,Phone2 Category Type Theory QuantumNeural CompiledFunction,wolfram_needs_cleanup,likely_incomplete_brackets,,not_parsed,𝔉_QuantumNeural == CompiledFunction[,𝔉_QuantumNeural = CompiledFunction[
ID11044,Phone2 Category Type Theory bellStates Table,wolfram_needs_cleanup,likely_incomplete_brackets,,not_parsed,bellStates == Table[,bellStates = Table[
ID11045,Phone2 Category Type Theory entanglementMatrix SparseArray,wolfram_needs_cleanup,likely_incomplete_brackets,,not_parsed,entanglementMatrix == SparseArray[,entanglementMatrix = SparseArray[
ID11046,Phone2 Category Type Theory Neuron Neuron,wolfram_parse_error,ToExpression failed,,not_parsed,"{neuronᵢ, neuronⱼ} ->","{neuronᵢ, neuronⱼ} →"
ID11047,Phone2 Category Type Theory classicalRelayMap Association,wolfram_needs_cleanup,likely_incomplete_brackets,,not_parsed,classicalRelayMap == Association[,classicalRelayMap = Association[
ID11048,Phone2 Category Type Theory quantumBit Extract Ψ Neural I,wolfram_equation_parse_verified,ToExpression parsed under HoldComplete,HoldComplete,3,"quantumBit == Extract[psi$neural, {i}]","quantumBit = Extract[ψ_neural, {i}],"
ID11049,Phone2 Category Type Theory I,wolfram_parse_error,ToExpression failed,,not_parsed,i -> <|,i → <|
ID11050,Phone2 Category Type Theory QuantumState quantumBit,wolfram_equation_parse_verified,ToExpression parsed under HoldComplete,HoldComplete,1,"""QuantumState"" -> quantumBit","""QuantumState"" → quantumBit,"
ID11051,Phone2 Category Type Theory ClassicalRelay classicalBit,wolfram_equation_parse_verified,ToExpression parsed under HoldComplete,HoldComplete,1,"""ClassicalRelay"" -> classicalBit","""ClassicalRelay"" → classicalBit,"
ID11052,Phone2 Category Type Theory SphereCoordinate With,wolfram_needs_cleanup,likely_incomplete_brackets,,not_parsed,"""SphereCoordinate"" -> With[","""SphereCoordinate"" → With["
ID11053,Phone2 Category Type Theory AntipodalEntangled Antipodal,wolfram_equation_parse_verified,ToExpression parsed under HoldComplete,HoldComplete,1,"""AntipodalEntangled"" -> antipodal","""AntipodalEntangled"" → antipodal,"
ID11054,Phone2 Category Type Theory NeuralPosition TransformToAllenBrainAtlas sphereAxis,wolfram_equation_parse_verified,ToExpression parsed under HoldComplete,HoldComplete,1,"""NeuralPosition"" -> TransformToAllenBrainAtlas[sphereAxis]","""NeuralPosition"" → TransformToAllenBrainAtlas[sphereAxis]"
ID11055,Phone2 Category Type Theory quantumWalkOperator MatrixExp,wolfram_needs_cleanup,likely_incomplete_brackets,,not_parsed,quantumWalkOperator == MatrixExp[,quantumWalkOperator = MatrixExp[
ID11056,Phone2 Category Type Theory EntangledNeuralState quantumWalkOperator,wolfram_equation_parse_verified,ToExpression parsed under HoldComplete,HoldComplete,1,"""EntangledNeuralState"" -> quantumWalkOperator","""EntangledNeuralState"" → quantumWalkOperator"
ID11057,Phone2 Category Type Theory ClassicalRelayConfiguration classicalRelayMap,wolfram_equation_parse_verified,ToExpression parsed under HoldComplete,HoldComplete,1,"""ClassicalRelayConfiguration"" -> classicalRelayMap","""ClassicalRelayConfiguration"" → classicalRelayMap,"
ID11058,Phone2 Category Type Theory TopologicalInvariants PersistentHomology entanglemen,wolfram_equation_parse_verified,ToExpression parsed under HoldComplete,HoldComplete,1,"""TopologicalInvariants"" -> PersistentHomology[entanglementMatrix]","""TopologicalInvariants"" → PersistentHomology[entanglementMatrix],"
ID11059,Phone2 Category Type Theory InformationFlow QuantumMutualInformation,wolfram_needs_cleanup,likely_incomplete_brackets,,not_parsed,"""InformationFlow"" -> QuantumMutualInformation[","""InformationFlow"" → QuantumMutualInformation["
ID11060,Phone2 Category Type Theory CompilationTarget WolframEngine,wolfram_equation_parse_verified,ToExpression parsed under HoldComplete,HoldComplete,0,"CompilationTarget -> ""WolframEngine""","CompilationTarget → ""WolframEngine"","
ID11061,Phone2 Category Type Theory RuntimeAttributes Listable Parallelized,wolfram_equation_parse_verified,ToExpression parsed under HoldComplete,HoldComplete,1,"RuntimeAttributes -> {Listable, Parallelized}","RuntimeAttributes → {Listable, Parallelized}"
ID11062,Phone2 Category Type Theory NeuralManifoldRicciFlow Module,wolfram_needs_cleanup,likely_incomplete_brackets,,not_parsed,NeuralManifoldRicciFlow := Module[,NeuralManifoldRicciFlow := Module[
ID11063,Phone2 Category Type Theory riemannianMetric X Y Module,wolfram_needs_cleanup,likely_incomplete_brackets,,not_parsed,"riemannianMetric[x_, y_] := Module[","riemannianMetric[x_, y_] := Module["
ID11064,Phone2 Category Type Theory neuralMetric SparseArray,wolfram_needs_cleanup,likely_incomplete_brackets,,not_parsed,neuralMetric == SparseArray[,neuralMetric = SparseArray[
ID11065,Phone2 Category Type Theory I J Exp -EuclideanDistance,wolfram_needs_cleanup,likely_incomplete_brackets,,not_parsed,"{i, j} -> Exp[-EuclideanDistance[","{i, j} → Exp[-EuclideanDistance["
ID11066,Phone2 Category Type Theory quantumMetric Table,wolfram_needs_cleanup,likely_incomplete_brackets,,not_parsed,quantumMetric == Table[,quantumMetric = Table[
ID11067,Phone2 Category Type Theory ricciTensor CompiledFunction,wolfram_needs_cleanup,likely_incomplete_brackets,,not_parsed,ricciTensor == CompiledFunction[,ricciTensor = CompiledFunction[
ID11068,Phone2 Category Type Theory Christoffel Table,wolfram_needs_cleanup,likely_incomplete_brackets,,not_parsed,christoffel == Table[,christoffel = Table[
ID11069,Phone2 Category Type Theory riemannTensor Table,wolfram_needs_cleanup,likely_incomplete_brackets,,not_parsed,riemannTensor == Table[,riemannTensor = Table[
ID11070,Phone2 Category Type Theory entanglementCurvature Ψ Ψ Module,wolfram_needs_cleanup,likely_incomplete_brackets,,not_parsed,"entanglementCurvature[psi1_, psi2_] := Module[","entanglementCurvature[ψ₁_, ψ₂_] := Module["
ID11071,Phone2 Category Type Theory Concurrence QuantumConcurrence Ψ Ψ,wolfram_equation_parse_verified,ToExpression parsed under HoldComplete,HoldComplete,3,concurrence == QuantumConcurrence[psi1 CircleTimes psi2],"concurrence = QuantumConcurrence[ψ₁ ⊗ ψ₂],"
ID11072,Phone2 Category Type Theory geometricPhase Arg Ψ U Ψ,wolfram_equation_parse_verified,ToExpression parsed under HoldComplete,HoldComplete,4,geometricPhase == Arg[⟨psi1|U|psi2⟩],geometricPhase = Arg[⟨ψ₁|U|ψ₂⟩]
ID11073,Phone2 Category Type Theory pathIntegral CompiledFunction,wolfram_needs_cleanup,likely_incomplete_brackets,,not_parsed,pathIntegral == CompiledFunction[,pathIntegral = CompiledFunction[
ID11074,Phone2 Category Type Theory pathSum Module,wolfram_needs_cleanup,likely_incomplete_brackets,,not_parsed,pathSum == Module[,pathSum = Module[
ID11075,Phone2 Category Type Theory Paths Table,wolfram_needs_cleanup,likely_incomplete_brackets,,not_parsed,paths == Table[,paths = Table[
ID11076,Phone2 Category Type Theory Trajectory Table,wolfram_needs_cleanup,likely_incomplete_brackets,,not_parsed,trajectory == Table[,trajectory = Table[
ID11077,Phone2 Category Type Theory Position Point,wolfram_equation_parse_verified,ToExpression parsed under HoldComplete,HoldComplete,1,"""Position"" -> point","""Position"" → point,"
ID11078,Phone2 Category Type Theory SphereAxis sphereIndex,wolfram_equation_parse_verified,ToExpression parsed under HoldComplete,HoldComplete,1,"""SphereAxis"" -> sphereIndex","""SphereAxis"" → sphereIndex,"
ID11079,Phone2 Category Type Theory Depth T Depth,wolfram_equation_parse_verified,ToExpression parsed under HoldComplete,HoldComplete,1,"""Depth"" -> t$depth","""Depth"" → t_depth,"
ID11080,Phone2 Category Type Theory stochasticNeuralEvolution StochasticProcess,wolfram_needs_cleanup,likely_incomplete_brackets,,not_parsed,stochasticNeuralEvolution == StochasticProcess[,stochasticNeuralEvolution = StochasticProcess[
ID11081,Phone2 Category Type Theory Ψ T -I/ Neural + V Entanglement Ψ,wolfram_equation_parse_verified,ToExpression parsed under HoldComplete,HoldComplete,7,"𝒜[psi, t] == -I/hbar (Ĥ_neural + V̂_entanglement) psi","𝒜[ψ, t] = -I/ħ (Ĥ_neural + V̂_entanglement) ψ,"
ID11082,Phone2 Category Type Theory Dψ/dt Ψ T + Ψ + Σ dW,wolfram_equation_parse_verified,ToExpression parsed under HoldComplete,HoldComplete,6,"dpsi/dt == 𝒜[psi, t] + Lagrangian[psi] + σ dW","dψ/dt = 𝒜[ψ, t] + ℒ[ψ] + σ dW"
ID11083,Phone2 Category Type Theory TopologicalNeuralObservatory Module,wolfram_needs_cleanup,likely_incomplete_brackets,,not_parsed,TopologicalNeuralObservatory := Module[,TopologicalNeuralObservatory := Module[
ID11084,Phone2 Category Type Theory echDeRhamComplex CompiledFunction,wolfram_needs_cleanup,likely_incomplete_brackets,,not_parsed,čechDeRhamComplex == CompiledFunction[,čechDeRhamComplex = CompiledFunction[
ID11085,Phone2 Category Type Theory echNerve Module openCover Intersections,wolfram_needs_cleanup,likely_incomplete_brackets,,not_parsed,"čechNerve == Module[{openCover, intersections}","čechNerve = Module[{openCover, intersections},"
ID11086,Phone2 Category Type Theory openCover Table,wolfram_needs_cleanup,likely_incomplete_brackets,,not_parsed,openCover == Table[,openCover = Table[
ID11087,Phone2 Category Type Theory Intersections Table,wolfram_needs_cleanup,likely_incomplete_brackets,,not_parsed,intersections == Table[,intersections = Table[
ID11088,Phone2 Category Type Theory differentialForms Table,wolfram_needs_cleanup,likely_incomplete_brackets,,not_parsed,differentialForms == Table[,differentialForms = Table[
ID11089,Phone2 Category Type Theory Degree K,wolfram_equation_parse_verified,ToExpression parsed under HoldComplete,HoldComplete,2,degree == k,degree = k
ID11090,Phone2 Category Type Theory Degree Degree,wolfram_equation_parse_verified,ToExpression parsed under HoldComplete,HoldComplete,1,"""Degree"" -> degree","""Degree"" → degree,"
ID11091,Phone2 Category Type Theory Form Form,wolfram_equation_parse_verified,ToExpression parsed under HoldComplete,HoldComplete,1,"""Form"" -> form","""Form"" → form,"
ID11092,Phone2 Category Type Theory Cohomology KernelDimension D /ImageDimension D,wolfram_equation_parse_verified,ToExpression parsed under HoldComplete,HoldComplete,1,"""Cohomology"" -> KernelDimension[d]/ImageDimension[d]","""Cohomology"" → KernelDimension[d]/ImageDimension[d]"
ID11093,Phone2 Category Type Theory echNerve echNerve,wolfram_equation_parse_verified,ToExpression parsed under HoldComplete,HoldComplete,1,"""ČechNerve"" -> čechNerve","""ČechNerve"" → čechNerve,"
ID11094,Phone2 Category Type Theory DeRhamCohomology differentialForms,wolfram_equation_parse_verified,ToExpression parsed under HoldComplete,HoldComplete,1,"""DeRhamCohomology"" -> differentialForms","""DeRhamCohomology"" → differentialForms,"
ID11095,Phone2 Category Type Theory BettiNumbers Table,wolfram_needs_cleanup,likely_incomplete_brackets,,not_parsed,"""BettiNumbers"" -> Table[","""BettiNumbers"" → Table["
ID11096,Phone2 Category Type Theory persistentNeuralHomology Module,wolfram_needs_cleanup,likely_incomplete_brackets,,not_parsed,persistentNeuralHomology == Module[,persistentNeuralHomology = Module[
ID11097,Phone2 Category Type Theory Filtration Table,wolfram_needs_cleanup,likely_incomplete_brackets,,not_parsed,filtration == Table[,filtration = Table[
ID11098,Phone2 Category Type Theory QuantumEntanglementStrength Threshold,wolfram_equation_parse_verified,ToExpression parsed under HoldComplete,HoldComplete,1,QuantumEntanglementStrength[#] >= threshold &,QuantumEntanglementStrength[#] ≥ threshold &
ID11099,Phone2 Category Type Theory persistenceDiagram RipserPersistenceDiagram Filtrati,wolfram_equation_parse_verified,ToExpression parsed under HoldComplete,HoldComplete,2,persistenceDiagram == RipserPersistenceDiagram[filtration],"persistenceDiagram = RipserPersistenceDiagram[filtration],"
ID11100,Phone2 Category Type Theory persistenceLandscape Table,wolfram_needs_cleanup,likely_incomplete_brackets,,not_parsed,persistenceLandscape == Table[,persistenceLandscape = Table[
ID11101,Phone2 Category Type Theory Birth Death Interval,wolfram_equation_parse_verified,ToExpression parsed under HoldComplete,HoldComplete,3,"{birth, death} == interval","{birth, death} = interval"
ID11102,Phone2 Category Type Theory PersistenceDiagram persistenceDiagram,wolfram_equation_parse_verified,ToExpression parsed under HoldComplete,HoldComplete,1,"""PersistenceDiagram"" -> persistenceDiagram","""PersistenceDiagram"" → persistenceDiagram,"
ID11103,Phone2 Category Type Theory PersistenceLandscape persistenceLandscape,wolfram_equation_parse_verified,ToExpression parsed under HoldComplete,HoldComplete,1,"""PersistenceLandscape"" -> persistenceLandscape","""PersistenceLandscape"" → persistenceLandscape,"
ID11104,Phone2 Category Type Theory QuantumNeuralMeasurementProtocol Module,wolfram_needs_cleanup,likely_incomplete_brackets,,not_parsed,QuantumNeuralMeasurementProtocol := Module[,QuantumNeuralMeasurementProtocol := Module[
ID11105,Phone2 Category Type Theory povmMeasurement CompiledFunction,wolfram_needs_cleanup,likely_incomplete_brackets,,not_parsed,povmMeasurement == CompiledFunction[,povmMeasurement = CompiledFunction[
ID11106,Phone2 Category Type Theory Π Table,wolfram_needs_cleanup,likely_incomplete_brackets,,not_parsed,Product == Table[,Π = Table[
ID11107,Phone2 Category Type Theory sphereState Normalize,wolfram_needs_cleanup,likely_incomplete_brackets,,not_parsed,sphereState == Normalize[,sphereState = Normalize[
ID11108,Phone2 Category Type Theory Projector OuterProduct sphereState ConjugateTranspos,wolfram_equation_parse_verified,ToExpression parsed under HoldComplete,HoldComplete,2,"projector == OuterProduct[sphereState, ConjugateTranspose[sphereState]]","projector = OuterProduct[sphereState, ConjugateTranspose[sphereState]]"
ID11109,Phone2 Category Type Theory Probabilities Table,wolfram_needs_cleanup,likely_incomplete_brackets,,not_parsed,probabilities == Table[,probabilities = Table[
ID11110,Phone2 Category Type Theory classicalShadow Module,wolfram_needs_cleanup,likely_incomplete_brackets,,not_parsed,classicalShadow == Module[,classicalShadow = Module[
ID11111,Phone2 Category Type Theory randomMeasurements RandomChoice,wolfram_needs_cleanup,likely_incomplete_brackets,,not_parsed,randomMeasurements == RandomChoice[,randomMeasurements = RandomChoice[
ID11112,Phone2 Category Type Theory Outcomes Map,wolfram_needs_cleanup,likely_incomplete_brackets,,not_parsed,outcomes == Map[,outcomes = Map[
ID11113,Phone2 Category Type Theory State Extract Ρ Neural Qubit Qubit,wolfram_equation_parse_verified,ToExpression parsed under HoldComplete,HoldComplete,3,"state == Extract[rho$neural, {qubit, qubit}]","state = Extract[ρ_neural, {qubit, qubit}]"
ID11114,Phone2 Category Type Theory Result RandomChoice,wolfram_needs_cleanup,likely_incomplete_brackets,,not_parsed,result == RandomChoice[,result = RandomChoice[
ID11115,Phone2 Category Type Theory Eigenvalues Measurement,wolfram_parse_error,ToExpression failed,,not_parsed,Eigenvalues[measurement] ->,Eigenvalues[measurement] →
ID11116,Phone2 Category Type Theory Weights Abs Eigenvectors Measurement,wolfram_needs_cleanup,likely_incomplete_brackets,,not_parsed,Weights -> Abs[Eigenvectors[measurement],Weights → Abs[Eigenvectors[measurement]
ID11117,Phone2 Category Type Theory quantumFisher Module,wolfram_needs_cleanup,likely_incomplete_brackets,,not_parsed,quantumFisher == Module[,quantumFisher = Module[
ID11118,Phone2 Category Type Theory Eigenvalues Eigenvectors Eigensystem Ρ Neural,wolfram_equation_parse_verified,ToExpression parsed under HoldComplete,HoldComplete,3,"{eigenvalues, eigenvectors} == Eigensystem[rho$neural]","{eigenvalues, eigenvectors} = Eigensystem[ρ_neural]"
ID11119,Phone2 Category Type Theory MeasurementProbabilities Probabilities,wolfram_equation_parse_verified,ToExpression parsed under HoldComplete,HoldComplete,1,"""MeasurementProbabilities"" -> probabilities","""MeasurementProbabilities"" → probabilities,"
ID11120,Phone2 Category Type Theory ClassicalShadow classicalShadow,wolfram_equation_parse_verified,ToExpression parsed under HoldComplete,HoldComplete,1,"""ClassicalShadow"" -> classicalShadow","""ClassicalShadow"" → classicalShadow,"
ID11121,Phone2 Category Type Theory QuantumFisherInfo quantumFisher,wolfram_equation_parse_verified,ToExpression parsed under HoldComplete,HoldComplete,1,"""QuantumFisherInfo"" -> quantumFisher","""QuantumFisherInfo"" → quantumFisher,"
