queue_index,source,id,name,kind,obligation_role,semantic_anchor_id,source_file,line,translation_status,translation_class,duplicate_source_id_name
1,master_registry,ID0137,Megastructure Formation Theorem,Theorem,Needs_Semantic_Translation,,,,batch001_started,first_master_registry_segment,no
2,master_registry,ID0234,Helicity Topology Invariant,Theorem,Derived_Theorem_Obligation,,,,batch001_started,first_master_registry_segment,no
3,master_registry,ID0399,Information Conservation and Holographic Preservation,Theorem,,,,,batch001_started,first_master_registry_segment,no
4,master_registry,ID0522,The Unified Entanglement Meta-Theorem,Theorem,Derived_Theorem_Obligation,,,,batch001_started,first_master_registry_segment,no
5,master_registry,ID1007,TuT Identity Bridge Operator,Theorem,,,,,batch001_started,first_master_registry_segment,no
6,master_registry,ID1009,Vibration Coordinate Tensor,Theorem,,,,,batch001_started,first_master_registry_segment,no
7,master_registry,ID1010,Recursive Symbolic Cascade,Theorem,,,,,batch001_started,first_master_registry_segment,no
8,master_registry,ID1014,Tzp Fractal Modulation Index,Theorem,Derived_Theorem_Obligation,,,,batch001_started,first_master_registry_segment,no
9,master_registry,ID1024,Fractal Embedding Operator,Theorem,,,,,batch001_started,first_master_registry_segment,no
10,master_registry,ID1025,Vibrational Glyphic Time Delay,Theorem,,,,,batch001_started,first_master_registry_segment,no
11,master_registry,ID1204,Configuration Force Bundle,Theorem,,,,,batch001_started,first_master_registry_segment,no
12,master_registry,ID1585,EID_0328 Helicity Coupling Source,Theorem,,,,,batch001_started,first_master_registry_segment,no
13,master_registry,ID1693,Configuration Force Bundle,Theorem,,,,,batch001_started,first_master_registry_segment,no
14,master_registry,ID1829,Sound as the Bridge,Theorem,,,,,batch001_started,first_master_registry_segment,no
15,master_registry,ID1845,Azimuthal Quantum Communication,Theorem,,,,,batch001_started,first_master_registry_segment,no
16,master_registry,ID1918,EID_0328 Helicity Coupling Source,Theorem,,,,,batch001_started,first_master_registry_segment,no
17,master_registry,ID1924,EID_0522 Hamiltonian Operator Source,Theorem,,,,,batch001_started,first_master_registry_segment,no
18,master_registry,ID2045,Azimuthal Quantum Communication,Theorem,,,,,batch001_started,first_master_registry_segment,no
19,master_registry,ID2306,Helicity Topology Invariant,Theorem,,,,,batch001_started,first_master_registry_segment,no
20,master_registry,ID2730,P 7.jpg P 7,Theorem,,,,,batch001_started,first_master_registry_segment,no
21,master_registry,ID2741,P 8.jpg P 8,Theorem,,,,,batch001_started,first_master_registry_segment,no
22,master_registry,ID2916,Kaluza–Klein Mode (Fourier) Expansion,Theorem,,,,,batch001_started,first_master_registry_segment,no
23,master_registry,ID2990,Kaluza–Klein Mode (Fourier) Expansion,Theorem,,,,,batch001_started,first_master_registry_segment,no
24,master_registry,ID2991,Kaluza–Klein Mode Wave Equation,Theorem,,,,,batch001_started,first_master_registry_segment,no
25,master_registry,ID2992,Kaluza–Klein Tower Frequency Spectrum,Theorem,,,,,batch001_started,first_master_registry_segment,no
26,master_registry,ID3286,Magnetic Helicity Functional Correction,Theorem,Core_Definition,,,,batch002_started,spectral_helicity_kk_segment,no
27,master_registry,ID3287,Magnetic Helicity Evolution Evolution Relation,Theorem,,,,,batch002_started,spectral_helicity_kk_segment,no
28,master_registry,ID3288,Modal Frequency Relation,Theorem,,,,,batch002_started,spectral_helicity_kk_segment,no
29,master_registry,ID3289,Hopf State Harmonic Expansion,Theorem,,,,,batch002_started,spectral_helicity_kk_segment,no
30,master_registry,ID3303,Gyromagnetic Eigenvalue,Theorem,,,,,batch002_started,spectral_helicity_kk_segment,no
31,master_registry,ID3305,Magnetic Field,Theorem,,,,,batch002_started,spectral_helicity_kk_segment,no
32,master_registry,ID3312,Magnetic Helicity Evolution Evolution Relation,Theorem,,,,,batch002_started,spectral_helicity_kk_segment,no
33,master_registry,ID3314,Kaluza-Klein Magnetic Flux Expansion,Theorem,,,,,batch002_started,spectral_helicity_kk_segment,no
34,master_registry,ID3315,Kaluza-Klein Magnetic Field,Theorem,,,,,batch002_started,spectral_helicity_kk_segment,no
35,master_registry,ID3316,Kaluza-Klein Pi Scaling Law,Theorem,,,,,batch002_started,spectral_helicity_kk_segment,no
36,master_registry,ID3317,Resonance Kaluza-Klein Eigenvalue,Theorem,,,,,batch002_started,spectral_helicity_kk_segment,no
37,master_registry,ID3378,Modal Frequency Relation,Theorem,,,,,batch002_started,spectral_helicity_kk_segment,no
38,master_registry,ID3606,Magnetic Helicity Evolution Evolution Relation,Theorem,,,,,batch002_started,spectral_helicity_kk_segment,no
39,master_registry,ID3613,Modal Frequency Relation,Theorem,,,,,batch002_started,spectral_helicity_kk_segment,no
40,master_registry,ID3616,Kaluza-Klein Magnetic Flux Expansion,Theorem,,,,,batch002_started,spectral_helicity_kk_segment,no
41,master_registry,ID3617,Appears as Massive Field,Theorem,,,,,batch002_started,spectral_helicity_kk_segment,no
42,master_registry,ID3642,Greens Function Functional,Theorem,,,,,batch002_started,spectral_helicity_kk_segment,no
43,master_registry,ID3650,Acoustic Kaluza-Klein Hamiltonian,Theorem,,,,,batch002_started,spectral_helicity_kk_segment,no
44,master_registry,ID3651,Grav Hamiltonian,Theorem,,,,,batch002_started,spectral_helicity_kk_segment,no
45,master_registry,ID3653,Wavefunction Evolution Equation,Theorem,,,,,batch002_started,spectral_helicity_kk_segment,no
46,master_registry,ID3654,Connection Functional,Theorem,,,,,batch002_started,spectral_helicity_kk_segment,no
47,master_registry,ID3662,Recon Quantum State Relation,Theorem,,,,,batch002_started,spectral_helicity_kk_segment,no
48,master_registry,ID3663,Recon Hamiltonian,Theorem,,,,,batch002_started,spectral_helicity_kk_segment,no
49,master_registry,ID3668,Stress-Energy Tensor,Theorem,,,,,batch002_started,spectral_helicity_kk_segment,no
50,master_registry,ID3677,Planck System Relation,Theorem,,,,,batch002_started,spectral_helicity_kk_segment,no
51,master_registry,ID3716,Magnetic Helicity Evolution Evolution Relation,Theorem,,,,,batch002_started,spectral_helicity_kk_segment,no
52,master_registry,ID3872,Field Phys Spec Relation,Theorem,,,,,batch002_started,spectral_helicity_kk_segment,no
53,master_registry,ID3888,Kaluza-Klein Partition Function Bound,Theorem,,,,,batch002_started,spectral_helicity_kk_segment,no
54,master_registry,ID4191,Pressure Scaling Law,Theorem,,,,,batch002_started,spectral_helicity_kk_segment,no
55,master_registry,ID4195,Potential Energy Relation,Theorem,,,,,batch002_started,spectral_helicity_kk_segment,no
56,master_registry,ID4201,Rho Dark Apparent Relation,Theorem,,,,,batch003_started,candidate_real_algebra_segment,no
57,master_registry,ID4202,Eigenvalue,Theorem,,,,,batch006_started,operator_spectral_segment,no
58,master_registry,ID4206,Solar Laplacian Operator,Theorem,,,,,batch012_started,operator_spectral_followup_segment,no
59,master_registry,ID4213,Breathing Mode Frequency Relation,Theorem,,,,,batch006_started,operator_spectral_segment,no
60,master_registry,ID4214,Density,Theorem,,,,,batch011_started,magnetic_torsion_segment,no
61,master_registry,ID4215,Magnetic Helicity Functional Correction,Theorem,,,,,batch005_started,topology_vector_segment,no
62,master_registry,ID4216,Sideband Pi Relation,Theorem,,,,,batch003_started,candidate_real_algebra_segment,no
63,master_registry,ID4217,Chemical Potential Relation,Theorem,,,,,batch003_started,candidate_real_algebra_segment,no
64,master_registry,ID4223,Irrotational Magnetic Field Curl Field Equation,Theorem,,,,,batch011_started,magnetic_torsion_segment,no
65,master_registry,ID4224,Magnetic Field,Theorem,,,,,batch011_started,magnetic_torsion_segment,no
66,master_registry,ID4225,Delta Scaling Law,Theorem,,,,,batch003_started,candidate_real_algebra_segment,no
67,master_registry,ID4229,Dark Magnetic Flux Expansion,Theorem,,,,,batch011_started,magnetic_torsion_segment,no
68,master_registry,ID4231,Alfvn Alfven Relation,Theorem,,,,,batch003_started,candidate_real_algebra_segment,no
69,master_registry,ID4233,Chern Magnetic Field Curl Field Equation,Theorem,,,,,batch005_started,topology_vector_segment,no
70,master_registry,ID4252,Magnetic Helicity Evolution Evolution Relation,Theorem,,,,,batch005_started,topology_vector_segment,no
71,master_registry,ID4256,Magnetic Helicity Evolution Evolution Relation,Theorem,,,,,batch005_started,topology_vector_segment,no
72,master_registry,ID4363,Quadrupole Magnetic Field,Theorem,,,,,batch011_started,magnetic_torsion_segment,no
73,master_registry,ID4698,Gyromagnetic Berry Phase,Theorem,,,,,batch011_started,magnetic_torsion_segment,no
74,master_registry,ID4700,Text Magnetic Flux Relation,Theorem,,,,,batch003_started,candidate_real_algebra_segment,no
75,master_registry,ID4708,Magnetic Helicity Evolution Evolution Relation,Theorem,,,,,batch005_started,topology_vector_segment,no
76,master_registry,ID4710,Kaluza-Klein Magnetic Flux Expansion,Theorem,,,,,batch006_started,operator_spectral_segment,no
77,master_registry,ID4711,Kaluza-Klein Curvature Relation,Theorem,,,,,batch006_started,operator_spectral_segment,no
78,master_registry,ID4713,Modal Frequency Relation,Theorem,,,,,batch006_started,operator_spectral_segment,no
79,master_registry,ID5737,Tunnel Quantum Pressure Expansion,Theorem,,,,,batch003_started,candidate_real_algebra_segment,no
80,master_registry,ID5738,Topological Quantum Storage Paper Equation,Theorem,,,,,batch005_started,topology_vector_segment,no
81,master_registry,ID5743,Hamiltonian,Theorem,,,,,batch006_started,operator_spectral_segment,no
82,master_registry,ID5744,Hamiltonian Evolution Equation,Theorem,,,,,batch006_started,operator_spectral_segment,no
83,master_registry,ID5751,Helix Action Bound,Theorem,,,,,batch003_started,candidate_real_algebra_segment,no
84,master_registry,ID5797,Pressure Relation,Theorem,,,,,batch003_started,candidate_real_algebra_segment,no
85,master_registry,ID5802,Torsion Evolution Equation,Theorem,,,,,batch011_started,magnetic_torsion_segment,no
86,master_registry,ID5803,Pattern Torsion Functional,Theorem,,,,,batch011_started,magnetic_torsion_segment,no
87,master_registry,ID5806,Kaluza-Klein Pi Bound,Theorem,,,,,batch006_started,operator_spectral_segment,no
88,master_registry,ID5812,North Hamiltonian,Theorem,,,,,batch006_started,operator_spectral_segment,no
89,master_registry,ID5813,Cent Field Strength Relation,Theorem,,,,,batch003_started,candidate_real_algebra_segment,no
90,master_registry,ID5992,Torsion Scaling Law,Theorem,,,,,batch003_started,candidate_real_algebra_segment,no
91,master_registry,ID6000,Phase Angle Relation,Theorem,,,,,batch003_started,candidate_real_algebra_segment,no
92,master_registry,ID6053,Eigenvalue,Theorem,,,,,batch006_started,operator_spectral_segment,no
93,master_registry,ID6092,Energy Relation,Theorem,,,,,batch003_started,candidate_real_algebra_segment,no
94,master_registry,ID6488,III. Helicity Transfer Reversal (Theorem Inversion) (1),Theorem,,,,,batch005_started,topology_vector_segment,no
95,master_registry,ID7754,III. Helicity Transfer Reversal (Theorem Inversion) (2),Theorem,,,,,batch005_started,topology_vector_segment,no
96,master_registry,ID8520,TIDAL WAVELENGTH QUANTIZATION Canonical Statutory Formula: λ_tidal,Theorem,,,,,batch012_started,operator_spectral_followup_segment,no
97,master_registry,ID8521,SEMIDIURNAL BEAT FREQUENCY Canonical Statutory Formula: ω_beat,Theorem,,,,,batch006_started,operator_spectral_segment,no
98,master_registry,ID8522,DIPOLE TOPOLOGICAL CONSTRAINT Canonical Statutory Formula,Theorem,,,,,batch005_started,topology_vector_segment,no
99,master_registry,ID8523,MACROSCOPIC FLUX QUANTIZATION Canonical Statutory Formula: Φ_mag,Theorem,,,,,batch005_started,topology_vector_segment,no
100,master_registry,ID9004,Relation: Q_T in Z,Theorem,,,,,batch003_started,candidate_real_algebra_segment,no
101,master_registry,ID9005,"Relation: H^3(M, U(1)) Neq 0",Theorem,,,,,batch003_started,candidate_real_algebra_segment,no
102,master_registry,ID9157,"Relation: R_universe / N, Where R_universe Is the Hubble Radius. for N of Order Unity",Theorem,,,,,batch003_started,candidate_real_algebra_segment,no
103,master_registry,ID9291,Relation: τdecoherence/(kBT)τ_decoherence,Theorem,,,,,batch003_started,candidate_real_algebra_segment,no
104,master_registry,ID9529,Infinite-Order Phase Transition: R → r_TZP,Theorem,,,,,batch015_started,emergence_bifurcation_followup_segment,no
105,master_registry,ID9595,4D Effective Theory Each Mode $Phin$ Appears as Massive Field: R_KK ∼ 10^-6,Theorem,,,,,batch012_started,operator_spectral_followup_segment,no
106,master_registry,ID9618,Relation: ε: ε_encode Circ δ_decode Rightarrow Id_DAAN,Theorem,,,,,batch003_started,candidate_real_algebra_segment,no
107,master_registry,ID9619,Relation: η: Id_Blob Rightarrow δ_decode Circ ε_encode,Theorem,,,,,batch003_started,candidate_real_algebra_segment,no
108,master_registry,ID9633,Relation: ⟨ ε_encode Dashv δ_decode ⟩,Theorem,,,,,batch003_started,candidate_real_algebra_segment,no
109,master_registry,ID9656,"Relation: S^3 xrightarrowπ S^2, π^-1(p) Cong S^1",Theorem,,,,,batch003_started,candidate_real_algebra_segment,no
110,master_registry,ID9827,"Relation: Exp[-π , N_kissing]",Theorem,,,,,batch003_started,candidate_real_algebra_segment,no
111,master_registry,ID9887,Relation: O(n^π-3),Theorem,,,,,batch003_started,candidate_real_algebra_segment,no
112,master_registry,ID9902,"Relation: π,Δ_topological/N_max",Theorem,,,,,batch005_started,topology_vector_segment,no
113,master_registry,ID9931,"Relation: Ω[T^2 × T^2, π, DAAN]",Theorem,,,,,batch003_started,candidate_real_algebra_segment,no
114,master_registry,ID9973,Spectral Inversion Theory: S_obs(ω),Theorem,,,,,batch012_started,operator_spectral_followup_segment,no
115,master_registry,ID9989,Toroidal Boundary Condition: ∫∫_T^2 K DA,Theorem,,,,,batch003_started,candidate_real_algebra_segment,no
116,master_registry,ID9990,Topological Constraints: ∫∫_Σ K DA + ∫_∂Σ κ_g Ds,Theorem,,,,,batch005_started,topology_vector_segment,no
117,proof_obligations,ID0000,lemma trawinisticmanifold: sorry theorem trawinisticmanifold : Prop Theorem trawinisticmanifold :,Theorem,Needs_Semantic_Translation,ID0000,D:\Zenodo\Trawin_Zero_Point_100_Primary.pdf,234,batch008_started,geometry_manifold_segment,no
118,proof_obligations,ID0017,lemma tzptopologicalcharge: sorry theorem tzptopologicalcharge : Theorem tzptopologicalcharge :,Theorem,Needs_Semantic_Translation,ID0017,D:\Zenodo\Trawin_Zero_Point_100_Primary.pdf,2180,batch005_started,topology_vector_segment,no
119,proof_obligations,ID0002,lemma manifoldcurvature: sorry theorem manifoldcurvature : Prop Theorem manifoldcurvature : Prop.,Theorem,Needs_Semantic_Translation,ID0002,D:\Zenodo\Trawin_Zero_Point_100_Primary.pdf,1457,batch008_started,geometry_manifold_segment,no
120,proof_obligations,ID0016,lemma tzpcurvaturesingularity: theorem tzpcurvaturesingularity : Theorem tzpcurvaturesingularity :,Theorem,Needs_Semantic_Translation,ID0016,D:\Zenodo\Trawin_Zero_Point_100_Primary.pdf,1931,batch008_started,geometry_manifold_segment,no
121,proof_obligations,ID0044,lemma gyromagneticcoupling: sorry theorem gyromagneticcoupling : Theorem gyromagneticcoupling :,Theorem,Needs_Semantic_Translation,ID0044,D:\Zenodo\Trawin_Zero_Point_100_Primary.pdf,3840,phase2_already_started,existing_phase2_family,no
122,proof_obligations,ID0020,lemma trawinisticwindingnumber: theorem trawinisticwindingnumber : Theorem trawinisticwindingnumber :,Theorem,Needs_Semantic_Translation,ID0020,D:\Zenodo\Trawin_Zero_Point_100_Primary.pdf,1771,batch008_started,geometry_manifold_segment,no
123,proof_obligations,ID0006,lemma tzpvacuumenergydensity: theorem tzpvacuumenergydensity : Theorem tzpvacuumenergydensity :,Theorem,Needs_Semantic_Translation,ID0006,D:\Zenodo\Trawin_Zero_Point_100_Primary.pdf,2090,batch004_started,remaining_candidate_real_algebra,no
124,proof_obligations,ID0032,lemma leastactiontzp: sorry theorem leastactiontzp : Prop := Theorem leastactiontzp : Prop.,Theorem,Needs_Semantic_Translation,ID0032,D:\Zenodo\Trawin_Zero_Point_100_Primary.pdf,2848,batch008_started,geometry_manifold_segment,no
125,proof_obligations,ID0041,lemma helicityscaleconstraint: theorem helicityscaleconstraint : Theorem helicityscaleconstraint :,Theorem,Needs_Semantic_Translation,ID0041,D:\Zenodo\Trawin_Zero_Point_100_Primary.pdf,3592,batch005_started,topology_vector_segment,no
126,proof_obligations,ID0065,lemma topologicalquantumstates: theorem topologicalquantumstates : Theorem topologicalquantumstates :,Theorem,Needs_Semantic_Translation,ID0065,D:\Zenodo\Trawin_Zero_Point_100_Primary.pdf,5600,batch005_started,topology_vector_segment,no
127,proof_obligations,ID0030,lemma tzposcillator: sorry theorem tzposcillator : Prop := by Theorem tzposcillator : Prop.,Theorem,Needs_Semantic_Translation,ID0030,D:\Zenodo\Trawin_Zero_Point_100_Primary.pdf,4464,batch009_started,dynamics_scaling_segment,no
128,proof_obligations,ID0000,lemma tzpstability: sorry theorem tzpstability : Prop := by Theorem tzpstability : Prop.,Theorem,Needs_Semantic_Translation,ID0000,D:\Zenodo\Trawin_Zero_Point_100_Primary.pdf,535,batch009_started,dynamics_scaling_segment,no
129,proof_obligations,ID0065,lemma quantuminformationunits: theorem quantuminformationunits : Theorem quantuminformationunits :,Theorem,Needs_Semantic_Translation,ID0065,D:\Zenodo\Trawin_Zero_Point_100_Primary.pdf,5833,batch007_started,quantum_open_system_segment,no
130,proof_obligations,ID0002,lemma causalloopinvariant: sorry theorem causalloopinvariant : Theorem causalloopinvariant :,Theorem,Needs_Semantic_Translation,ID0002,D:\Zenodo\Trawin_Zero_Point_100_Primary.pdf,1034,batch008_started,geometry_manifold_segment,no
131,proof_obligations,ID0017,lemma fieldequationstrawinistic: theorem fieldequationstrawinistic Theorem fieldequationstrawinistic,Theorem,Needs_Semantic_Translation,ID0017,D:\Zenodo\Trawin_Zero_Point_100_Primary.pdf,2934,batch008_started,geometry_manifold_segment,no
132,proof_obligations,ID0004,lemma stochasticdriftmagnitude: theorem stochasticdriftmagnitude : Theorem stochasticdriftmagnitude :,Theorem,Needs_Semantic_Translation,ID0004,D:\Zenodo\Trawin_Zero_Point_100_Primary.pdf,955,batch009_started,dynamics_scaling_segment,no
133,proof_obligations,ID0002,lemma trawinbaseunit: sorry theorem trawinbaseunit : Prop := Theorem trawinbaseunit : Prop.,Theorem,Needs_Semantic_Translation,ID0002,D:\Zenodo\Trawin_Zero_Point_100_Primary.pdf,620,batch010_started,meta_foundation_segment,no
134,proof_obligations,ID0006,lemma spectraldensityindex: sorry theorem spectraldensityindex : Theorem spectraldensityindex :,Theorem,Needs_Semantic_Translation,ID0006,D:\Zenodo\Trawin_Zero_Point_100_Primary.pdf,1376,batch006_started,operator_spectral_segment,no
135,proof_obligations,ID9999,Symmetry-fixed bifurcation criterion for the Trawin Zero Point,Theorem,Derived_Theorem_Obligation,ID9999,D:\Tex\TRAWIN.tex,206,batch015_started,emergence_bifurcation_followup_segment,no
136,proof_obligations,ID0170,lemma cymatic_topological_control: theorem cymatic_topological_control Theorem cymatic_topological_control,Theorem,Needs_Semantic_Translation,ID0170,D:\Zenodo\Trawin_Zero_Point_200_Secondary.pdf,6298,batch005_started,topology_vector_segment,no
137,proof_obligations,ID0020,lemma trawincharacteristicclass: theorem trawincharacteristicclass Theorem trawincharacteristicclass,Theorem,Needs_Semantic_Translation,ID0020,D:\Zenodo\Trawin_Zero_Point_100_Primary.pdf,1853,batch008_started,geometry_manifold_segment,no
138,proof_obligations,ID0038,lemma elsasseruniversality: sorry theorem elsasseruniversality : Theorem elsasseruniversality :,Theorem,Needs_Semantic_Translation,ID0038,D:\Zenodo\Trawin_Zero_Point_100_Primary.pdf,3437,phase2_already_started,existing_phase2_family,no
139,proof_obligations,ID0004,lemma nonlinearityconstant: sorry theorem nonlinearityconstant : Theorem nonlinearityconstant :,Theorem,Needs_Semantic_Translation,ID0004,D:\Zenodo\Trawin_Zero_Point_100_Primary.pdf,795,batch009_started,dynamics_scaling_segment,no
140,proof_obligations,ID0017,lemma trawinisticlaplacian: sorry theorem trawinisticlaplacian : Theorem trawinisticlaplacian :,Theorem,Needs_Semantic_Translation,ID0017,D:\Zenodo\Trawin_Zero_Point_100_Primary.pdf,1607,batch008_started,geometry_manifold_segment,no
141,proof_obligations,ID0017,lemma curvedquantumfields: sorry theorem curvedquantumfields : Theorem curvedquantumfields :,Theorem,Needs_Semantic_Translation,ID0017,D:\Zenodo\Trawin_Zero_Point_100_Primary.pdf,4228,batch007_started,quantum_open_system_segment,no
142,proof_obligations,ID0002,lemma dimensionalambiguity: sorry theorem dimensionalambiguity : Theorem dimensionalambiguity :,Theorem,Needs_Semantic_Translation,ID0002,D:\Zenodo\Trawin_Zero_Point_100_Primary.pdf,387,batch008_started,geometry_manifold_segment,no
143,proof_obligations,ID0003,lemma hyperdimensionalspan: sorry theorem hyperdimensionalspan : Theorem hyperdimensionalspan :,Theorem,Needs_Semantic_Translation,ID0003,D:\Zenodo\Trawin_Zero_Point_100_Primary.pdf,881,batch008_started,geometry_manifold_segment,no
144,proof_obligations,ID0040,lemma helicityquantisation: sorry theorem helicityquantisation : Theorem helicityquantisation :,Theorem,Needs_Semantic_Translation,ID0040,D:\Zenodo\Trawin_Zero_Point_100_Primary.pdf,3517,phase2_already_started,existing_phase2_family,no
145,proof_obligations,ID0032,lemma vacuumpolarization: sorry theorem vacuumpolarization : Prop Theorem vacuumpolarization : Prop.,Theorem,Needs_Semantic_Translation,ID0032,D:\Zenodo\Trawin_Zero_Point_100_Primary.pdf,4380,batch009_started,dynamics_scaling_segment,no
146,proof_obligations,ID0180,lemma 0181_proof: theorem Theorem,Theorem,Needs_Semantic_Translation,ID0180,D:\Zenodo\Trawin_Zero_Point_200_Secondary.pdf,7190,batch010_started,meta_foundation_segment,no
147,proof_obligations,ID0065,lemma multipartitenetworks: sorry theorem multipartitenetworks : Theorem multipartitenetworks :,Theorem,Needs_Semantic_Translation,ID0065,D:\Zenodo\Trawin_Zero_Point_100_Primary.pdf,5525,batch007_started,quantum_open_system_segment,no
148,proof_obligations,ID9999,TZP emergence as symmetry-fixed bifurcation of TRAWIN closure,Theorem,Derived_Theorem_Obligation,ID9999,D:\Tex\00_Canon_00_TRAWIN_definition.tex,256,batch015_started,emergence_bifurcation_followup_segment,no
149,proof_obligations,ID0054,lemma boundaryquantumeffects: theorem boundaryquantumeffects : Theorem boundaryquantumeffects :,Theorem,Needs_Semantic_Translation,ID0054,D:\Zenodo\Trawin_Zero_Point_100_Primary.pdf,4624,batch004_started,remaining_candidate_real_algebra,no
150,proof_obligations,ID0173,lemma curvature_and_field_strength: theorem Theorem,Theorem,Needs_Semantic_Translation,ID0173,D:\Zenodo\Trawin_Zero_Point_200_Secondary.pdf,6586,batch008_started,geometry_manifold_segment,no
151,proof_obligations,ID0040,lemma magneticmomentscaling: theorem magneticmomentscaling : Theorem magneticmomentscaling :,Theorem,Needs_Semantic_Translation,ID0040,D:\Zenodo\Trawin_Zero_Point_100_Primary.pdf,3764,phase2_already_started,existing_phase2_family,no
152,proof_obligations,ID0063,lemma entanglementstructure: sorry theorem entanglementstructure : Theorem entanglementstructure :,Theorem,Needs_Semantic_Translation,ID0063,D:\Zenodo\Trawin_Zero_Point_100_Primary.pdf,5455,batch007_started,quantum_open_system_segment,no
153,proof_obligations,ID0062,lemma quantumchaosindicators: theorem quantumchaosindicators : Theorem quantumchaosindicators :,Theorem,Needs_Semantic_Translation,ID0062,D:\Zenodo\Trawin_Zero_Point_100_Primary.pdf,6506,batch007_started,quantum_open_system_segment,no
154,proof_obligations,ID0046,lemma runningphysicalconstants: theorem runningphysicalconstants : Theorem runningphysicalconstants :,Theorem,Needs_Semantic_Translation,ID0046,D:\Zenodo\Trawin_Zero_Point_100_Primary.pdf,4937,batch009_started,dynamics_scaling_segment,no
155,proof_obligations,ID0036,lemma zeropointfluctuations: theorem zeropointfluctuations : Theorem zeropointfluctuations :,Theorem,Needs_Semantic_Translation,ID0036,D:\Zenodo\Trawin_Zero_Point_100_Primary.pdf,4151,batch009_started,dynamics_scaling_segment,no
156,proof_obligations,ID0185,lemma 0186_proof: theorem Theorem,Theorem,Needs_Semantic_Translation,ID0185,D:\Zenodo\Trawin_Zero_Point_200_Secondary.pdf,7591,batch010_started,meta_foundation_segment,no
157,proof_obligations,ID0001,lemma temporaldisplacement: sorry theorem temporaldisplacement : Theorem temporaldisplacement :,Theorem,Needs_Semantic_Translation,ID0001,D:\Zenodo\Trawin_Zero_Point_100_Primary.pdf,706,batch009_started,dynamics_scaling_segment,no
158,proof_obligations,ID0004,lemma nullspaceprojection: sorry theorem nullspaceprojection : Theorem nullspaceprojection :,Theorem,Needs_Semantic_Translation,ID0004,D:\Zenodo\Trawin_Zero_Point_100_Primary.pdf,1199,batch008_started,geometry_manifold_segment,no
159,proof_obligations,ID0080,lemma semiclassicallimits: sorry theorem semiclassicallimits : Prop Theorem semiclassicallimits :,Theorem,Needs_Semantic_Translation,ID0080,D:\Zenodo\Trawin_Zero_Point_100_Primary.pdf,6590,batch009_started,dynamics_scaling_segment,no
160,proof_obligations,ID0181,lemma 0182_proof: theorem Theorem,Theorem,Needs_Semantic_Translation,ID0181,D:\Zenodo\Trawin_Zero_Point_200_Secondary.pdf,7275,batch010_started,meta_foundation_segment,no
161,proof_obligations,ID0001,lemma lemniscaticselfintersection: theorem Theorem,Theorem,Needs_Semantic_Translation,ID0001,D:\Zenodo\Trawin_Zero_Point_100_Primary.pdf,305,batch008_started,geometry_manifold_segment,no
162,proof_obligations,ID9999,THEOREM 4: TZP Emergence Mechanism: Planck oscillations ω P ≈ 1.86×1043 Hz with,Theorem,Derived_Theorem_Obligation,ID9999,D:\Zenodo\gyromagnetic_validation.pdf,256,batch015_started,emergence_bifurcation_followup_segment,no
163,proof_obligations,ID0018,lemma confinedmodequantization: theorem confinedmodequantization : Theorem confinedmodequantization :,Theorem,Needs_Semantic_Translation,ID0018,D:\Zenodo\Trawin_Zero_Point_100_Primary.pdf,4543,batch009_started,dynamics_scaling_segment,no
164,proof_obligations,ID0053,lemma continuousvariablesystems: theorem continuousvariablesystems Theorem continuousvariablesystems,Theorem,Needs_Semantic_Translation,ID0053,D:\Zenodo\Trawin_Zero_Point_100_Primary.pdf,5975,batch007_started,quantum_open_system_segment,no
165,proof_obligations,ID0174,lemma holonomy_and_closed_loops: theorem holonomy_and_closed_loops : Theorem holonomy_and_closed_loops :,Theorem,Needs_Semantic_Translation,ID0174,D:\Zenodo\Trawin_Zero_Point_200_Secondary.pdf,6722,batch008_started,geometry_manifold_segment,no
166,proof_obligations,ID0041,lemma linkingnumberuniversality: theorem linkingnumberuniversality Theorem linkingnumberuniversality,Theorem,Needs_Semantic_Translation,ID0041,D:\Zenodo\Trawin_Zero_Point_100_Primary.pdf,3682,batch005_started,topology_vector_segment,no
167,proof_obligations,ID0007,lemma observerdependentstates: theorem observerdependentstates : Theorem observerdependentstates :,Theorem,Needs_Semantic_Translation,ID0007,D:\Zenodo\Trawin_Zero_Point_100_Primary.pdf,5384,batch010_started,meta_foundation_segment,no
168,proof_obligations,ID0063,lemma quantumchannels: sorry theorem quantumchannels : Prop := Theorem quantumchannels : Prop.,Theorem,Needs_Semantic_Translation,ID0063,D:\Zenodo\Trawin_Zero_Point_100_Primary.pdf,6049,batch007_started,quantum_open_system_segment,no
169,proof_obligations,ID0062,lemma quantumtransport: sorry theorem quantumtransport : Prop := Theorem quantumtransport : Prop.,Theorem,Needs_Semantic_Translation,ID0062,D:\Zenodo\Trawin_Zero_Point_100_Primary.pdf,6361,batch007_started,quantum_open_system_segment,no
170,proof_obligations,ID0070,lemma qubitembedding: sorry theorem qubitembedding : Prop := Theorem qubitembedding : Prop.,Theorem,Needs_Semantic_Translation,ID0070,D:\Zenodo\Trawin_Zero_Point_100_Primary.pdf,5904,batch007_started,quantum_open_system_segment,no
171,proof_obligations,ID0050,lemma spinorspinnetwork: sorry theorem spinorspinnetwork : Prop Theorem spinorspinnetwork : Prop.,Theorem,Needs_Semantic_Translation,ID0050,D:\Zenodo\Trawin_Zero_Point_100_Primary.pdf,5760,batch007_started,quantum_open_system_segment,no
172,proof_obligations,ID0182,lemma 0183_proof: theorem Theorem,Theorem,Needs_Semantic_Translation,ID0182,D:\Zenodo\Trawin_Zero_Point_200_Secondary.pdf,7358,batch010_started,meta_foundation_segment,no
173,proof_obligations,ID0183,lemma 0184_proof: theorem Theorem,Theorem,Needs_Semantic_Translation,ID0183,D:\Zenodo\Trawin_Zero_Point_200_Secondary.pdf,7436,batch010_started,meta_foundation_segment,no
174,proof_obligations,ID0187,lemma 0188_proof: theorem Theorem,Theorem,Needs_Semantic_Translation,ID0187,D:\Zenodo\Trawin_Zero_Point_200_Secondary.pdf,7750,batch010_started,meta_foundation_segment,no
175,proof_obligations,ID0017,lemma actionfunctional: sorry theorem actionfunctional : Prop := Theorem actionfunctional : Prop.,Theorem,Needs_Semantic_Translation,ID0017,D:\Zenodo\Trawin_Zero_Point_100_Primary.pdf,2768,batch008_started,geometry_manifold_segment,no
176,proof_obligations,ID0012,lemma coherencedecoherence: sorry theorem coherencedecoherence : Theorem coherencedecoherence :,Theorem,Needs_Semantic_Translation,ID0012,D:\Zenodo\Trawin_Zero_Point_100_Primary.pdf,5013,batch007_started,quantum_open_system_segment,no
177,proof_obligations,ID0037,lemma elsasserattractor: sorry theorem elsasserattractor : Prop Theorem elsasserattractor : Prop.,Theorem,Needs_Semantic_Translation,ID0037,D:\Zenodo\Trawin_Zero_Point_100_Primary.pdf,3277,phase2_already_started,existing_phase2_family,no
178,proof_obligations,ID0026,lemma emergentrotationprinciple: theorem emergentrotationprinciple Theorem emergentrotationprinciple,Theorem,Needs_Semantic_Translation,ID0026,D:\Zenodo\Trawin_Zero_Point_100_Primary.pdf,3193,batch009_started,dynamics_scaling_segment,no
179,proof_obligations,ID0060,lemma environmentsuperselection: theorem environmentsuperselection : Theorem environmentsuperselection :,Theorem,Needs_Semantic_Translation,ID0060,D:\Zenodo\Trawin_Zero_Point_100_Primary.pdf,5086,batch007_started,quantum_open_system_segment,no
180,proof_obligations,ID0062,lemma fluctuationdissipation: theorem fluctuationdissipation : Theorem fluctuationdissipation :,Theorem,Needs_Semantic_Translation,ID0062,D:\Zenodo\Trawin_Zero_Point_100_Primary.pdf,6276,batch007_started,quantum_open_system_segment,no
181,proof_obligations,ID0006,lemma intermodaltransferrate: theorem intermodaltransferrate : Theorem intermodaltransferrate :,Theorem,Needs_Semantic_Translation,ID0006,D:\Zenodo\Trawin_Zero_Point_100_Primary.pdf,1297,batch006_started,operator_spectral_segment,no
182,proof_obligations,ID0061,lemma measurementbackaction: sorry theorem measurementbackaction : Theorem measurementbackaction :,Theorem,Needs_Semantic_Translation,ID0061,D:\Zenodo\Trawin_Zero_Point_100_Primary.pdf,5308,batch007_started,quantum_open_system_segment,no
183,proof_obligations,ID0019,lemma quantumfieldpropagator: theorem quantumfieldpropagator : Theorem quantumfieldpropagator :,Theorem,Needs_Semantic_Translation,ID0019,D:\Zenodo\Trawin_Zero_Point_100_Primary.pdf,3014,batch007_started,quantum_open_system_segment,no
184,proof_obligations,ID0053,lemma quantumphasetransition: theorem quantumphasetransition : Theorem quantumphasetransition :,Theorem,Needs_Semantic_Translation,ID0053,D:\Zenodo\Trawin_Zero_Point_100_Primary.pdf,4777,batch007_started,quantum_open_system_segment,no
185,proof_obligations,ID0073,lemma quantumthermodynamics: sorry theorem quantumthermodynamics : Theorem quantumthermodynamics :,Theorem,Needs_Semantic_Translation,ID0073,D:\Zenodo\Trawin_Zero_Point_100_Primary.pdf,6197,batch007_started,quantum_open_system_segment,no
186,proof_obligations,ID0009,lemma renormalizationnavigation: theorem renormalizationnavigation : Theorem renormalizationnavigation :,Theorem,Needs_Semantic_Translation,ID0009,D:\Zenodo\Trawin_Zero_Point_100_Primary.pdf,4857,batch009_started,dynamics_scaling_segment,no
187,proof_obligations,ID0001,lemma fieldcoherencemetric: sorry theorem fieldcoherencemetric : Theorem fieldcoherencemetric :,Theorem,Needs_Semantic_Translation,ID0001,D:\Zenodo\Trawin_Zero_Point_100_Primary.pdf,1116,batch007_started,quantum_open_system_segment,no
188,proof_obligations,ID0183,lemma 0185_proof: theorem Theorem,Theorem,Needs_Semantic_Translation,ID0183,D:\Zenodo\Trawin_Zero_Point_200_Secondary.pdf,7514,batch010_started,meta_foundation_segment,no
189,proof_obligations,ID0186,lemma 0187_proof: theorem Theorem,Theorem,Needs_Semantic_Translation,ID0186,D:\Zenodo\Trawin_Zero_Point_200_Secondary.pdf,7672,batch010_started,meta_foundation_segment,no
190,proof_obligations,ID0187,lemma 0189_proof: theorem Theorem,Theorem,Needs_Semantic_Translation,ID0187,D:\Zenodo\Trawin_Zero_Point_200_Secondary.pdf,7833,batch010_started,meta_foundation_segment,no
191,proof_obligations,ID0046,lemma bayesianevidence: sorry theorem bayesianevidence : Prop := Theorem bayesianevidence : Prop.,Theorem,Needs_Semantic_Translation,ID0046,D:\Zenodo\Trawin_Zero_Point_100_Primary.pdf,3993,batch010_started,meta_foundation_segment,no
192,proof_obligations,ID0020,lemma berryphase: sorry theorem berryphase : Prop := by Theorem berryphase : Prop.,Theorem,Needs_Semantic_Translation,ID0020,D:\Zenodo\Trawin_Zero_Point_100_Primary.pdf,5683,batch008_started,geometry_manifold_segment,no
193,proof_obligations,ID0054,lemma casimirtypephenomena: sorry theorem casimirtypephenomena : Theorem casimirtypephenomena :,Theorem,Needs_Semantic_Translation,ID0054,D:\Zenodo\Trawin_Zero_Point_100_Primary.pdf,4703,batch009_started,dynamics_scaling_segment,no
194,proof_obligations,ID0073,lemma cptpmaps: sorry theorem cptpmaps : Prop := by Theorem cptpmaps : Prop.,Theorem,Needs_Semantic_Translation,ID0073,D:\Zenodo\Trawin_Zero_Point_100_Primary.pdf,6120,batch007_started,quantum_open_system_segment,no
195,proof_obligations,ID0047,lemma falsifiabilityconstraint: theorem falsifiabilityconstraint : Theorem falsifiabilityconstraint :,Theorem,Needs_Semantic_Translation,ID0047,D:\Zenodo\Trawin_Zero_Point_100_Primary.pdf,4066,batch010_started,meta_foundation_segment,no
196,proof_obligations,ID0040,lemma ordermagnitudeinvariance: theorem ordermagnitudeinvariance : Theorem ordermagnitudeinvariance :,Theorem,Needs_Semantic_Translation,ID0040,D:\Zenodo\Trawin_Zero_Point_100_Primary.pdf,3920,phase2_already_started,existing_phase2_family,no
197,proof_obligations,ID0057,lemma quantumcriticality: sorry theorem quantumcriticality : Prop Theorem quantumcriticality : Prop.,Theorem,Needs_Semantic_Translation,ID0057,D:\Zenodo\Trawin_Zero_Point_100_Primary.pdf,6433,batch007_started,quantum_open_system_segment,no
198,proof_obligations,ID0049,lemma quantumnoisespectra: sorry theorem quantumnoisespectra : Theorem quantumnoisespectra :,Theorem,Needs_Semantic_Translation,ID0049,D:\Zenodo\Trawin_Zero_Point_100_Primary.pdf,5227,batch007_started,quantum_open_system_segment,no
199,proof_obligations,ID0015,lemma vacuumfluctuationoperator: theorem vacuumfluctuationoperator Theorem vacuumfluctuationoperator,Theorem,Needs_Semantic_Translation,ID0015,D:\Zenodo\Trawin_Zero_Point_100_Primary.pdf,3102,batch007_started,quantum_open_system_segment,no
200,proof_obligations,ID0049,lemma zeropointcommutator: sorry theorem zeropointcommutator : Theorem zeropointcommutator :,Theorem,Needs_Semantic_Translation,ID0049,D:\Zenodo\Trawin_Zero_Point_100_Primary.pdf,4300,batch007_started,quantum_open_system_segment,no
201,proof_obligations,ID9999,Theorem 1: Wavelength Quantization,Theorem,Derived_Theorem_Obligation,ID9999,D:\Tex\TEX_20260224_182530\trawin_topology_unified_field_theory.tex,279,batch012_started,operator_spectral_followup_segment,no
202,proof_obligations,ID9999,Topological Protection,Theorem,Derived_Theorem_Obligation,ID9999,D:\Tex\All_tex\00_Canon_01_TZP_Definition.tex,81,batch005_started,topology_vector_segment,no
203,proof_obligations,ID0137,law N:normalizedmegastructureformationtheorem,Theorem,Needs_Semantic_Translation,ID0137,D:\Zenodo\Trawin_Zero_Point_200_Secondary.pdf,3356,batch001_started,first_master_registry_segment,no
204,proof_obligations,ID9999,TZP Vacuum Divergence,Theorem,Derived_Theorem_Obligation,ID9999,D:\Tex\topological_unification.tex,190,batch017_started,quantum_matter_followup_segment,no
205,proof_obligations,ID9999,Theorem: Electron Conservation with TZP Coupling,Theorem,Derived_Theorem_Obligation,ID9999,D:\Zenodo\complete_tzpqvs_synthesis.pdf,497,batch017_started,quantum_matter_followup_segment,no
206,proof_obligations,ID9999,THEOREM 1: Celestial Gyromagnetic Motion,Theorem,Derived_Theorem_Obligation,ID9999,D:\Tex\gyromagnetic_validation.tex,447,batch016_started,orbital_gyromagnetic_followup_segment,no
207,proof_obligations,ID9999,Theorem 5: Quantum Flux Quantization,Theorem,Derived_Theorem_Obligation,ID9999,D:\Tex\TEX_20260224_182530\trawin_topology_unified_field_theory.tex,348,batch005_started,topology_vector_segment,no
208,proof_obligations,ID9999,Theorem 3: Beat Frequency Mechanism,Theorem,Derived_Theorem_Obligation,ID9999,D:\Tex\TEX_20260224_182530\trawin_topology_unified_field_theory.tex,322,batch006_started,operator_spectral_segment,no
209,proof_obligations,ID9999,Theorem: The TZP-Torus-Consciousness system is mathematically consistent and enables vacuum energy extraction.,Theorem,Derived_Theorem_Obligation,ID9999,D:\Tex\Delta function in the bell curve (3).txt,757,batch004_started,remaining_candidate_real_algebra,no
210,proof_obligations,ID9999,The Borsuk--Ulam Theorem,Theorem,Derived_Theorem_Obligation,ID9999,D:\Tex\TEX_20260224_182530\paper.tex,124,batch013_started,topology_category_followup_segment,no
211,proof_obligations,ID0137,ID 137: Megastructure Formation Theorem,Theorem,Derived_Theorem_Obligation,ID0137,D:\Tex\Opera_Omia_Contextus_Canonicus_Trawin_Zero_Point.tex,1824,batch001_started,first_master_registry_segment,no
212,proof_obligations,ID0239,ID 239: Buckingham $\Pi$‑Theorem Application,Theorem,Derived_Theorem_Obligation,ID0239,D:\Tex\Opera_Omia_Contextus_Canonicus_Trawin_Zero_Point.tex,2844,batch013_started,topology_category_followup_segment,no
213,proof_obligations,ID9999,Topological Field Constraint,Theorem,Derived_Theorem_Obligation,ID9999,D:\Tex\topological_unification.tex,338,batch005_started,topology_vector_segment,no
214,proof_obligations,ID9999,Spectral Deformation Under Curvature Coupling,Theorem,Derived_Theorem_Obligation,ID9999,D:\Tex\quantized_harmonics_of_the_infinite_curve.tex,665,batch006_started,operator_spectral_segment,no
215,proof_obligations,ID9999,Theorem 1: Celestial Gyromagnetic Motion,Theorem,Derived_Theorem_Obligation,ID9999,D:\Tex\gyromagnetic_validation.tex,432,batch016_started,orbital_gyromagnetic_followup_segment,no
216,proof_obligations,ID9999,Theorem 2: Tidal Deformation Amplitude,Theorem,Derived_Theorem_Obligation,ID9999,D:\Tex\TEX_20260224_182530\trawin_topology_unified_field_theory.tex,301,batch016_started,orbital_gyromagnetic_followup_segment,no
217,proof_obligations,ID9999,Theorem 4: Dipole Constraint Topology,Theorem,Derived_Theorem_Obligation,ID9999,D:\Tex\TEX_20260224_182530\trawin_topology_unified_field_theory.tex,338,batch013_started,topology_category_followup_segment,no
218,proof_obligations,ID9999,Universal Criticality,Theorem,Derived_Theorem_Obligation,ID9999,D:\Tex\topological_unification.tex,359,batch017_started,quantum_matter_followup_segment,no
219,proof_obligations,ID9999,Generalized Helicity Conservation,Theorem,Derived_Theorem_Obligation,ID9999,D:\Tex\TEX_20260224_182530\emergent_curvature_theory.tex,172,batch005_started,topology_vector_segment,no
220,proof_obligations,ID9999,Spiral Pitch Angle from Accumulated Curvature,Theorem,Derived_Theorem_Obligation,ID9999,D:\Tex\TEX_20260224_182530\emergent_curvature_theory.tex,205,batch016_started,orbital_gyromagnetic_followup_segment,no
221,proof_obligations,ID9999,Opposite Helicity Conservation,Theorem,Derived_Theorem_Obligation,ID9999,D:\Tex\All_tex\unified_field_theory_paper.tex,269,batch005_started,topology_vector_segment,no
222,proof_obligations,ID9999,"Theorem (Woltjer, 1958)",Theorem,Derived_Theorem_Obligation,ID9999,D:\Tex\TEX_20260224_182530\mathematical_formulation.tex,236,batch011_started,magnetic_torsion_segment,no
223,proof_obligations,ID9999,Theorem: Curvature Coupling,Theorem,Derived_Theorem_Obligation,ID9999,D:\Tex\TEX_20260224_182530\document2.tex,74,batch019_started,geometry_curvature_closeout_segment,no
224,proof_obligations,ID9999,Accumulated Force Functional,Theorem,Derived_Theorem_Obligation,ID9999,D:\Tex\All_tex\unified_field_theory_paper.tex,98,batch014_started,dynamics_stability_followup_segment,no
225,proof_obligations,ID9999,Chern Number Quantization,Theorem,Derived_Theorem_Obligation,ID9999,D:\Tex\quantized_harmonics_of_the_infinite_curve.tex,611,batch005_started,topology_vector_segment,no
226,proof_obligations,ID9999,Curvature-Induced Spectral Deformation,Theorem,Needs_Semantic_Translation,ID9999,D:\Tex\quantized_harmonics_of_the_infinite_curve.tex,489,batch006_started,operator_spectral_segment,no
227,proof_obligations,ID9999,Fine Structure from Topology,Theorem,Derived_Theorem_Obligation,ID9999,D:\Tex\TEX_20260224_182530\theory_of_it_all_trawin_topology (2).tex,171,batch013_started,topology_category_followup_segment,no
228,proof_obligations,ID9999,Magnon-Phonon Interaction,Theorem,Derived_Theorem_Obligation,ID9999,D:\Tex\All_tex\MagnetoAcousticTopologyAndDimensionalResonance.tex,273,batch011_started,magnetic_torsion_segment,no
229,proof_obligations,ID9999,Spectral Gap Under Positive Curvature,Theorem,Derived_Theorem_Obligation,ID9999,D:\Tex\quantized_harmonics_of_the_infinite_curve.tex,922,batch006_started,operator_spectral_segment,no
230,proof_obligations,ID9999,Theorem 3 (Information-Theoretic Lower Bound).,Theorem,Derived_Theorem_Obligation,ID9999,D:\Tex\pi_slide.tex,529,batch004_started,remaining_candidate_real_algebra,no
231,proof_obligations,ID9999,Universal Toroidal Constraint,Theorem,Derived_Theorem_Obligation,ID9999,D:\Tex\TEX_20260224_182530\theory_of_it_all_trawin_topology (2).tex,139,batch013_started,topology_category_followup_segment,no
232,proof_obligations,ID9999,Adjoint Functor Reconstruction,Theorem,Derived_Theorem_Obligation,ID9999,D:\Tex\TEX_20260224_182530\emergent_curvature_theory.tex,312,batch013_started,topology_category_followup_segment,no
233,proof_obligations,ID9999,KK Mode Coupling,Theorem,Derived_Theorem_Obligation,ID9999,D:\Tex\All_tex\reverse_harmonics_publication.tex,241,batch012_started,operator_spectral_followup_segment,no
234,proof_obligations,ID9999,Dimensional Access Condition,Theorem,Derived_Theorem_Obligation,ID9999,D:\Tex\All_tex\unified_field_theory_paper.tex,180,batch013_started,topology_category_followup_segment,no
235,proof_obligations,ID9999,Discrete Dark Matter Distribution,Theorem,Derived_Theorem_Obligation,ID9999,D:\Tex\topological_unification.tex,406,batch017_started,quantum_matter_followup_segment,no
236,proof_obligations,ID9999,Elsasser Universality,Theorem,Derived_Theorem_Obligation,ID9999,D:\Tex\topological_unification.tex,212,batch011_started,magnetic_torsion_segment,no
237,proof_obligations,ID9999,Geometric Flow Dynamics,Theorem,Derived_Theorem_Obligation,ID9999,D:\Tex\All_tex\unified_field_theory_paper.tex,141,batch014_started,dynamics_stability_followup_segment,no
238,proof_obligations,ID9999,Universal Critical Exponent,Theorem,Derived_Theorem_Obligation,ID9999,D:\Tex\topological_unification.tex,306,batch017_started,quantum_matter_followup_segment,no
239,proof_obligations,ID9999,Hamilton’s Equations,Theorem,Derived_Theorem_Obligation,ID9999,D:\Tex\TEX_20260224_182530\refactored_derivations.tex,212,batch012_started,operator_spectral_followup_segment,no
240,proof_obligations,ID9999,Helicity Conservation,Theorem,Derived_Theorem_Obligation,ID9999,D:\Tex\All_tex\MagnetoAcousticTopologyAndDimensionalResonance.tex,305,batch005_started,topology_vector_segment,no
241,proof_obligations,ID1802,Topological Protection,Theorem,Derived_Theorem_Obligation,ID1802,D:\Tex\quantized_harmonics_of_the_infinite_curve.tex,953,batch005_started,topology_vector_segment,no
242,proof_obligations,ID9999,Alfvén Mode Quantization,Theorem,Derived_Theorem_Obligation,ID9999,D:\Tex\All_tex\MagnetoAcousticTopologyAndDimensionalResonance.tex,56,batch012_started,operator_spectral_followup_segment,no
243,proof_obligations,ID9999,Accumulation Dynamics,Theorem,Derived_Theorem_Obligation,ID9999,D:\Tex\TEX_20260224_182530\emergent_curvature_theory.tex,109,batch014_started,dynamics_stability_followup_segment,no
244,proof_obligations,ID9999,Emergence Criterion,Theorem,Derived_Theorem_Obligation,ID9999,D:\Tex\TEX_20260224_182530\emergent_curvature_theory.tex,385,batch015_started,emergence_bifurcation_followup_segment,no
245,proof_obligations,ID9999,Global Weak Existence,Theorem,Derived_Theorem_Obligation,ID9999,D:\Tex\quantized_harmonics_of_the_infinite_curve.tex,739,batch014_started,dynamics_stability_followup_segment,no
246,proof_obligations,ID0137,Theorem 2: Megastructure Formation,Theorem,Derived_Theorem_Obligation,ID0137,D:\Tex\gyromagnetic_validation.tex,454,batch001_started,first_master_registry_segment,no
247,proof_obligations,ID0239,ID 239: Buckingham $\Pi$â€‘Theorem Application,Theorem,Derived_Theorem_Obligation,ID0239,D:\Tex\Registriy00.tex,2847,batch013_started,topology_category_followup_segment,no
248,proof_obligations,ID0239,ID 239: Buckingham Π‑Theorem Application,Theorem,Derived_Theorem_Obligation,ID0239,D:\Tex\TEX_20260224_182530\minimal_output.tex,2521,batch013_started,topology_category_followup_segment,no
249,proof_obligations,ID9579,Adjoint Functor Correspondence,Theorem,Derived_Theorem_Obligation,ID9579,D:\Tex\All_tex\reverse_harmonics_publication.tex,73,batch013_started,topology_category_followup_segment,no
250,proof_obligations,ID9999,Dissipative Energy Decay,Theorem,Derived_Theorem_Obligation,ID9999,D:\Tex\quantized_harmonics_of_the_infinite_curve.tex,700,batch004_started,remaining_candidate_real_algebra,no
251,proof_obligations,ID9999,Dissipative Stability,Theorem,Derived_Theorem_Obligation,ID9999,D:\Tex\quantized_harmonics_of_the_infinite_curve.tex,553,batch014_started,dynamics_stability_followup_segment,no
252,proof_obligations,ID9999,First-Order Orbital Shift,Theorem,Derived_Theorem_Obligation,ID9999,D:\Tex\quantized_harmonics_of_the_infinite_curve.tex,1275,batch016_started,orbital_gyromagnetic_followup_segment,no
253,proof_obligations,ID5758,Flux Tunneling,Theorem,Derived_Theorem_Obligation,ID5758,D:\Tex\TEX_20260224_182530\topological_quantum_storage_paper (2).tex,73,batch011_started,magnetic_torsion_segment,no
254,proof_obligations,ID9999,Global Phase Symmetry,Theorem,Derived_Theorem_Obligation,ID9999,D:\Tex\quantized_harmonics_of_the_infinite_curve.tex,863,batch013_started,topology_category_followup_segment,no
255,proof_obligations,ID9999,Harmonic-KK Resonance,Theorem,Derived_Theorem_Obligation,ID9999,D:\Tex\All_tex\MagnetoAcousticTopologyAndDimensionalResonance.tex,331,batch012_started,operator_spectral_followup_segment,no
256,proof_obligations,ID0522,ID 0522: THE UNIFIED ENTANGLEMENT META-THEOREM,Theorem,Derived_Theorem_Obligation,ID0522,D:\Tex\TEX_20260224_182530\CanonicalRegistryVol01_1_math_verify_run_5.tex,1441,batch001_started,first_master_registry_segment,no
257,proof_obligations,ID9999,Logarithmic Local Uniqueness Theorem,Theorem,Derived_Theorem_Obligation,ID9999,D:\Tex\pi_slide.tex,274,batch014_started,dynamics_stability_followup_segment,no
258,proof_obligations,ID9999,Numerical Stability Condition,Theorem,Derived_Theorem_Obligation,ID9999,D:\Tex\quantized_harmonics_of_the_infinite_curve.tex,1131,batch014_started,dynamics_stability_followup_segment,no
259,proof_obligations,ID9999,Theorem 1 (Local Uniqueness Bound).,Theorem,Derived_Theorem_Obligation,ID9999,D:\Tex\pi_slide.tex,276,batch004_started,remaining_candidate_real_algebra,no
260,proof_obligations,ID0522,[ID 522] THE UNIFIED ENTANGLEMENT META-THEOREM,Theorem,Derived_Theorem_Obligation,ID0522,D:\Tex\CanonicalRegistryVol01.tex,2225,batch001_started,first_master_registry_segment,no
261,proof_obligations,ID9999,Theorem: Infinite-Order Phase Transitions,Theorem,Derived_Theorem_Obligation,ID9999,D:\Tex\TEX_20260224_182530\document2.tex,65,batch015_started,emergence_bifurcation_followup_segment,no
262,proof_obligations,ID9999,Dipole Non-Annihilation Theorem,Theorem,Derived_Theorem_Obligation,ID9999,D:\Tex\topological_unification.tex,337,batch011_started,magnetic_torsion_segment,no
263,proof_obligations,ID3322,Encoding-Decoding Adjunction,Theorem,Derived_Theorem_Obligation,ID3322,D:\Tex\All_tex\QuantumTopoHoloNavSystem.tex,1,batch013_started,topology_category_followup_segment,no
264,proof_obligations,ID9999,Linear Dispersion Relation,Theorem,Derived_Theorem_Obligation,ID9999,D:\Tex\quantized_harmonics_of_the_infinite_curve.tex,1012,batch004_started,remaining_candidate_real_algebra,no
265,proof_obligations,ID9999,Linear Stability Condition,Theorem,Derived_Theorem_Obligation,ID9999,D:\Tex\quantized_harmonics_of_the_infinite_curve.tex,1044,batch014_started,dynamics_stability_followup_segment,no
266,proof_obligations,ID9999,Newtonian Limit Recovery,Theorem,Derived_Theorem_Obligation,ID9999,D:\Tex\quantized_harmonics_of_the_infinite_curve.tex,1337,batch014_started,dynamics_stability_followup_segment,no
267,proof_obligations,ID9999,Nonlinear Dispersion Shift,Theorem,Derived_Theorem_Obligation,ID9999,D:\Tex\quantized_harmonics_of_the_infinite_curve.tex,1064,batch014_started,dynamics_stability_followup_segment,no
268,proof_obligations,ID9999,Phase-Locking Bifurcation,Theorem,Derived_Theorem_Obligation,ID9999,D:\Tex\quantized_harmonics_of_the_infinite_curve.tex,787,batch018_started,resonance_locking_followup_segment,no
269,proof_obligations,ID9999,Pitchfork Bifurcation,Theorem,Derived_Theorem_Obligation,ID9999,D:\Tex\quantized_harmonics_of_the_infinite_curve.tex,1239,batch018_started,resonance_locking_followup_segment,no
270,proof_obligations,ID9999,Quantum Violation,Theorem,Derived_Theorem_Obligation,ID9999,D:\Tex\TEX_20260224_182530\topological_quantum_storage_paper (2).tex,196,batch017_started,quantum_matter_followup_segment,no
271,proof_obligations,ID9999,Resonance Capture Condition,Theorem,Derived_Theorem_Obligation,ID9999,D:\Tex\quantized_harmonics_of_the_infinite_curve.tex,1205,batch018_started,resonance_locking_followup_segment,no
272,proof_obligations,ID9999,Sufficient Condition for Phase Locking,Theorem,Derived_Theorem_Obligation,ID9999,D:\Tex\TEX_20260224_182530\document3.tex,223,batch018_started,resonance_locking_followup_segment,no
273,proof_obligations,ID9999,Surface Dominance Theorem,Theorem,Derived_Theorem_Obligation,ID9999,D:\Tex\programmable_pathway_to_induce_structured_hyper_spherical_states.tex,126,batch013_started,topology_category_followup_segment,no
274,proof_obligations,ID9999,Theorem: Lemniscate Saddle Points,Theorem,Derived_Theorem_Obligation,ID9999,D:\Tex\TEX_20260224_182530\document2.tex,50,batch018_started,resonance_locking_followup_segment,no
275,proof_obligations,ID0137,ID 0137: Megastructure Formation Theorem,Theorem,Derived_Theorem_Obligation,ID0137,D:\Tex\TEX_20260224_182530\Registriy00_math_verify_run_1.tex,3259,batch001_started,first_master_registry_segment,no
276,proof_obligations,ID9999,Numerical Stability Theorem,Theorem,Derived_Theorem_Obligation,ID9999,D:\Tex\quantized_harmonics_of_the_infinite_curve.tex,1110,batch014_started,dynamics_stability_followup_segment,no
277,proof_obligations,ID3902,Spectral Gap Theorem,Theorem,Derived_Theorem_Obligation,ID3902,D:\Tex\quantized_harmonics_of_the_infinite_curve.tex,920,batch012_started,operator_spectral_followup_segment,no
278,statement_inventory,ID0137,ID0137: Megastructure Formation Theorem,Theorem,,ID0137,TZPID_ALL_IDS_CANONICAL_EQUATION_MASTER_with_export.csv#ID0137,139,batch001_started,first_master_registry_segment,no
279,statement_inventory,ID0234,ID0234: Helicity Topology Invariant,Theorem,,ID0234,TZPID_ALL_IDS_CANONICAL_EQUATION_MASTER_with_export.csv#ID0234,236,batch001_started,first_master_registry_segment,no
280,statement_inventory,ID0399,ID0399: Information Conservation and Holographic Preservation,Theorem,,ID0399,TZPID_ALL_IDS_CANONICAL_EQUATION_MASTER_with_export.csv#ID0399,401,batch001_started,first_master_registry_segment,no
281,statement_inventory,ID0522,ID0522: The Unified Entanglement Meta-Theorem,Theorem,,ID0522,TZPID_ALL_IDS_CANONICAL_EQUATION_MASTER_with_export.csv#ID0522,524,batch001_started,first_master_registry_segment,no
282,statement_inventory,ID10072,ID10072: Hamiltonian and Equations of Motion: (Dq)/(Dt),Theorem,,ID10072,TZPID_ALL_IDS_CANONICAL_EQUATION_MASTER_with_export.csv#ID10072,9559,batch006_started,operator_spectral_segment,no
283,statement_inventory,ID10098,ID10098: Categorical Framework for Reverse Harmonics: X in catField_phys,Theorem,,ID10098,TZPID_ALL_IDS_CANONICAL_EQUATION_MASTER_with_export.csv#ID10098,9585,batch013_started,topology_category_followup_segment,no
284,statement_inventory,ID10099,ID10099: Categorical Framework for Reverse Harmonics: Y in catSpec_obs,Theorem,,ID10099,TZPID_ALL_IDS_CANONICAL_EQUATION_MASTER_with_export.csv#ID10099,9586,batch013_started,topology_category_followup_segment,no
285,statement_inventory,ID10104,ID10104: SM5.1 Proof of Energy Conservation in S³,Theorem,,ID10104,TZPID_ALL_IDS_CANONICAL_EQUATION_MASTER_with_export.csv#ID10104,9591,batch003_started,candidate_real_algebra_segment,no
286,statement_inventory,ID10147,ID10147: Bell Inequality: |φ_helix| < π/2,Theorem,,ID10147,TZPID_ALL_IDS_CANONICAL_EQUATION_MASTER_with_export.csv#ID10147,9634,batch017_started,quantum_matter_followup_segment,no
287,statement_inventory,ID10244,ID10244: Theorem 2: Tidal Deformation Amplitude,Theorem,,ID10244,TZPID_ALL_IDS_CANONICAL_EQUATION_MASTER_with_export.csv#ID10244,9731,batch016_started,orbital_gyromagnetic_followup_segment,no
288,statement_inventory,ID10247,ID10247: Theorem 1: Wavelength Quantization: oint_S^1 K· Dl,Theorem,,ID10247,TZPID_ALL_IDS_CANONICAL_EQUATION_MASTER_with_export.csv#ID10247,9734,batch012_started,operator_spectral_followup_segment,no
289,statement_inventory,ID10250,ID10250: Theorem 5: Quantum Flux Quantization: Φ_oplus ∼ 4× 10^22 Φ_0.,Theorem,,ID10250,TZPID_ALL_IDS_CANONICAL_EQUATION_MASTER_with_export.csv#ID10250,9737,batch005_started,topology_vector_segment,no
290,statement_inventory,ID10253,ID10253: Theorem 3: Beat Frequency Mechanism: T_semi,Theorem,,ID10253,TZPID_ALL_IDS_CANONICAL_EQUATION_MASTER_with_export.csv#ID10253,9740,batch006_started,operator_spectral_segment,no
291,statement_inventory,ID10257,ID10257: Theorem 2: Tidal Deformation Amplitude: ε,Theorem,,ID10257,TZPID_ALL_IDS_CANONICAL_EQUATION_MASTER_with_export.csv#ID10257,9744,batch016_started,orbital_gyromagnetic_followup_segment,no
292,statement_inventory,ID1204,ID1204: Configuration Force Bundle,Theorem,,ID1204,TZPID_ALL_IDS_CANONICAL_EQUATION_MASTER_with_export.csv#ID1204,1204,batch001_started,first_master_registry_segment,no
293,statement_inventory,ID1585,ID1585: EID_0328 Helicity Coupling Source,Theorem,,ID1585,TZPID_ALL_IDS_CANONICAL_EQUATION_MASTER_with_export.csv#ID1585,1583,batch001_started,first_master_registry_segment,no
294,statement_inventory,ID1693,ID1693: Configuration Force Bundle,Theorem,,ID1693,TZPID_ALL_IDS_CANONICAL_EQUATION_MASTER_with_export.csv#ID1693,1691,batch001_started,first_master_registry_segment,no
295,statement_inventory,ID1829,ID1829: Sound as the Bridge,Theorem,,ID1829,TZPID_ALL_IDS_CANONICAL_EQUATION_MASTER_with_export.csv#ID1829,1827,batch001_started,first_master_registry_segment,no
296,statement_inventory,ID1845,ID1845: Azimuthal Quantum Communication,Theorem,,ID1845,TZPID_ALL_IDS_CANONICAL_EQUATION_MASTER_with_export.csv#ID1845,1843,batch001_started,first_master_registry_segment,no
297,statement_inventory,ID1918,ID1918: EID_0328 Helicity Coupling Source,Theorem,,ID1918,TZPID_ALL_IDS_CANONICAL_EQUATION_MASTER_with_export.csv#ID1918,1916,batch001_started,first_master_registry_segment,no
298,statement_inventory,ID1924,ID1924: EID_0522 Hamiltonian Operator Source,Theorem,,ID1924,TZPID_ALL_IDS_CANONICAL_EQUATION_MASTER_with_export.csv#ID1924,1922,batch001_started,first_master_registry_segment,no
299,statement_inventory,ID2045,ID2045: Azimuthal Quantum Communication,Theorem,,ID2045,TZPID_ALL_IDS_CANONICAL_EQUATION_MASTER_with_export.csv#ID2045,2042,batch001_started,first_master_registry_segment,no
300,statement_inventory,ID2306,ID2306: Helicity Topology Invariant,Theorem,,ID2306,TZPID_ALL_IDS_CANONICAL_EQUATION_MASTER_with_export.csv#ID2306,2299,batch001_started,first_master_registry_segment,no
301,statement_inventory,ID2730,ID2730: P 7.jpg P 7,Theorem,,ID2730,TZPID_ALL_IDS_CANONICAL_EQUATION_MASTER_with_export.csv#ID2730,2719,batch001_started,first_master_registry_segment,no
302,statement_inventory,ID2741,ID2741: P 8.jpg P 8,Theorem,,ID2741,TZPID_ALL_IDS_CANONICAL_EQUATION_MASTER_with_export.csv#ID2741,2730,batch001_started,first_master_registry_segment,no
303,statement_inventory,ID2916,ID2916: Kaluza–Klein Mode (Fourier) Expansion,Theorem,,ID2916,TZPID_ALL_IDS_CANONICAL_EQUATION_MASTER_with_export.csv#ID2916,2886,batch001_started,first_master_registry_segment,no
304,statement_inventory,ID2990,ID2990: Kaluza–Klein Mode (Fourier) Expansion,Theorem,,ID2990,TZPID_ALL_IDS_CANONICAL_EQUATION_MASTER_with_export.csv#ID2990,2899,batch001_started,first_master_registry_segment,no
305,statement_inventory,ID2991,ID2991: Kaluza–Klein Mode Wave Equation,Theorem,,ID2991,TZPID_ALL_IDS_CANONICAL_EQUATION_MASTER_with_export.csv#ID2991,2900,batch001_started,first_master_registry_segment,no
306,statement_inventory,ID2992,ID2992: Kaluza–Klein Tower Frequency Spectrum,Theorem,,ID2992,TZPID_ALL_IDS_CANONICAL_EQUATION_MASTER_with_export.csv#ID2992,2901,batch001_started,first_master_registry_segment,no
307,statement_inventory,ID3286,ID3286: Magnetic Helicity Functional Correction,Theorem,,ID3286,TZPID_ALL_IDS_CANONICAL_EQUATION_MASTER_with_export.csv#ID3286,2911,batch002_started,spectral_helicity_kk_segment,no
308,statement_inventory,ID3287,ID3287: Magnetic Helicity Evolution Evolution Relation,Theorem,,ID3287,TZPID_ALL_IDS_CANONICAL_EQUATION_MASTER_with_export.csv#ID3287,2912,batch002_started,spectral_helicity_kk_segment,no
309,statement_inventory,ID3288,ID3288: Modal Frequency Relation,Theorem,,ID3288,TZPID_ALL_IDS_CANONICAL_EQUATION_MASTER_with_export.csv#ID3288,2913,batch002_started,spectral_helicity_kk_segment,no
310,statement_inventory,ID3289,ID3289: Hopf State Harmonic Expansion,Theorem,,ID3289,TZPID_ALL_IDS_CANONICAL_EQUATION_MASTER_with_export.csv#ID3289,2914,batch002_started,spectral_helicity_kk_segment,no
311,statement_inventory,ID3303,ID3303: Gyromagnetic Eigenvalue,Theorem,,ID3303,TZPID_ALL_IDS_CANONICAL_EQUATION_MASTER_with_export.csv#ID3303,2928,batch002_started,spectral_helicity_kk_segment,no
312,statement_inventory,ID3305,ID3305: Magnetic Field,Theorem,,ID3305,TZPID_ALL_IDS_CANONICAL_EQUATION_MASTER_with_export.csv#ID3305,2930,batch002_started,spectral_helicity_kk_segment,no
313,statement_inventory,ID3312,ID3312: Magnetic Helicity Evolution Evolution Relation,Theorem,,ID3312,TZPID_ALL_IDS_CANONICAL_EQUATION_MASTER_with_export.csv#ID3312,2937,batch002_started,spectral_helicity_kk_segment,no
314,statement_inventory,ID3314,ID3314: Kaluza-Klein Magnetic Flux Expansion,Theorem,,ID3314,TZPID_ALL_IDS_CANONICAL_EQUATION_MASTER_with_export.csv#ID3314,2939,batch002_started,spectral_helicity_kk_segment,no
315,statement_inventory,ID3315,ID3315: Kaluza-Klein Magnetic Field,Theorem,,ID3315,TZPID_ALL_IDS_CANONICAL_EQUATION_MASTER_with_export.csv#ID3315,2940,batch002_started,spectral_helicity_kk_segment,no
316,statement_inventory,ID3316,ID3316: Kaluza-Klein Pi Scaling Law,Theorem,,ID3316,TZPID_ALL_IDS_CANONICAL_EQUATION_MASTER_with_export.csv#ID3316,2941,batch002_started,spectral_helicity_kk_segment,no
317,statement_inventory,ID3317,ID3317: Resonance Kaluza-Klein Eigenvalue,Theorem,,ID3317,TZPID_ALL_IDS_CANONICAL_EQUATION_MASTER_with_export.csv#ID3317,2942,batch002_started,spectral_helicity_kk_segment,no
318,statement_inventory,ID3378,ID3378: Modal Frequency Relation,Theorem,,ID3378,TZPID_ALL_IDS_CANONICAL_EQUATION_MASTER_with_export.csv#ID3378,3003,batch002_started,spectral_helicity_kk_segment,no
319,statement_inventory,ID3606,ID3606: Magnetic Helicity Evolution Evolution Relation,Theorem,,ID3606,TZPID_ALL_IDS_CANONICAL_EQUATION_MASTER_with_export.csv#ID3606,3231,batch002_started,spectral_helicity_kk_segment,no
320,statement_inventory,ID3613,ID3613: Modal Frequency Relation,Theorem,,ID3613,TZPID_ALL_IDS_CANONICAL_EQUATION_MASTER_with_export.csv#ID3613,3238,batch002_started,spectral_helicity_kk_segment,no
321,statement_inventory,ID3616,ID3616: Kaluza-Klein Magnetic Flux Expansion,Theorem,,ID3616,TZPID_ALL_IDS_CANONICAL_EQUATION_MASTER_with_export.csv#ID3616,3241,batch002_started,spectral_helicity_kk_segment,no
322,statement_inventory,ID3617,ID3617: Appears as Massive Field,Theorem,,ID3617,TZPID_ALL_IDS_CANONICAL_EQUATION_MASTER_with_export.csv#ID3617,3242,batch002_started,spectral_helicity_kk_segment,no
323,statement_inventory,ID3642,ID3642: Greens Function Functional,Theorem,,ID3642,TZPID_ALL_IDS_CANONICAL_EQUATION_MASTER_with_export.csv#ID3642,3267,batch002_started,spectral_helicity_kk_segment,no
324,statement_inventory,ID3650,ID3650: Acoustic Kaluza-Klein Hamiltonian,Theorem,,ID3650,TZPID_ALL_IDS_CANONICAL_EQUATION_MASTER_with_export.csv#ID3650,3275,batch002_started,spectral_helicity_kk_segment,no
325,statement_inventory,ID3651,ID3651: Grav Hamiltonian,Theorem,,ID3651,TZPID_ALL_IDS_CANONICAL_EQUATION_MASTER_with_export.csv#ID3651,3276,batch002_started,spectral_helicity_kk_segment,no
326,statement_inventory,ID3653,ID3653: Wavefunction Evolution Equation,Theorem,,ID3653,TZPID_ALL_IDS_CANONICAL_EQUATION_MASTER_with_export.csv#ID3653,3278,batch002_started,spectral_helicity_kk_segment,no
327,statement_inventory,ID3654,ID3654: Connection Functional,Theorem,,ID3654,TZPID_ALL_IDS_CANONICAL_EQUATION_MASTER_with_export.csv#ID3654,3279,batch002_started,spectral_helicity_kk_segment,no
328,statement_inventory,ID3662,ID3662: Recon Quantum State Relation,Theorem,,ID3662,TZPID_ALL_IDS_CANONICAL_EQUATION_MASTER_with_export.csv#ID3662,3287,batch002_started,spectral_helicity_kk_segment,no
329,statement_inventory,ID3663,ID3663: Recon Hamiltonian,Theorem,,ID3663,TZPID_ALL_IDS_CANONICAL_EQUATION_MASTER_with_export.csv#ID3663,3288,batch002_started,spectral_helicity_kk_segment,no
330,statement_inventory,ID3668,ID3668: Stress-Energy Tensor,Theorem,,ID3668,TZPID_ALL_IDS_CANONICAL_EQUATION_MASTER_with_export.csv#ID3668,3293,batch002_started,spectral_helicity_kk_segment,no
331,statement_inventory,ID3677,ID3677: Planck System Relation,Theorem,,ID3677,TZPID_ALL_IDS_CANONICAL_EQUATION_MASTER_with_export.csv#ID3677,3302,batch002_started,spectral_helicity_kk_segment,no
332,statement_inventory,ID3716,ID3716: Magnetic Helicity Evolution Evolution Relation,Theorem,,ID3716,TZPID_ALL_IDS_CANONICAL_EQUATION_MASTER_with_export.csv#ID3716,3341,batch002_started,spectral_helicity_kk_segment,no
333,statement_inventory,ID3872,ID3872: Field Phys Spec Relation,Theorem,,ID3872,TZPID_ALL_IDS_CANONICAL_EQUATION_MASTER_with_export.csv#ID3872,3495,batch002_started,spectral_helicity_kk_segment,no
334,statement_inventory,ID3888,ID3888: Kaluza-Klein Partition Function Bound,Theorem,,ID3888,TZPID_ALL_IDS_CANONICAL_EQUATION_MASTER_with_export.csv#ID3888,3511,batch002_started,spectral_helicity_kk_segment,no
335,statement_inventory,ID4191,ID4191: Pressure Scaling Law,Theorem,,ID4191,TZPID_ALL_IDS_CANONICAL_EQUATION_MASTER_with_export.csv#ID4191,3808,batch002_started,spectral_helicity_kk_segment,no
336,statement_inventory,ID4195,ID4195: Potential Energy Relation,Theorem,,ID4195,TZPID_ALL_IDS_CANONICAL_EQUATION_MASTER_with_export.csv#ID4195,3812,batch002_started,spectral_helicity_kk_segment,no
337,statement_inventory,ID4201,ID4201: Rho Dark Apparent Relation,Theorem,,ID4201,TZPID_ALL_IDS_CANONICAL_EQUATION_MASTER_with_export.csv#ID4201,3818,batch003_started,candidate_real_algebra_segment,no
338,statement_inventory,ID4202,ID4202: Eigenvalue,Theorem,,ID4202,TZPID_ALL_IDS_CANONICAL_EQUATION_MASTER_with_export.csv#ID4202,3819,batch006_started,operator_spectral_segment,no
339,statement_inventory,ID4206,ID4206: Solar Laplacian Operator,Theorem,,ID4206,TZPID_ALL_IDS_CANONICAL_EQUATION_MASTER_with_export.csv#ID4206,3823,batch012_started,operator_spectral_followup_segment,no
340,statement_inventory,ID4213,ID4213: Breathing Mode Frequency Relation,Theorem,,ID4213,TZPID_ALL_IDS_CANONICAL_EQUATION_MASTER_with_export.csv#ID4213,3830,batch006_started,operator_spectral_segment,no
341,statement_inventory,ID4214,ID4214: Density,Theorem,,ID4214,TZPID_ALL_IDS_CANONICAL_EQUATION_MASTER_with_export.csv#ID4214,3831,batch011_started,magnetic_torsion_segment,no
342,statement_inventory,ID4215,ID4215: Magnetic Helicity Functional Correction,Theorem,,ID4215,TZPID_ALL_IDS_CANONICAL_EQUATION_MASTER_with_export.csv#ID4215,3832,batch005_started,topology_vector_segment,no
343,statement_inventory,ID4216,ID4216: Sideband Pi Relation,Theorem,,ID4216,TZPID_ALL_IDS_CANONICAL_EQUATION_MASTER_with_export.csv#ID4216,3833,batch003_started,candidate_real_algebra_segment,no
344,statement_inventory,ID4217,ID4217: Chemical Potential Relation,Theorem,,ID4217,TZPID_ALL_IDS_CANONICAL_EQUATION_MASTER_with_export.csv#ID4217,3834,batch003_started,candidate_real_algebra_segment,no
345,statement_inventory,ID4223,ID4223: Irrotational Magnetic Field Curl Field Equation,Theorem,,ID4223,TZPID_ALL_IDS_CANONICAL_EQUATION_MASTER_with_export.csv#ID4223,3840,batch011_started,magnetic_torsion_segment,no
346,statement_inventory,ID4224,ID4224: Magnetic Field,Theorem,,ID4224,TZPID_ALL_IDS_CANONICAL_EQUATION_MASTER_with_export.csv#ID4224,3841,batch011_started,magnetic_torsion_segment,no
347,statement_inventory,ID4225,ID4225: Delta Scaling Law,Theorem,,ID4225,TZPID_ALL_IDS_CANONICAL_EQUATION_MASTER_with_export.csv#ID4225,3842,batch003_started,candidate_real_algebra_segment,no
348,statement_inventory,ID4229,ID4229: Dark Magnetic Flux Expansion,Theorem,,ID4229,TZPID_ALL_IDS_CANONICAL_EQUATION_MASTER_with_export.csv#ID4229,3846,batch011_started,magnetic_torsion_segment,no
349,statement_inventory,ID4231,ID4231: Alfvn Alfven Relation,Theorem,,ID4231,TZPID_ALL_IDS_CANONICAL_EQUATION_MASTER_with_export.csv#ID4231,3848,batch003_started,candidate_real_algebra_segment,no
350,statement_inventory,ID4233,ID4233: Chern Magnetic Field Curl Field Equation,Theorem,,ID4233,TZPID_ALL_IDS_CANONICAL_EQUATION_MASTER_with_export.csv#ID4233,3850,batch005_started,topology_vector_segment,no
351,statement_inventory,ID4252,ID4252: Magnetic Helicity Evolution Evolution Relation,Theorem,,ID4252,TZPID_ALL_IDS_CANONICAL_EQUATION_MASTER_with_export.csv#ID4252,3869,batch005_started,topology_vector_segment,no
352,statement_inventory,ID4256,ID4256: Magnetic Helicity Evolution Evolution Relation,Theorem,,ID4256,TZPID_ALL_IDS_CANONICAL_EQUATION_MASTER_with_export.csv#ID4256,3873,batch005_started,topology_vector_segment,no
353,statement_inventory,ID4363,ID4363: Quadrupole Magnetic Field,Theorem,,ID4363,TZPID_ALL_IDS_CANONICAL_EQUATION_MASTER_with_export.csv#ID4363,3980,batch011_started,magnetic_torsion_segment,no
354,statement_inventory,ID4698,ID4698: Gyromagnetic Berry Phase,Theorem,,ID4698,TZPID_ALL_IDS_CANONICAL_EQUATION_MASTER_with_export.csv#ID4698,4314,batch011_started,magnetic_torsion_segment,no
355,statement_inventory,ID4700,ID4700: Text Magnetic Flux Relation,Theorem,,ID4700,TZPID_ALL_IDS_CANONICAL_EQUATION_MASTER_with_export.csv#ID4700,4316,batch003_started,candidate_real_algebra_segment,no
356,statement_inventory,ID4708,ID4708: Magnetic Helicity Evolution Evolution Relation,Theorem,,ID4708,TZPID_ALL_IDS_CANONICAL_EQUATION_MASTER_with_export.csv#ID4708,4324,batch005_started,topology_vector_segment,no
357,statement_inventory,ID4710,ID4710: Kaluza-Klein Magnetic Flux Expansion,Theorem,,ID4710,TZPID_ALL_IDS_CANONICAL_EQUATION_MASTER_with_export.csv#ID4710,4326,batch006_started,operator_spectral_segment,no
358,statement_inventory,ID4711,ID4711: Kaluza-Klein Curvature Relation,Theorem,,ID4711,TZPID_ALL_IDS_CANONICAL_EQUATION_MASTER_with_export.csv#ID4711,4327,batch006_started,operator_spectral_segment,no
359,statement_inventory,ID4713,ID4713: Modal Frequency Relation,Theorem,,ID4713,TZPID_ALL_IDS_CANONICAL_EQUATION_MASTER_with_export.csv#ID4713,4329,batch006_started,operator_spectral_segment,no
360,statement_inventory,ID5737,ID5737: Tunnel Quantum Pressure Expansion,Theorem,,ID5737,TZPID_ALL_IDS_CANONICAL_EQUATION_MASTER_with_export.csv#ID5737,5243,batch003_started,candidate_real_algebra_segment,no
361,statement_inventory,ID5738,ID5738: Topological Quantum Storage Paper Equation,Theorem,,ID5738,TZPID_ALL_IDS_CANONICAL_EQUATION_MASTER_with_export.csv#ID5738,5244,batch005_started,topology_vector_segment,no
362,statement_inventory,ID5743,ID5743: Hamiltonian,Theorem,,ID5743,TZPID_ALL_IDS_CANONICAL_EQUATION_MASTER_with_export.csv#ID5743,5249,batch006_started,operator_spectral_segment,no
363,statement_inventory,ID5744,ID5744: Hamiltonian Evolution Equation,Theorem,,ID5744,TZPID_ALL_IDS_CANONICAL_EQUATION_MASTER_with_export.csv#ID5744,5250,batch006_started,operator_spectral_segment,no
364,statement_inventory,ID5751,ID5751: Helix Action Bound,Theorem,,ID5751,TZPID_ALL_IDS_CANONICAL_EQUATION_MASTER_with_export.csv#ID5751,5257,batch003_started,candidate_real_algebra_segment,no
365,statement_inventory,ID5797,ID5797: Pressure Relation,Theorem,,ID5797,TZPID_ALL_IDS_CANONICAL_EQUATION_MASTER_with_export.csv#ID5797,5303,batch003_started,candidate_real_algebra_segment,no
366,statement_inventory,ID5802,ID5802: Torsion Evolution Equation,Theorem,,ID5802,TZPID_ALL_IDS_CANONICAL_EQUATION_MASTER_with_export.csv#ID5802,5308,batch011_started,magnetic_torsion_segment,no
367,statement_inventory,ID5803,ID5803: Pattern Torsion Functional,Theorem,,ID5803,TZPID_ALL_IDS_CANONICAL_EQUATION_MASTER_with_export.csv#ID5803,5309,batch011_started,magnetic_torsion_segment,no
368,statement_inventory,ID5806,ID5806: Kaluza-Klein Pi Bound,Theorem,,ID5806,TZPID_ALL_IDS_CANONICAL_EQUATION_MASTER_with_export.csv#ID5806,5312,batch006_started,operator_spectral_segment,no
369,statement_inventory,ID5812,ID5812: North Hamiltonian,Theorem,,ID5812,TZPID_ALL_IDS_CANONICAL_EQUATION_MASTER_with_export.csv#ID5812,5318,batch006_started,operator_spectral_segment,no
370,statement_inventory,ID5813,ID5813: Cent Field Strength Relation,Theorem,,ID5813,TZPID_ALL_IDS_CANONICAL_EQUATION_MASTER_with_export.csv#ID5813,5319,batch003_started,candidate_real_algebra_segment,no
371,statement_inventory,ID5992,ID5992: Torsion Scaling Law,Theorem,,ID5992,TZPID_ALL_IDS_CANONICAL_EQUATION_MASTER_with_export.csv#ID5992,5498,batch003_started,candidate_real_algebra_segment,no
372,statement_inventory,ID6000,ID6000: Phase Angle Relation,Theorem,,ID6000,TZPID_ALL_IDS_CANONICAL_EQUATION_MASTER_with_export.csv#ID6000,5505,batch003_started,candidate_real_algebra_segment,no
373,statement_inventory,ID6053,ID6053: Eigenvalue,Theorem,,ID6053,TZPID_ALL_IDS_CANONICAL_EQUATION_MASTER_with_export.csv#ID6053,5555,batch006_started,operator_spectral_segment,no
374,statement_inventory,ID6092,ID6092: Energy Relation,Theorem,,ID6092,TZPID_ALL_IDS_CANONICAL_EQUATION_MASTER_with_export.csv#ID6092,5589,batch003_started,candidate_real_algebra_segment,no
375,statement_inventory,ID6488,ID6488: III. Helicity Transfer Reversal (Theorem Inversion) (1),Theorem,,ID6488,TZPID_ALL_IDS_CANONICAL_EQUATION_MASTER_with_export.csv#ID6488,5975,batch005_started,topology_vector_segment,no
376,statement_inventory,ID7754,ID7754: III. Helicity Transfer Reversal (Theorem Inversion) (2),Theorem,,ID7754,TZPID_ALL_IDS_CANONICAL_EQUATION_MASTER_with_export.csv#ID7754,7241,batch005_started,topology_vector_segment,no
377,statement_inventory,ID8520,ID8520: TIDAL WAVELENGTH QUANTIZATION Canonical Statutory Formula: λ_tidal,Theorem,,ID8520,TZPID_ALL_IDS_CANONICAL_EQUATION_MASTER_with_export.csv#ID8520,8007,batch012_started,operator_spectral_followup_segment,no
378,statement_inventory,ID8521,ID8521: SEMIDIURNAL BEAT FREQUENCY Canonical Statutory Formula: ω_beat,Theorem,,ID8521,TZPID_ALL_IDS_CANONICAL_EQUATION_MASTER_with_export.csv#ID8521,8008,batch006_started,operator_spectral_segment,no
379,statement_inventory,ID8522,ID8522: DIPOLE TOPOLOGICAL CONSTRAINT Canonical Statutory Formula,Theorem,,ID8522,TZPID_ALL_IDS_CANONICAL_EQUATION_MASTER_with_export.csv#ID8522,8009,batch005_started,topology_vector_segment,no
380,statement_inventory,ID8523,ID8523: MACROSCOPIC FLUX QUANTIZATION Canonical Statutory Formula: Φ_mag,Theorem,,ID8523,TZPID_ALL_IDS_CANONICAL_EQUATION_MASTER_with_export.csv#ID8523,8010,batch005_started,topology_vector_segment,no
381,statement_inventory,ID9004,ID9004: Relation: Q_T in Z,Theorem,,ID9004,TZPID_ALL_IDS_CANONICAL_EQUATION_MASTER_with_export.csv#ID9004,8491,batch003_started,candidate_real_algebra_segment,no
382,statement_inventory,ID9005,"ID9005: Relation: H^3(M, U(1)) Neq 0",Theorem,,ID9005,TZPID_ALL_IDS_CANONICAL_EQUATION_MASTER_with_export.csv#ID9005,8492,batch003_started,candidate_real_algebra_segment,no
383,statement_inventory,ID9157,"ID9157: Relation: R_universe / N, Where R_universe Is the Hubble Radius. for N of Order Unity",Theorem,,ID9157,TZPID_ALL_IDS_CANONICAL_EQUATION_MASTER_with_export.csv#ID9157,8644,batch003_started,candidate_real_algebra_segment,no
384,statement_inventory,ID9291,ID9291: Relation: τdecoherence/(kBT)τ_decoherence,Theorem,,ID9291,TZPID_ALL_IDS_CANONICAL_EQUATION_MASTER_with_export.csv#ID9291,8778,batch003_started,candidate_real_algebra_segment,no
385,statement_inventory,ID9529,ID9529: Infinite-Order Phase Transition: R → r_TZP,Theorem,,ID9529,TZPID_ALL_IDS_CANONICAL_EQUATION_MASTER_with_export.csv#ID9529,9016,batch015_started,emergence_bifurcation_followup_segment,no
386,statement_inventory,ID9595,ID9595: 4D Effective Theory Each Mode $Phin$ Appears as Massive Field: R_KK ∼ 10^-6,Theorem,,ID9595,TZPID_ALL_IDS_CANONICAL_EQUATION_MASTER_with_export.csv#ID9595,9082,batch012_started,operator_spectral_followup_segment,no
387,statement_inventory,ID9618,ID9618: Relation: ε: ε_encode Circ δ_decode Rightarrow Id_DAAN,Theorem,,ID9618,TZPID_ALL_IDS_CANONICAL_EQUATION_MASTER_with_export.csv#ID9618,9105,batch003_started,candidate_real_algebra_segment,no
388,statement_inventory,ID9619,ID9619: Relation: η: Id_Blob Rightarrow δ_decode Circ ε_encode,Theorem,,ID9619,TZPID_ALL_IDS_CANONICAL_EQUATION_MASTER_with_export.csv#ID9619,9106,batch003_started,candidate_real_algebra_segment,no
389,statement_inventory,ID9633,ID9633: Relation: ⟨ ε_encode Dashv δ_decode ⟩,Theorem,,ID9633,TZPID_ALL_IDS_CANONICAL_EQUATION_MASTER_with_export.csv#ID9633,9120,batch003_started,candidate_real_algebra_segment,no
390,statement_inventory,ID9656,"ID9656: Relation: S^3 xrightarrowπ S^2, π^-1(p) Cong S^1",Theorem,,ID9656,TZPID_ALL_IDS_CANONICAL_EQUATION_MASTER_with_export.csv#ID9656,9143,batch003_started,candidate_real_algebra_segment,no
391,statement_inventory,ID9827,"ID9827: Relation: Exp[-π , N_kissing]",Theorem,,ID9827,TZPID_ALL_IDS_CANONICAL_EQUATION_MASTER_with_export.csv#ID9827,9314,batch003_started,candidate_real_algebra_segment,no
392,statement_inventory,ID9887,ID9887: Relation: O(n^π-3),Theorem,,ID9887,TZPID_ALL_IDS_CANONICAL_EQUATION_MASTER_with_export.csv#ID9887,9374,batch003_started,candidate_real_algebra_segment,no
393,statement_inventory,ID9902,"ID9902: Relation: π,Δ_topological/N_max",Theorem,,ID9902,TZPID_ALL_IDS_CANONICAL_EQUATION_MASTER_with_export.csv#ID9902,9389,batch005_started,topology_vector_segment,no
394,statement_inventory,ID9931,"ID9931: Relation: Ω[T^2 × T^2, π, DAAN]",Theorem,,ID9931,TZPID_ALL_IDS_CANONICAL_EQUATION_MASTER_with_export.csv#ID9931,9418,batch003_started,candidate_real_algebra_segment,no
395,statement_inventory,ID9973,ID9973: Spectral Inversion Theory: S_obs(ω),Theorem,,ID9973,TZPID_ALL_IDS_CANONICAL_EQUATION_MASTER_with_export.csv#ID9973,9460,batch012_started,operator_spectral_followup_segment,no
396,statement_inventory,ID9989,ID9989: Toroidal Boundary Condition: ∫∫_T^2 K DA,Theorem,,ID9989,TZPID_ALL_IDS_CANONICAL_EQUATION_MASTER_with_export.csv#ID9989,9476,batch003_started,candidate_real_algebra_segment,no
397,statement_inventory,ID9990,ID9990: Topological Constraints: ∫∫_Σ K DA + ∫_∂Σ κ_g Ds,Theorem,,ID9990,TZPID_ALL_IDS_CANONICAL_EQUATION_MASTER_with_export.csv#ID9990,9477,batch005_started,topology_vector_segment,no
