"paper","id","title","obligation_role","canonical_equation","wolfram_check"
"Delta function in the bell curve","ID9622","Relation: Γ_dec(Ω)","Core_Definition","\Gamma_{\text{dec}}(\Omega)","Delta_function_in_th_ID9622_structure"
"Delta function in the bell curve","ID9711","Trawin Zero Point as Creative Singularity (ToE Part II): Ψ(x,t)","Core_Definition","\Psi(\mathbf{x},t) = \Psi_{\mathrm{reg}}(\mathbf{x},t) + \Psi_{\mathrm{sing}}(\mathbf{x},t),","Delta_function_in_th_ID9711_identity"
"Delta function in the bell curve","ID2684","Delta Function in the Bell Curve (2)","Derived_Theorem_Obligation","\phi_x(x_2,t) \propto \Psi(x_1=x,x_2,t). \boxed{\,\phi_x(x_2,t)\;\propto\; e^{-((x+x_2)/2)^2/(2\sigma_R^2)}\;|x-x_2|^{|\ell|} e^{-(x-x_2)^2/(2\sigma_r(t)^2)} e^{i\ell\theta(x-x_2)}\; \int e^{\tfrac{i}{\hbar}p(x-x_2+x_0)}\tilde A(p)\,dp \,}","Delta_function_in_th_ID2684_identity"
"Delta function in the bell curve","ID6170","Starting Point — the Gaussian Bell Curve: G(x)","Derived_Theorem_Obligation","G(x) = A e^{-\frac{x^2}{2\sigma^2}}","Delta_function_in_th_ID6170_identity"
"Delta function in the bell curve","ID3347","Quantumtopoholonavsystem Mode Frequency Expectation Value","Derived_Theorem_Obligation","\begin{equation} g = e \sqrt{ \frac{ \omega}{2 \epsilon_0 V_{ \text{mode}}}} \langle d \rangle \end{equation}","Delta_function_in_th_ID3347_identity"
"Delta function in the bell curve","ID3344","Chsh Action Laplacian Operator","Derived_Theorem_Obligation","\begin{equation} S_{ \text{CHSH}}(t, \Omega) = 2 \sqrt{2} \exp[- \Gamma_{ \text{dec}}( \Omega) t] | \cos[ \Delta \Phi( \Omega, t)]| \end{equation}","Delta_function_in_th_ID3344_identity"
"Delta function in the bell curve","ID6278","Physical Interpretation (Short & Focused): R ≈ 0","Derived_Theorem_Obligation","r\!\approx\!0","Delta_function_in_th_ID6278_structure"
"Elasser","ID0500","Self-Sustaining Dynamo Ignition","Core_Definition","\begin{adjustbox}{max width=\linewidth,center} $\displaystyle Equipartition \to self-sustaining dynamo $ \end{adjustbox}","Elasser_ID0500_identity"
"Elasser","ID9086","Definition of µ","Core_Definition","µ=kMR2Ω\mu","Elasser_ID9086_identity"
"Elasser","ID9087","Definition of k,M,Rˆ2,Ωµ","Core_Definition","k,M,Rˆ2,\Omegaµ=kMR2Ω,","Elasser_ID9087_identity"
"Elasser","ID9084","Definition of Lk","Core_Definition","Lk=14πC1C2(r1r2)(dr1×","Elasser_ID9084_identity"
"Elasser","ID2269","First Exact Alignment Sidecar - Elasser and DAANS Entrainment","Derived_Theorem_Obligation","\displaystyle \rho_{\mathrm{bio}}=\mathcal{E}(\rho_{\mathrm{med}})","Elasser_ID2269_identity"
"Elasser","ID8826","UNIVERSAL ELSASSER CRITICALITY (AXIOM 3) Canonical Statutory Formula","Derived_Theorem_Obligation","|E_B - E_{rot}| < \epsilon \implies \Lambda \sim \mathcal{O}(1)","Elasser_ID8826_threshold"
"Elasser","ID9081","Relation: Λ_crit≈1Λ_crit≈1Λ_crit≈1","Derived_Theorem_Obligation","Λ_crit≈1\Lambda_{\text{crit}}\approx1Λ_crit≈1","Elasser_ID9081_structure"
"Entrainment and DAANSsphere axis","ID2237","Entrainment and DAANSsphere Axis","Core_Definition","\quad b = \frac{2 \ln \phi}{\pi}","Entrainment_and_DAAN_ID2237_identity"
"Entrainment and DAANSsphere axis","ID9492","Definition of State: ψ","Core_Definition","State: ψ = (θ, φ, ε, mode amplitudes) ∈ S² × T² × ℝ","Entrainment_and_DAAN_ID9492_identity"
"Entrainment and DAANSsphere axis","ID0483","Pontryagin'S Maximum Principle Control","Core_Definition","\begin{adjustbox}{max width=\linewidth,center} $\displaystyle \pi {r} = \cdots $ \end{adjustbox}","Entrainment_and_DAAN_ID0483_identity"
"Entrainment and DAANSsphere axis","ID9491","Relation: Phase Space: (θ_target, ϕ_target, ε_target).","Core_Definition","phase space: (θ_target, ϕ_target, ε_target).","Entrainment_and_DAAN_ID9491_structure"
"Entrainment and DAANSsphere axis","ID9493","Definition of CLF Candidate: V�ψ)","Core_Definition","CLF Candidate: V�ψ) = |Δθ|² + |Δφ|² + |Δε|²","Entrainment_and_DAAN_ID9493_identity"
"Entrainment and DAANSsphere axis","ID9494","Definition of Control Law: u(ψ)","Core_Axiom","Control Law: u(ψ) = -(∇V�ᵀ chosen to make V� < -αV","Entrainment_and_DAAN_ID9494_threshold"
"Entrainment and DAANSsphere axis","ID0471","Entangled Particle Neural Injection","Derived_Theorem_Obligation","\begin{adjustbox}{max width=\linewidth,center} $\displaystyle \rho_{\mathrm{bio}}=\mathcal{E}(\rho_{\mathrm{med}}) $ \end{adjustbox}","Entrainment_and_DAAN_ID0471_identity"
"FlipTwistRamp","ID0131","Gaussian Window Insertion Operator","Core_Definition","g(t)=\exp\!\left(-\frac{(t-t_0)^2}{2\sigma^2}\right) || s_{\mathrm{mix}}(t)=f_A'\cos(2\pi f_A' t)+f_B'\cos(2\pi f_B' t)+f_{\mathrm{bridge}}\cos(2\pi f_{\mathrm{bridge}} t) || \mathcal{G}[s](t)=g(t)\,s_{\mathrm{mix}}(t)","FlipTwistRamp_ID0131_threshold"
"FlipTwistRamp","ID2354","FlipTwistRamp","Core_Definition","g(t)=\exp\!\big(-\frac{(t-t_0)^2}{2\sigma^2}\big). s(t)=A_1\sin(2\pi f_A' t+\phi_1)+A_2\sin(2\pi f_B' t+\phi_2) + A_3\, g(t)\sin(2\pi f_{\text{bridge}} t+\phi_3).","FlipTwistRamp_ID2354_identity"
"FlipTwistRamp","ID8351","How \(r\) Can Act as a Bridge / Flip / Twist for DAANS: Fmapsto F· R","Core_Definition","f\mapsto f\cdot r","FlipTwistRamp_ID8351_structure"
"FlipTwistRamp","ID3513","Conductivity Relation","Core_Definition","\[ g(t)=\exp\!\big(-\frac{(t-t_0)^2}{2\sigma^2}\big)."" CL_33efa6ff69da,CID_8b3ec97a14,1,sin;signal;sum;a_1;f_a;phi_1;a_2;f_b;phi_2;a_3;text;bridge;phi_3,,2025-12-12T20:15:22.685742+00:00,2025-12-12T20:15:22.685742+00:00,""\]","FlipTwistRamp_ID3513_identity"
"FlipTwistRamp","ID3514","Pi Relation","Core_Definition","\[ s(t)=A_1\sin(2\pi f_A' t+\phi_1)+A_2\sin(2\pi f_B' t+\phi_2) + A_3\, g(t)\sin(2\pi f_{\text{bridge}} t+\phi_3)."" CL_6699605fd26e,CID_0aa36c885b,1,choose;sigma;small;bridge;narrow;time;topological;seam,,2025-12-12T20:15:22.685742+00:00,2025-12-12T20:15:22.685742+00:00,\]","FlipTwistRamp_ID3514_identity"
"FlipTwistRamp","ID8382","Level 3 — Hamiltonian Micro Picture (HTZPtunnel and HER Bridge): ε(t) ∼ A_3 G(t) e^iφ_3","Derived_Theorem_Obligation","\epsilon(t) \sim A_3 g(t) e^{i\phi_3}","FlipTwistRamp_ID8382_structure"
"FlipTwistRamp","ID8391","Simulation Pipeline (Order): α","Derived_Theorem_Obligation","\dot{\alpha} = -i\omega_a \alpha - \gamma_a \alpha - iJ\beta - iK|\alpha|^2\alpha - i g_a \gamma + F_a(t),","FlipTwistRamp_ID8391_identity"
"Gravitational-Emergence-TPZ-","ID1927","EID_0552 Quantum Manifold Source","Core_Definition","with effective couplin = \\\\rho V, \\\\qquad \\\\Phi_V(r) = -\\\\kappa_v \\\\frac{\\\\rho V}{r},\\\\\end{equation}\where","Gravitational_Emerge_ID1927_identity"
"Gravitational-Emergence-TPZ-","ID0100","Information Synchronization at the TZP","Core_Definition","\Phi_{\mathrm{TZP}} : S^3 \longrightarrow S^2 || \mathcal{I}_{\mathrm{sync}}(t) = \mathcal{E}_{\mathrm{TZP}}(t)\,e^{i\theta(t)}","Gravitational_Emerge_ID0100_identity"
"Gravitational-Emergence-TPZ-","ID9485","Relation: H_SC: Superconducting π-Stacking with BCS-Like Pairing Term and Chemical…","Core_Definition","H_SC: Superconducting π-stacking with BCS-like pairing term and chemical potential μ","Gravitational_Emerge_ID9485_structure"
"Gravitational-Emergence-TPZ-","ID8652","Relation: One Idea Is That This Ratio Could Mark a Threshold Where Pure Energy…","Core_Definition","One idea is that this ratio could mark a threshold where ""pure energy"" traveling at light-speed coagulates into matter. If a packet of vacuum fluctuations slows down just enough - say its phase velocity drops to ~84% of c (since $1/1.185 ≈ 0.8433$) - it might trigger a phase transition to a particle with rest mass. In this narrative, 118.5% of the speed of light (or conversely a 15.7% slowdown) is the critical point: above it, energy remains delocalized; below it, energy condenses. This ties 1.185 to a ""vacuum refractive index"" of sorts - e.g. if intense vacuum correlations gave an index","Gravitational_Emerge_ID8652_structure"
"Gravitational-Emergence-TPZ-","ID5092","Coupled Hamiltonian","Derived_Theorem_Obligation","$$\\hat{H}_{\\text{interaction}} = \\sum_{k,l} g_{kl} \\hat{a}^{\\dagger}_k \\hat{a}_l \\otimes \\hat{\\sigma}^{(k)}_+ \\hat{\\sigma}^{(l)}_-$$","Gravitational_Emerge_ID5092_identity"
"Gravitational-Emergence-TPZ-","ID6489","\{Einstein–Rosen Bridge and Trawin Zero-Point Tunnel:}\","Derived_Theorem_Obligation","0.3em] \textit{A Theoretical Massless Transit System of Attainable Thermodynamics\\Through Wave and Inter-State Topology} } \author{ Daniel Alexander Trawin\\[0.3em] \small ORCID: \href{https://orcid.org/0009-0001-4630-3715}{0009-0001-4630-3715}\\[0.5em] \small \texttt{daniel.alexander.trawin@placeholder.edu} } \date{\today} % ===================================================================================== % LICENSE NOTICE (ACADEMIC PLACEMENT) % ===================================================================================== \newcommand{\licensenote}{ \vspace{1em} \begin{center} \footnotesize \textit{© \the\year\ Daniel Alexander Trawin. This work is licensed under the\\ Creative Commons Attribution 4.0 International (CC BY 4.0).\\ Released under a Dual RL model for academic openness and commercial revenue sharing.} \end{center} \vspace{1em} } % ===================================================================================== % BEGIN DOCUMENT % ===================================================================================== \begin{document} \maketitle \licensenote \begin{abstract} \noindent This paper develops a rigorous theoretical framework for a \textit{massless transit system}—the \textbf{Einstein–Rosen Bridge and Trawin Zero-Point Tunnel (TZPT)}—that harmonizes thermodynamic constraints with topological and quantum field structures. The formulation extends standard wormhole metrics by introducing a topological zero-point (TZP) manifold that emulates exotic matter via Casimir-engineered metamaterials, achieving stability and traversability within attainable energetic scales. We present a hybrid analysis—mathematical, thermodynamic, and poetic—illustrating that the laws of conservation are not barriers to transcendence but invitations to co-create within their grammar. \end{abstract} \section{Introduction} Einstein and Rosen envisioned a bridge between spacetime sheets—a geometry of connection rather than distance. This work advances that vision through the Trawin Zero-Point Tunnel, proposing a continuous transit channel achievable without exotic negative mass. By aligning the wave structure of vacuum energy and inter-state topology, the TZPT framework formulates a realistic pathway to thermodynamic neutrality: a transit system sustained not by consumption, but by coherence. At the intersection of relativity and resonance, this paper argues that \emph{attainable} energy conditions can mimic the exotic signatures once deemed impossible, transforming impossibility itself into a boundary condition to be redefined. \section{Mathematical and Physical Foundation} The foundation rests on a fiber bundle representation of the system’s configuration space: \begin{equation} \mathcal{M} = \mathrm{SO}(3) \times \mathbb{R}^3 \times \mathfrak{so}(3)^* \times (\mathbb{R}^3)^*, \end{equation} where the state vector $\Psi(t)$ evolves as a smooth curve $\Psi : [0, T] \to \mathcal{M}$, preserving symplectic structure. Incorporating the TZP term introduces a locally negative but globally conserved energy density, produced through Casimir-assisted dimensional reduction: \begin{equation} \rho_{\mathrm{eff}}(r) = -\frac{\hbar c \pi^2}{240 \, d^4} \bigg[1 - \frac{d^2}{r^2}\bigg], \end{equation} indicating stability near the throat and asymptotic neutrality at scale. \subsection{Thermodynamic Equilibrium and Transit Efficiency} Energy conservation is expressed as a dynamic reciprocity: \begin{equation} \oint_{\partial M} T^{\mu\nu} n_\nu \, d\Sigma_\mu = 0, \end{equation} while work extraction arises from potential gradients rather than creation ex nihilo: \[ W = -\int F \cdot dr, \quad F = -\nabla (E_{\mathrm{vacuum}}).","Gravitational_Emerge_ID6489_identity"
"Gravitational-Emergence-TPZ-","ID4227","Density","Derived_Theorem_Obligation","$\rho_{\text{vac}}(r) \sim \sum_{n=0}^{\infty} (-1)^n \Gamma(n+\tfrac{1}{2}) K_n(|r-r_{\TZP}|/\xi)$","Gravitational_Emerge_ID4227_identity"
"MagneticLevitation","ID3321","Magnetic Flux Relation","Core_Definition","\begin{equation} \Phi_{ \text{total}} = \psi_{ \text{quantize}} \circ \pi_{ \text{propagate}} \circ \eta_{ \text{holographic}} \circ \varepsilon_{ \text{encode}} \end{equation}","MagneticLevitation_ID3321_identity"
"MagneticLevitation","ID9399","Definition of SDAAN","Core_Definition","SDAAN=S+∪S−","MagneticLevitation_ID9399_identity"
"MagneticLevitation","ID0409","The Superconducting Pair Creation Operator","Derived_Theorem_Obligation","\begin{adjustbox}{max width=\linewidth,center} $\displaystyle \hat{H}_{\mathrm{SC}}=\Delta\,c_{\uparrow}^{\dagger}c_{\downarrow}^{\dagger}+\overline{\Delta}\,c_{\downarrow}c_{\uparrow} $ \end{adjustbox}","MagneticLevitation_ID0409_identity"
"MagneticLevitation","ID1935","EID_0924 Magnetic Field Source","Derived_Theorem_Obligation","\\rho_{\text{eff}} = \\rho_0 + \\alpha N + \\beta |\nabla \theta|^2 + \\gamma |\\psi|^2 \","MagneticLevitation_ID1935_identity"
"MagneticLevitation","ID1780","MagneticLevitation","Derived_Theorem_Obligation","P_{1,\mathrm{avg}}\approx\frac{(N_{1}B_{0}A)^{2}\omega}{2L_{1}}","MagneticLevitation_ID1780_structure"
"MagneticLevitation","ID2301","Fractal Frequencies","Derived_Theorem_Obligation","P_{1,\mathrm{avg}}\approx\frac{(N_{1}B_{0}A)^{2}\omega}{2L_{1}}","MagneticLevitation_ID2301_structure"
"MagneticLevitation","ID1955","EID_1049 Magnetic Field Source","Derived_Theorem_Obligation","abla \\cdot \\vec{J} = -\\frac{\\partial \\rho_e}{\\partial t} \","MagneticLevitation_ID1955_identity"
"RecursiveToroidalEncoding","ID0358","Recursive Toroidal Fiber Bundle","Core_Definition","omega = constant \pm 0 || Stable rotation: omega = constant \pm 0","RecursiveToroidalEnc_ID0358_identity"
"RecursiveToroidalEncoding","ID0472","153,600-Dimensional Trajectory Encoding","Core_Definition","\begin{adjustbox}{max width=\linewidth,center} $\displaystyle S = \cdots $ \end{adjustbox}","RecursiveToroidalEnc_ID0472_identity"
"RecursiveToroidalEncoding","ID9692","DAANSsphere as a Uniform Base Manifold: A:(i,k)mapsto p_i,kinR^3","Core_Definition","\mathcal{A}:(i,k)\mapsto \mathbf{p}_{i,k}\in\mathbb{R}^3,","RecursiveToroidalEnc_ID9692_structure"
"RecursiveToroidalEncoding","ID9688","Toroidal Manifold as the Generating Structure: L_i","Core_Definition","L_i = \Pi_i(\mathcal{T}),","RecursiveToroidalEnc_ID9688_identity"
"RecursiveToroidalEncoding","ID0360","Torus as Generating Manifold","Core_Definition","T^{2}=S^{1}\times S^{1} || \pi_{1}(T^{2})\cong\mathbb{Z}\oplus\mathbb{Z}","RecursiveToroidalEnc_ID0360_identity"
"RecursiveToroidalEncoding","ID9638","Definition of B","Core_Definition","\mathbf{B} = \mathbf{U}\mathbf{\Sigma}\mathbf{V}^\top","RecursiveToroidalEnc_ID9638_identity"
"RecursiveToroidalEncoding","ID0362","Scale Invariance on the DAANSsphere","Derived_Theorem_Obligation","\mathbb{S}_{\mathrm{DAAN}}(\lambda r)\cong\mathbb{S}_{\mathrm{DAAN}}(r) || \mathcal{F}(\lambda x)=\lambda^{\Delta}\mathcal{F}(x)","RecursiveToroidalEnc_ID0362_identity"
"TZP_Information_Theory.pfd","ID8982","Definition of S(M)− S(total)","Core_Definition","S(M)− S(total) =⇒ Res(TZP","TZP_Information_Theo_ID8982_identity"
"TZP_Information_Theory.pfd","ID0463","Bipartition Information Integration","Core_Definition","\begin{adjustbox}{max width=\linewidth,center} $\displaystyle \Phi_{\mathrm{TZP}}=\min_{\mathcal{P}}\mathcal{I}(\mathcal{P}) $ \end{adjustbox}","TZP_Information_Theo_ID0463_identity"
"TZP_Information_Theory.pfd","ID9525","Relation: Λ → 1 Pm 0.5","Core_Definition","\Lambda \to 1 \pm 0.5","TZP_Information_Theo_ID9525_structure"
"TZP_Information_Theory.pfd","ID4218","Critical Quantum Magnetic Flux Relation","Core_Definition","$\Phi_{\text{critical}} = \sqrt{\hbar c^3/Ge^2} \times \alpha$","TZP_Information_Theo_ID4218_identity"
"TZP_Information_Theory.pfd","ID4227","Density","Derived_Theorem_Obligation","$\rho_{\text{vac}}(r) \sim \sum_{n=0}^{\infty} (-1)^n \Gamma(n+\tfrac{1}{2}) K_n(|r-r_{\TZP}|/\xi)$","TZP_Information_Theo_ID4227_identity"
"TZP_Information_Theory.pfd","ID9523","Relation: Δ G/G ≈ 10^-10","Derived_Theorem_Obligation","\Delta G/G \approx 10^{-10}","TZP_Information_Theo_ID9523_structure"
"TZP_Information_Theory.pfd","ID4226","Quantum Gravity Relation","Derived_Theorem_Obligation","$\mathcal{F}: \mathbf{Quantum}_\infty \to \mathbf{Gravity}_\infty$","TZP_Information_Theo_ID4226_structure"
"Universal_Field_Theory_Rendered","ID0333","Tripartite Information Architecture","Core_Definition","\mathcal{I}_{3}=I(A:B)+I(A:C)-I(A:BC) || \mathcal{H}_{\mathrm{tri}}=\mathcal{H}_{A}\otimes\mathcal{H}_{B}\otimes\mathcal{H}_{C}","Universal_Field_Theo_ID0333_identity"
"Universal_Field_Theory_Rendered","ID3672","Magnetic Helicity Tensor Coupling","Core_Definition","$\mathcal{M} = T^*(SO(3) \times \mathbb{R}^3) \otimes \mathfrak{u}(1)_{\text{gauge}} \otimes \cat{Info}_{\text{quantum}}$","Universal_Field_Theo_ID3672_identity"
"Universal_Field_Theory_Rendered","ID0330","Trawin Zero Point Singularity Conditions","Core_Definition","W[\Phi] eq 0 || det J_{\mathrm{TZP}}\to 0","Universal_Field_Theo_ID0330_structure"
"Universal_Field_Theory_Rendered","ID4226","Quantum Gravity Relation","Derived_Theorem_Obligation","$\mathcal{F}: \mathbf{Quantum}_\infty \to \mathbf{Gravity}_\infty$","Universal_Field_Theo_ID4226_structure"
"Universal_Field_Theory_Rendered","ID4227","Density","Derived_Theorem_Obligation","$\rho_{\text{vac}}(r) \sim \sum_{n=0}^{\infty} (-1)^n \Gamma(n+\tfrac{1}{2}) K_n(|r-r_{\TZP}|/\xi)$","Universal_Field_Theo_ID4227_identity"
"Universal_Field_Theory_Rendered","ID0394","TZP Bridge–Tunnel Energy–Momentum Tensor","Derived_Theorem_Obligation","T^{\mathrm{TZP}}_{\mu\nu}=\rho_{\mathrm{vac}}u_{\mu}u_{\nu}+p_{\mathrm{vac}}g_{\mu\nu} || \rho_{\mathrm{vac}}(r)\sim J_{0}(kr)^{-1}","Universal_Field_Theo_ID0394_identity"
"Universal_Field_Theory_Rendered","ID6489","\{Einstein–Rosen Bridge and Trawin Zero-Point Tunnel:}\","Derived_Theorem_Obligation","0.3em] \textit{A Theoretical Massless Transit System of Attainable Thermodynamics\\Through Wave and Inter-State Topology} } \author{ Daniel Alexander Trawin\\[0.3em] \small ORCID: \href{https://orcid.org/0009-0001-4630-3715}{0009-0001-4630-3715}\\[0.5em] \small \texttt{daniel.alexander.trawin@placeholder.edu} } \date{\today} % ===================================================================================== % LICENSE NOTICE (ACADEMIC PLACEMENT) % ===================================================================================== \newcommand{\licensenote}{ \vspace{1em} \begin{center} \footnotesize \textit{© \the\year\ Daniel Alexander Trawin. This work is licensed under the\\ Creative Commons Attribution 4.0 International (CC BY 4.0).\\ Released under a Dual RL model for academic openness and commercial revenue sharing.} \end{center} \vspace{1em} } % ===================================================================================== % BEGIN DOCUMENT % ===================================================================================== \begin{document} \maketitle \licensenote \begin{abstract} \noindent This paper develops a rigorous theoretical framework for a \textit{massless transit system}—the \textbf{Einstein–Rosen Bridge and Trawin Zero-Point Tunnel (TZPT)}—that harmonizes thermodynamic constraints with topological and quantum field structures. The formulation extends standard wormhole metrics by introducing a topological zero-point (TZP) manifold that emulates exotic matter via Casimir-engineered metamaterials, achieving stability and traversability within attainable energetic scales. We present a hybrid analysis—mathematical, thermodynamic, and poetic—illustrating that the laws of conservation are not barriers to transcendence but invitations to co-create within their grammar. \end{abstract} \section{Introduction} Einstein and Rosen envisioned a bridge between spacetime sheets—a geometry of connection rather than distance. This work advances that vision through the Trawin Zero-Point Tunnel, proposing a continuous transit channel achievable without exotic negative mass. By aligning the wave structure of vacuum energy and inter-state topology, the TZPT framework formulates a realistic pathway to thermodynamic neutrality: a transit system sustained not by consumption, but by coherence. At the intersection of relativity and resonance, this paper argues that \emph{attainable} energy conditions can mimic the exotic signatures once deemed impossible, transforming impossibility itself into a boundary condition to be redefined. \section{Mathematical and Physical Foundation} The foundation rests on a fiber bundle representation of the system’s configuration space: \begin{equation} \mathcal{M} = \mathrm{SO}(3) \times \mathbb{R}^3 \times \mathfrak{so}(3)^* \times (\mathbb{R}^3)^*, \end{equation} where the state vector $\Psi(t)$ evolves as a smooth curve $\Psi : [0, T] \to \mathcal{M}$, preserving symplectic structure. Incorporating the TZP term introduces a locally negative but globally conserved energy density, produced through Casimir-assisted dimensional reduction: \begin{equation} \rho_{\mathrm{eff}}(r) = -\frac{\hbar c \pi^2}{240 \, d^4} \bigg[1 - \frac{d^2}{r^2}\bigg], \end{equation} indicating stability near the throat and asymptotic neutrality at scale. \subsection{Thermodynamic Equilibrium and Transit Efficiency} Energy conservation is expressed as a dynamic reciprocity: \begin{equation} \oint_{\partial M} T^{\mu\nu} n_\nu \, d\Sigma_\mu = 0, \end{equation} while work extraction arises from potential gradients rather than creation ex nihilo: \[ W = -\int F \cdot dr, \quad F = -\nabla (E_{\mathrm{vacuum}}).","Universal_Field_Theo_ID6489_identity"
"algebraic_signal_geometric_enforcement","ID8515","GEOMETRIC ENFORCEMENT AXIOM Canonical Statutory Formula: χ_alg xrightarrowπ…","Core_Definition","\chi_{alg} \xrightarrow{\pi} \Psi_{geo}","algebraic_signal_geo_ID8515_structure"
"algebraic_signal_geometric_enforcement","ID8787","Definition of Det g|_p","Core_Definition","\det g|_p = 0","algebraic_signal_geo_ID8787_identity"
"algebraic_signal_geometric_enforcement","ID2142","Geometric Enforcement and the Trawin Zero Poin(1)","Core_Definition","Delta phi( chi) = pi left( frac{32}{27} - 1 right) = pi left( frac{5}{27} right) approx 0.5818 text{ radians} approx 33.34^ circ","algebraic_signal_geo_ID2142_identity"
"algebraic_signal_geometric_enforcement","ID0481","Natural Three-Qubit Gate Implementation","Core_Definition","\begin{adjustbox}{max width=\linewidth,center} $\displaystyle \text{cents} = \cdots $ \end{adjustbox}","algebraic_signal_geo_ID0481_identity"
"algebraic_signal_geometric_enforcement","ID8586","Definition of i⟨ψ|∂µψ⟩","Core_Definition","i⟨ψ|∂µψ⟩ =⇒","algebraic_signal_geo_ID8586_identity"
"algebraic_signal_geometric_enforcement","ID0949","12-Node Multi-Phase Transducer Synchronization","Core_Definition","quad \text{and}\quad \chi := \frac{32}{27} || define the algebraic surplus \mathrm{begin}{equation} \mathrm{delta}(s) : =s-1","algebraic_signal_geo_ID0949_identity"
"algebraic_signal_geometric_enforcement","ID1493","Algebraic Signal Geometric Enforcement","Derived_Theorem_Obligation","in ratio can echo through many layers of understanding, suggesting that perhaps nature has its own subtle harmonies in store, waiting at just the right 1.185 interval for those who are listening. Sources: • • Mathematical and musical relations of 16:15, 10:9, and 32:27en.wikipedia.orgen.wikipedia.orgen.wikipedia.org Geometry of torus curvature ratio and occurrence of $2.37037=(4/3)^{\wedge}3$ • Speculative physics context of $X\approx1.185$ in synchronization and vacuum theories • • Numerological and symbolic interpretations of 185affinitynumerology.comastrology.com Hebrew gematria entries for the value 185billheidrick.com (denoting","algebraic_signal_geo_ID1493_identity"
"complete_tzpqvs_synthesis","ID1874","Conversation Lane Digest","Core_Definition","360^\circ \times 360^\circ = 129{,}600 \text{ distinct angular nodes}","complete_tzpqvs_synt_ID1874_identity"
"complete_tzpqvs_synthesis","ID10146","Relation: T^*(SO(3) × R^3)","Core_Definition","T^*(SO(3) \times \mathbb{R}^3)","complete_tzpqvs_synt_ID10146_structure"
"complete_tzpqvs_synthesis","ID9806","Acknowledgments","Core_Definition","0.1cm] From Particle-Resolved Metamaterials to Lemniscatic Field Geometry}\\[0.6cm] {\large Daniel Alexander Trawin}\\[0.2cm] {\normalsize Independent Researcher}\\[0.2cm] {\normalsize [email / ORCID here]}\\[0.8cm] \end{center} \begin{abstract} This third paper in the Trawin Zero Point Quantum Vortex Theory (TZPQVT) sequence completes the bridge between microscopic metamaterial implementation, mesoscopic entanglement engineering, and macroscopic topological unification. Building upon Paper I (which established the Trawin Hamiltonian and the DAANSphere) and Paper II (which constructed particle-resolved double-helix meta-atoms and their species-specific entanglement kernels), the present work has three aims. First, we elevate the micro-scale design of entanglement-enabled meta-atoms into a global topological unification framework in which all fundamental interactions converge operationally at the Trawin Zero Point (TZP) via dimensional collapse on a lemniscatic manifold. Second, we show how conservation constraints, geodesic deviation, and gravitational-wave modulation acquire concrete meaning in a medium built from these meta-atoms, clarifying how laboratory-scale implementations can probe curvature, vacuum extraction, and cymatic control. Third, we formulate a machine-verifiable architecture for TZPQVT, specifying axioms, category-theoretic structure, algorithmic protocols, and formal verification pipelines that certify internal consistency, complexity bounds, and convergence properties. The result is a unified, multi-scale description in which topological unification, energy extraction, and quantum control are simultaneously geometrized, engineered, and formally checked. \end{abstract} \tableofcontents \section{Introduction} Paper I introduced the Trawin Zero Point (TZP) as a unique topological singularity on a lemniscatic manifold, together with the Trawin Hamiltonian \begin{equation} \Htrawin = \Hhat_{\mathrm{tunnel}} + \Hhat_{\mathrm{ER}} + \Hhat_{\mathrm{SC}} + \Hhat_{\mathrm{cymatic}} + \HTZP, \label{eq:Htrawin-paper3} \end{equation} acting on a $153{,}600$-dimensional DAANSphere state space. There, unification was framed as an emergent property of topology: a dimensional collapse from $4\mathrm{D}$ to $2\mathrm{D}$ at the TZP forces all field interactions through a common bottleneck without merging the underlying gauge symmetries. Paper II developed a concrete micro-architectural layer: particle-specific entanglement kernels $K_p$ for species $p$ (photons, electrons, Cooper pairs, phonons, magnons, polaritons) and double-helix meta-atoms that realize these kernels in DNA-templated, multi-material unit cells. The resulting metamaterial ensemble provides a controllable, room-temperature substrate in which tunneling, superconducting coherence, and cymatic modulation can be co-engineered. The present paper combines these two levels and adds a third: a topological and proof-theoretic layer that rigorously encodes TZPQVT as a topological field unification scheme with machine-checkable axioms, algorithms, and convergence guarantees. The central themes are: \begin{itemize}[leftmargin=1.1cm] \item Topological unification through a unique convergence locus on a lemniscatic manifold, \item Conservation and curvature constraints at the TZP in a metamaterial medium, \item Gravitational-wave and cymatic resonance as control channels, \item Formalization of TZPQVT in axiomatic, categorical, and proof-assistant compatible form. \end{itemize} \section{Micro–meso layer: species-resolved meta-atoms in the Trawin Hamiltonian} \subsection{Recap: particle-specific entanglement kernels} For each species $p$ in a set \[ \mathcal{P} = \{\gamma, e, \mathrm{cp}, \mathrm{ph}, \mathrm{mg}, \mathrm{pl}\},","complete_tzpqvs_synt_ID9806_identity"
"complete_tzpqvs_synthesis","ID3330","Phase Angle Relation","Core_Definition","\begin{equation} Y_l^m( \theta, \phi) = \sqrt{ \frac{(2l+1)(l-m)!}{4 \pi(l+m)!}} P_l^m( \cos \theta) e^{im \phi} \end{equation}","complete_tzpqvs_synt_ID3330_identity"
"complete_tzpqvs_synthesis","ID9631","Definition of L","Core_Definition","l = 0, 1, 2, \ldots","complete_tzpqvs_synt_ID9631_identity"
"complete_tzpqvs_synthesis","ID9666","Relation: Y_l^m(θ, φ)","Core_Definition","Y_l^m(\theta, \phi)","complete_tzpqvs_synt_ID9666_structure"
"complete_tzpqvs_synthesis","ID3295","Alfven Relation","Derived_Theorem_Obligation","\begin{equation} \rho_{effective} = - \frac{B^2}{2 \mu_0} \left( 1 - \frac{v_A^2}{c^2} \right) \end{equation}","complete_tzpqvs_synt_ID3295_threshold"
"dimensional_accessibility","ID3614","Dimensional Accessibility Equation","Core_Definition","\begin{align} \Delta l &= 0, \pm 1, \pm 2 \\ \Delta m &= 0, \pm 1 \end{align}","dimensional_accessib_ID3614_identity"
"dimensional_accessibility","ID3365","Classical Capacitance Relation","Core_Definition","\begin{equation} C_{ \text{classical}} = B \log_2(1 + \text{SNR}) \end{equation}","dimensional_accessib_ID3365_identity"
"dimensional_accessibility","ID1917","EID_0314 Magnetic Field Source","Core_Definition","v_A = \\frac{B}{\\sqrt{\\mu_0 \\rho}}","dimensional_accessib_ID1917_identity"
"dimensional_accessibility","ID1952","EID_1039 Helicity Coupling Source","Core_Definition","v_A = \\frac{B}{\\sqrt{\\mu_0 \\rho}}","dimensional_accessib_ID1952_identity"
"dimensional_accessibility","ID1953","EID_1040 Helicity Coupling Source","Core_Definition","v_A = \\frac{B}{\\sqrt{\\mu_0 \\rho}}","dimensional_accessib_ID1953_identity"
"dimensional_accessibility","ID9616","Relation: D → d_min","Core_Definition","d \to d_{min}","dimensional_accessib_ID9616_structure"
"dimensional_accessibility","ID9645","Relation: H_M(t)","Core_Definition","\mathcal{H}_M(t)","dimensional_accessib_ID9645_structure"
"emergent_curvature_theory","ID3672","Magnetic Helicity Tensor Coupling","Core_Definition","$\mathcal{M} = T^*(SO(3) \times \mathbb{R}^3) \otimes \mathfrak{u}(1)_{\text{gauge}} \otimes \cat{Info}_{\text{quantum}}$","emergent_curvature_t_ID3672_identity"
"emergent_curvature_theory","ID5818","Kinetic Term Relation","Core_Definition","$\mathcal{K}(t,t') = \exp[-(t-t')/\tau_{\text{decoherence}}]$","emergent_curvature_t_ID5818_identity"
"emergent_curvature_theory","ID9965","Accumulation Kernel: δ S/δ g^μν","Core_Definition","\delta S/\delta g^{\mu\nu} = (c^4/16\pi G)G_{\mu\nu}","emergent_curvature_t_ID9965_identity"
"emergent_curvature_theory","ID9967","Accumulation Kernel: I(A:B)","Core_Definition","I(A:B) = S(A) + S(B) - S(AB)","emergent_curvature_t_ID9967_identity"
"emergent_curvature_theory","ID9106","Definition of dcidlnµ","Core_Definition","dcidlnµ=fi(cj,dimeff)\frac{\text{d}c_i}{\text{d}\ln\mu}","emergent_curvature_t_ID9106_identity"
"emergent_curvature_theory","ID3673","Grav Quantum Charge Functional","Derived_Theorem_Obligation","$\hat{Q}_{\text{grav}} = (\hbar c^3/8\pi G)\int_{-\infty}^t [\partial I/\partial\tau - \partial S/\partial\tau]\exp[-(t-\tau)/\tau_{\text{dec}}]d\tau$","emergent_curvature_t_ID3673_identity"
"emergent_curvature_theory","ID9859","Stress–Energy Tensor Relation","Derived_Theorem_Obligation","\int_{\Sigma} \sqrt{|g|}, R^{\mu\nu} T_{\mu\nu}, d^4x","emergent_curvature_t_ID9859_structure"
"gyromagnetic_validation","ID1742","Gyromagnetic Validation Ratio","Core_Definition","\gamma=\frac{L}{\mu}=\frac{2n\hbar}{qvr}","gyromagnetic_validat_ID1742_identity"
"gyromagnetic_validation","ID10134","Relation: M)–-a Span of 61 Orders of Magnitude. We Validate Predictions Including…","Core_Definition","m)---a span of 61 orders of magnitude. We validate predictions including: wavelength quantization (","gyromagnetic_validat_ID10134_structure"
"gyromagnetic_validation","ID10128","Relation: α ≈ 1/137.036","Derived_Theorem_Obligation","\alpha \approx 1/137.036","gyromagnetic_validat_ID10128_structure"
"gyromagnetic_validation","ID10245","Definition of λ","Derived_Theorem_Obligation","\lambda = \pi R_\oplus \approx 2.0015\times 10^{4}\,\mathrm{km},","gyromagnetic_validat_ID10245_identity"
"gyromagnetic_validation","ID10255","Relation: T_semidiurnal ≈ 12.42~hours","Derived_Theorem_Obligation","T_{\text{semidiurnal}} \approx 12.42~\text{hours},","gyromagnetic_validat_ID10255_structure"
"gyromagnetic_validation","ID8689","Definition of (λ","Derived_Theorem_Obligation","(\lambda=\pi R\oplus\approx20,015","gyromagnetic_validat_ID8689_identity"
"gyromagnetic_validation","ID8690","Relation: (ε≈7.27×10ΠΠ)","Derived_Theorem_Obligation","(\epsilon\approx7.27\times10\Pi\Pi)","gyromagnetic_validat_ID8690_structure"
"hms_tzp","ID0429","Berry Phase Tomography \& Atemporal Readout","Core_Definition","\begin{adjustbox}{max width=\linewidth,center} $\displaystyle \mathcal{O}_{\text{atemporal}} = \cdots $ \end{adjustbox}","hms_tzp_ID0429_identity"
"hms_tzp","ID9145","Relation: ·|Σ_j=1ˆN","Core_Definition","·|Σ_{j=1}ˆ{N}","hms_tzp_ID9145_identity"
"hms_tzp","ID9146","Relation: θ_j(t))|.","Core_Definition","θ_j(t))|.","hms_tzp_ID9146_structure"
"hms_tzp","ID0421","Ss304L Torus Core Geometry \& Stress-Loading","Core_Definition","\begin{adjustbox}{max width=\linewidth,center} $\displaystyle \sigma_{ij}=\frac{E}{1+\nu}\left(\epsilon_{ij}+\frac{\nu}{1-2\nu}\delta_{ij}\epsilon_{kk}\right) $ \end{adjustbox}","hms_tzp_ID0421_threshold"
"hms_tzp","ID3323","Phase Angle Relation","Core_Definition","\begin{align} \theta_i &= \frac{2 \pi i}{ \varphi} \\ \phi_i &= \arccos \left(1 - \frac{2(i - 1/2)}{n} \right) \\ \mathbf{p}_i &= ( \sin \phi_i \cos \theta_i, \sin \phi_i \sin \theta_i, \cos \phi_i) \end{align}","hms_tzp_ID3323_threshold"
"hms_tzp","ID6366","Technical Summary (What’s in the File)","Derived_Theorem_Obligation","r^{|\ell|} e^{i\ell\theta} e^{-r^2/2\sigma^2}","hms_tzp_ID6366_structure"
"hms_tzp","ID3345","Angular Velocity Laplacian Operator","Core_Axiom","\begin{equation} t < \frac{1}{ \Gamma_{ \text{dec}}( \Omega)} \ln \left( \frac{ \sqrt{2}| \cos[ \Delta \Phi( \Omega, t)]|}{1} \right) \end{equation}","hms_tzp_ID3345_threshold"
"pi_slide","ID8559","Definition of V","Core_Definition","v=1(Vv ⊗S9600)","pi_slide_ID8559_identity"
"pi_slide","ID0428","Toroidal Flux-Gating \& Channel Segregation","Core_Definition","\begin{adjustbox}{max width=\linewidth,center} $\displaystyle \mathcal{I}(T:A:M) = \cdots $ \end{adjustbox}","pi_slide_ID0428_identity"
"pi_slide","ID9010","Relation: a I α > ε","Core_Axiom","\mathcal{A} {i \alpha} > \epsilon","pi_slide_ID9010_threshold"
"pi_slide","ID6190","Full Two-Particle Ansatz (With Toroidal Relative Shape)","Derived_Theorem_Obligation","\boxed{\,\Psi(R,\mathbf r,t)=\mathcal N\,F(R)\;G_\ell(r,\theta;\sigma_r(t)) \;\ast\; \Bigg[\int_{-\infty}^\infty e^{\tfrac{i}{\hbar} p (r + x_0)}\,\tilde{A}(p)\,dp\Bigg]\,}","pi_slide_ID6190_identity"
"pi_slide","ID3532","Quantum Quantum State Functional","Derived_Theorem_Obligation","\[ \boxed{\,\Psi(R,\mathbf r,t)=\mathcal N\,F(R)\;G_\ell(r,\theta;\sigma_r(t)) \;\ast\; \Bigg[\int_{-\infty}^\infty e^{\tfrac{i}{\hbar} p (r + x_0)}\,\tilde{A}(p)\,dp\Bigg]\,} \]","pi_slide_ID3532_identity"
"pi_slide","ID9009","Definition of Φ(p)","Derived_Theorem_Obligation","\Phi(\mathbf{p}) = \sum \mathcal{A} {i \alpha} \cdot \Phi \alpha","pi_slide_ID9009_identity"
"pi_slide","ID8896","DECODING/LOOKUP TIME COMPLEXITY Canonical Statutory Formula: T_dec","Derived_Theorem_Obligation","T_{dec} = O(\log 153600) \approx O(1)","pi_slide_ID8896_identity"
"programmable_pathway_to_induce_structured_hyper_spherical_states","ID9001","Definition of 4x ≡ Nnodes∑ K","Core_Definition","4x ≡ Nnodes∑ k=1","programmable_pathway_ID9001_identity"
"programmable_pathway_to_induce_structured_hyper_spherical_states","ID1807","The Temporal Hyper-Spherical Zenith","Core_Definition","\frac{F}{A} = -\frac{\pi^2\hbar c}{240\,d^4}","programmable_pathway_ID1807_identity"
"programmable_pathway_to_induce_structured_hyper_spherical_states","ID1874","Conversation Lane Digest","Core_Definition","360^\circ \times 360^\circ = 129{,}600 \text{ distinct angular nodes}","programmable_pathway_ID1874_identity"
"programmable_pathway_to_induce_structured_hyper_spherical_states","ID2880","DALL Wide Angle View Wireframe Point Grid Torus","Core_Definition","\frac{F}{A} = -\frac{\pi^2\hbar c}{240\,d^4}","programmable_pathway_ID2880_identity"
"programmable_pathway_to_induce_structured_hyper_spherical_states","ID9140","Relation: min[Area(γ_A)/(4","Core_Definition","min[Area(γ_A)/(4","programmable_pathway_ID9140_structure"
"programmable_pathway_to_induce_structured_hyper_spherical_states","ID9860","Relation: ∫ ρ(r,t), Φ_acoustic(ω,k,t) , d^3r","Derived_Theorem_Obligation","\int \rho(r,t), \Phi_{\text{acoustic}}(\omega,k,t) , d^3r","programmable_pathway_ID9860_structure"
"programmable_pathway_to_induce_structured_hyper_spherical_states","ID10041","Relation: (1)/(c^2)∂_t^2","Derived_Theorem_Obligation","\frac{1}{c^2}\partial_t^2","programmable_pathway_ID10041_structure"
"step_by_step","ID9819","Definition of D","Core_Definition","d = 2\lfloor\sqrt{N_{\max}\pi}\rfloor + 1","step_by_step_ID9819_identity"
"step_by_step","ID9885","Definition of N_max","Core_Definition","N_{\max}=153600","step_by_step_ID9885_identity"
"step_by_step","ID6459","Practical Next Steps I Can Execute Now (Pick Any or Several): argΨ","Core_Definition","\arg\Psi","step_by_step_ID6459_structure"
"step_by_step","ID3297","Curvature Relation","Core_Definition","\begin{equation} I_{4D} = \left( \frac{R}{ \lambda} \right)^4 \text{ vs. } I_{3D} = \left( \frac{R}{ \lambda} \right)^3 \end{equation}","step_by_step_ID3297_threshold"
"step_by_step","ID9896","Relation: P < 1 - 1/π ≈ 0.682","Derived_Theorem_Obligation","p < 1 - 1/\pi \approx 0.682","step_by_step_ID9896_threshold"
"step_by_step","ID9915","Relation: √(153600π)≈ 694","Derived_Theorem_Obligation","\sqrt{153600\pi}\approx 694","step_by_step_ID9915_structure"
"step_by_step","ID0048","Falsifiability as Core Design Constraint","Core_Axiom","\exists D: \quad P(D\mid H) \neq P(D\mid \neg H) || \left|P(D\mid H) - P(D\mid \neg H)\right| \geq \delta","step_by_step_ID0048_threshold"
"the_trawin_zero_point_converrgence","ID0456","Recovery Window Reset Logic","Core_Definition","\begin{adjustbox}{max width=\linewidth,center} $\displaystyle \gamma_{\text{loss}}(\Omega) = \gamma_0(1 + \alpha \Omega^2 R^2/c^2) $ \end{adjustbox}","the_trawin_zero_poin_ID0456_identity"
"the_trawin_zero_point_converrgence","ID0484","Lindblad Superoperator Normalization","Core_Definition","\begin{adjustbox}{max width=\linewidth,center} $\displaystyle \mathcal{O}_{\mathrm{TZP}} : \mathcal{X} \to \mathcal{Y} $ \end{adjustbox}","the_trawin_zero_poin_ID0484_identity"
"the_trawin_zero_point_converrgence","ID9142","Relation: = (1 + 5)/2. a Closedform Expression Is F_n =","Core_Definition","= (1 + 5)/2. A closedform expression is F_n =","the_trawin_zero_poin_ID9142_identity"
"the_trawin_zero_point_converrgence","ID1807","The Temporal Hyper-Spherical Zenith","Core_Definition","\frac{F}{A} = -\frac{\pi^2\hbar c}{240\,d^4}","the_trawin_zero_poin_ID1807_identity"
"the_trawin_zero_point_converrgence","ID10053","Definition of ∂_t (0)","Derived_Theorem_Obligation","\partial_t (0) = 0","the_trawin_zero_poin_ID10053_identity"
"the_trawin_zero_point_converrgence","ID0151","Vacuum Stress–Energy Contribution","Derived_Theorem_Obligation","T_{\mathrm{vac}}^{\mu\nu}(r) = \langle \mathrm{TZP}\vert T^{\mu\nu}\vert \mathrm{TZP}\rangle \exp\!\left(-\frac{r^2}{\xi_{\mathrm{coh}}^2}\right) || \rho_{\mathrm{vac}}(r)=\frac{1}{c^2}\,T_{\mathrm{vac}}^{00}(r) || \lim_{r\to\infty} T_{\mathrm{vac}}^{\mu\nu}(r)=0","the_trawin_zero_poin_ID0151_threshold"
"the_trawin_zero_point_converrgence","ID10041","Relation: (1)/(c^2)∂_t^2","Derived_Theorem_Obligation","\frac{1}{c^2}\partial_t^2","the_trawin_zero_poin_ID10041_structure"
"theory_of_it_all_trawin_topology","ID10134","Relation: M)–-a Span of 61 Orders of Magnitude. We Validate Predictions Including…","Core_Definition","m)---a span of 61 orders of magnitude. We validate predictions including: wavelength quantization (","theory_of_it_all_tra_ID10134_structure"
"theory_of_it_all_trawin_topology","ID3402","Spectral Gap Laplacian Operator","Core_Definition","$\Delta\Phi = n\Phi_{0}$","theory_of_it_all_tra_ID3402_identity"
"theory_of_it_all_trawin_topology","ID9157","Relation: R_universe / N, Where R_universe Is the Hubble Radius. for N of Order Unity","Core_Definition","R_universe / n, where R_universe is the Hubble radius. For n of order unity,","theory_of_it_all_tra_ID9157_structure"
"theory_of_it_all_trawin_topology","ID10128","Relation: α ≈ 1/137.036","Derived_Theorem_Obligation","\alpha \approx 1/137.036","theory_of_it_all_tra_ID10128_structure"
"theory_of_it_all_trawin_topology","ID8689","Definition of (λ","Derived_Theorem_Obligation","(\lambda=\pi R\oplus\approx20,015","theory_of_it_all_tra_ID8689_identity"
"theory_of_it_all_trawin_topology","ID8690","Relation: (ε≈7.27×10ΠΠ)","Derived_Theorem_Obligation","(\epsilon\approx7.27\times10\Pi\Pi)","theory_of_it_all_tra_ID8690_structure"
"theory_of_it_all_trawin_topology","ID6489","\{Einstein–Rosen Bridge and Trawin Zero-Point Tunnel:}\","Derived_Theorem_Obligation","0.3em] \textit{A Theoretical Massless Transit System of Attainable Thermodynamics\\Through Wave and Inter-State Topology} } \author{ Daniel Alexander Trawin\\[0.3em] \small ORCID: \href{https://orcid.org/0009-0001-4630-3715}{0009-0001-4630-3715}\\[0.5em] \small \texttt{daniel.alexander.trawin@placeholder.edu} } \date{\today} % ===================================================================================== % LICENSE NOTICE (ACADEMIC PLACEMENT) % ===================================================================================== \newcommand{\licensenote}{ \vspace{1em} \begin{center} \footnotesize \textit{© \the\year\ Daniel Alexander Trawin. This work is licensed under the\\ Creative Commons Attribution 4.0 International (CC BY 4.0).\\ Released under a Dual RL model for academic openness and commercial revenue sharing.} \end{center} \vspace{1em} } % ===================================================================================== % BEGIN DOCUMENT % ===================================================================================== \begin{document} \maketitle \licensenote \begin{abstract} \noindent This paper develops a rigorous theoretical framework for a \textit{massless transit system}—the \textbf{Einstein–Rosen Bridge and Trawin Zero-Point Tunnel (TZPT)}—that harmonizes thermodynamic constraints with topological and quantum field structures. The formulation extends standard wormhole metrics by introducing a topological zero-point (TZP) manifold that emulates exotic matter via Casimir-engineered metamaterials, achieving stability and traversability within attainable energetic scales. We present a hybrid analysis—mathematical, thermodynamic, and poetic—illustrating that the laws of conservation are not barriers to transcendence but invitations to co-create within their grammar. \end{abstract} \section{Introduction} Einstein and Rosen envisioned a bridge between spacetime sheets—a geometry of connection rather than distance. This work advances that vision through the Trawin Zero-Point Tunnel, proposing a continuous transit channel achievable without exotic negative mass. By aligning the wave structure of vacuum energy and inter-state topology, the TZPT framework formulates a realistic pathway to thermodynamic neutrality: a transit system sustained not by consumption, but by coherence. At the intersection of relativity and resonance, this paper argues that \emph{attainable} energy conditions can mimic the exotic signatures once deemed impossible, transforming impossibility itself into a boundary condition to be redefined. \section{Mathematical and Physical Foundation} The foundation rests on a fiber bundle representation of the system’s configuration space: \begin{equation} \mathcal{M} = \mathrm{SO}(3) \times \mathbb{R}^3 \times \mathfrak{so}(3)^* \times (\mathbb{R}^3)^*, \end{equation} where the state vector $\Psi(t)$ evolves as a smooth curve $\Psi : [0, T] \to \mathcal{M}$, preserving symplectic structure. Incorporating the TZP term introduces a locally negative but globally conserved energy density, produced through Casimir-assisted dimensional reduction: \begin{equation} \rho_{\mathrm{eff}}(r) = -\frac{\hbar c \pi^2}{240 \, d^4} \bigg[1 - \frac{d^2}{r^2}\bigg], \end{equation} indicating stability near the throat and asymptotic neutrality at scale. \subsection{Thermodynamic Equilibrium and Transit Efficiency} Energy conservation is expressed as a dynamic reciprocity: \begin{equation} \oint_{\partial M} T^{\mu\nu} n_\nu \, d\Sigma_\mu = 0, \end{equation} while work extraction arises from potential gradients rather than creation ex nihilo: \[ W = -\int F \cdot dr, \quad F = -\nabla (E_{\mathrm{vacuum}}).","theory_of_it_all_tra_ID6489_identity"
"topological_unification","ID9525","Relation: Λ → 1 Pm 0.5","Core_Definition","\Lambda \to 1 \pm 0.5","topological_unificat_ID9525_structure"
"topological_unification","ID4218","Critical Quantum Magnetic Flux Relation","Core_Definition","$\Phi_{\text{critical}} = \sqrt{\hbar c^3/Ge^2} \times \alpha$","topological_unificat_ID4218_identity"
"topological_unification","ID0469","Wess-Zumino-Witten Topological Action","Derived_Theorem_Obligation","\begin{adjustbox}{max width=\linewidth,center} $\displaystyle \mathcal{L}_{U} = \cdots $ \end{adjustbox}","topological_unificat_ID0469_identity"
"topological_unification","ID4227","Density","Derived_Theorem_Obligation","$\rho_{\text{vac}}(r) \sim \sum_{n=0}^{\infty} (-1)^n \Gamma(n+\tfrac{1}{2}) K_n(|r-r_{\TZP}|/\xi)$","topological_unificat_ID4227_identity"
"topological_unification","ID4226","Quantum Gravity Relation","Derived_Theorem_Obligation","$\mathcal{F}: \mathbf{Quantum}_\infty \to \mathbf{Gravity}_\infty$","topological_unificat_ID4226_structure"
"topological_unification","ID9523","Relation: Δ G/G ≈ 10^-10","Derived_Theorem_Obligation","\Delta G/G \approx 10^{-10}","topological_unificat_ID9523_structure"
"topological_unification","ID8493","UNIVERSAL AVALANCHE SCALING Canonical Statutory Formula: P(s) ∝ s^-τ, τ ≈ 3/2","Derived_Theorem_Obligation","P(s) \propto s^{-\tau}, \quad \tau \approx 3/2","topological_unificat_ID8493_structure"
"trawin_enlil_protocol","ID0449","Industrial Ip \& Merl-50 Compliance","Core_Definition","\begin{adjustbox}{max width=\linewidth,center} $\displaystyle \text{Access} = \cdots $ \end{adjustbox}","trawin_enlil_protoco_ID0449_identity"
"trawin_enlil_protocol","ID3584","Magnetic Helicity Relation","Core_Definition","\begin{equation} \mathcal{M} = \text{SO}(3) \times \mathbb{R}^3 \times \mathfrak{so}(3)^* \times (\mathbb{R}^3)^* \end{equation}","trawin_enlil_protoco_ID3584_identity"
"trawin_enlil_protocol","ID5092","Coupled Hamiltonian","Derived_Theorem_Obligation","$$\\hat{H}_{\\text{interaction}} = \\sum_{k,l} g_{kl} \\hat{a}^{\\dagger}_k \\hat{a}_l \\otimes \\hat{\\sigma}^{(k)}_+ \\hat{\\sigma}^{(l)}_-$$","trawin_enlil_protoco_ID5092_identity"
"trawin_enlil_protocol","ID1871","Academic First Derivation Bridge Sidecar","Derived_Theorem_Obligation","\Psi_{\mathrm{matter}}=\mathcal{F}^{-1}\!\left[\mathcal{F}(\Psi_{\mathrm{noise}})\,J_0(k\cdot e)\right]","trawin_enlil_protoco_ID1871_threshold"
"trawin_enlil_protocol","ID6489","\{Einstein–Rosen Bridge and Trawin Zero-Point Tunnel:}\","Derived_Theorem_Obligation","0.3em] \textit{A Theoretical Massless Transit System of Attainable Thermodynamics\\Through Wave and Inter-State Topology} } \author{ Daniel Alexander Trawin\\[0.3em] \small ORCID: \href{https://orcid.org/0009-0001-4630-3715}{0009-0001-4630-3715}\\[0.5em] \small \texttt{daniel.alexander.trawin@placeholder.edu} } \date{\today} % ===================================================================================== % LICENSE NOTICE (ACADEMIC PLACEMENT) % ===================================================================================== \newcommand{\licensenote}{ \vspace{1em} \begin{center} \footnotesize \textit{© \the\year\ Daniel Alexander Trawin. This work is licensed under the\\ Creative Commons Attribution 4.0 International (CC BY 4.0).\\ Released under a Dual RL model for academic openness and commercial revenue sharing.} \end{center} \vspace{1em} } % ===================================================================================== % BEGIN DOCUMENT % ===================================================================================== \begin{document} \maketitle \licensenote \begin{abstract} \noindent This paper develops a rigorous theoretical framework for a \textit{massless transit system}—the \textbf{Einstein–Rosen Bridge and Trawin Zero-Point Tunnel (TZPT)}—that harmonizes thermodynamic constraints with topological and quantum field structures. The formulation extends standard wormhole metrics by introducing a topological zero-point (TZP) manifold that emulates exotic matter via Casimir-engineered metamaterials, achieving stability and traversability within attainable energetic scales. We present a hybrid analysis—mathematical, thermodynamic, and poetic—illustrating that the laws of conservation are not barriers to transcendence but invitations to co-create within their grammar. \end{abstract} \section{Introduction} Einstein and Rosen envisioned a bridge between spacetime sheets—a geometry of connection rather than distance. This work advances that vision through the Trawin Zero-Point Tunnel, proposing a continuous transit channel achievable without exotic negative mass. By aligning the wave structure of vacuum energy and inter-state topology, the TZPT framework formulates a realistic pathway to thermodynamic neutrality: a transit system sustained not by consumption, but by coherence. At the intersection of relativity and resonance, this paper argues that \emph{attainable} energy conditions can mimic the exotic signatures once deemed impossible, transforming impossibility itself into a boundary condition to be redefined. \section{Mathematical and Physical Foundation} The foundation rests on a fiber bundle representation of the system’s configuration space: \begin{equation} \mathcal{M} = \mathrm{SO}(3) \times \mathbb{R}^3 \times \mathfrak{so}(3)^* \times (\mathbb{R}^3)^*, \end{equation} where the state vector $\Psi(t)$ evolves as a smooth curve $\Psi : [0, T] \to \mathcal{M}$, preserving symplectic structure. Incorporating the TZP term introduces a locally negative but globally conserved energy density, produced through Casimir-assisted dimensional reduction: \begin{equation} \rho_{\mathrm{eff}}(r) = -\frac{\hbar c \pi^2}{240 \, d^4} \bigg[1 - \frac{d^2}{r^2}\bigg], \end{equation} indicating stability near the throat and asymptotic neutrality at scale. \subsection{Thermodynamic Equilibrium and Transit Efficiency} Energy conservation is expressed as a dynamic reciprocity: \begin{equation} \oint_{\partial M} T^{\mu\nu} n_\nu \, d\Sigma_\mu = 0, \end{equation} while work extraction arises from potential gradients rather than creation ex nihilo: \[ W = -\int F \cdot dr, \quad F = -\nabla (E_{\mathrm{vacuum}}).","trawin_enlil_protoco_ID6489_identity"
"trawin_enlil_protocol","ID9859","Stress–Energy Tensor Relation","Derived_Theorem_Obligation","\int_{\Sigma} \sqrt{|g|}, R^{\mu\nu} T_{\mu\nu}, d^4x","trawin_enlil_protoco_ID9859_structure"
"trawin_enlil_protocol","ID3708","Quantum Density Evolution Equation","Derived_Theorem_Obligation","\begin{equation} \rho_{\mathrm{eff}}(r) = -\frac{\hbar c \pi^2}{240 \, d^4} \bigg[1 - \frac{d^2}{r^2}\bigg], \end{equation}","trawin_enlil_protoco_ID3708_identity"
"trawin_zero_point_quantum_field_theory","ID9122","Relation: ∆SQTeff+ΣTZPΔ","Core_Definition","∆SQTeff+ΣTZP\Delta","trawin_zero_point_qu_ID9122_structure"
"trawin_zero_point_quantum_field_theory","ID9123","Relation: Σ_TZP∆STeffQ+ΣTZP.","Core_Definition","\Sigma_{\text{TZP}}∆STeffQ+ΣTZP.","trawin_zero_point_qu_ID9123_structure"
"trawin_zero_point_quantum_field_theory","ID0481","Natural Three-Qubit Gate Implementation","Core_Definition","\begin{adjustbox}{max width=\linewidth,center} $\displaystyle \text{cents} = \cdots $ \end{adjustbox}","trawin_zero_point_qu_ID0481_identity"
"trawin_zero_point_quantum_field_theory","ID1805","Quantum Mechanics on the Trawinistic Manifold","Derived_Theorem_Obligation","\hat{\phi}(x) = \sum_k\left[\hat{a}_k\phi_k(x) + \hat{a}_k^\dagger\phi_k^*(x)\right]","trawin_zero_point_qu_ID1805_threshold"
"trawin_zero_point_quantum_field_theory","ID9036","Definition of ∆T","Derived_Theorem_Obligation","∆T=∇T_a∇Ta\Delta{\text{T}}\phi=\nabla{\text{T}}_{a}\nablaˆ{\text{T}a}\phi∆T=∇T_a∇Ta,","trawin_zero_point_qu_ID9036_identity"
"trawin_zero_point_quantum_field_theory","ID9037","Relation…","Derived_Theorem_Obligation","∇T\nablaˆ{\text{T}}∇TistheTrawinisticconnectionandindicesareraisedusingtheregularisedinversemetric.","trawin_zero_point_qu_ID9037_structure"
"trawin_zero_point_quantum_field_theory","ID0001","Tzp Trawin Zero Point","Derived_Theorem_Obligation","\forall \Gamma \subset M,\; \Gamma \sim \Lambda || \Lambda(0)=\Lambda(1/2)=p","trawin_zero_point_qu_ID0001_identity"
"tzp_type_c","ID9197","Relation: r:det(J)=0∧π1(Mr)∼=Z×","Core_Definition","{r:det(J)=0∧π1(M{r})∼=Z×","tzp_type_c_ID9197_identity"
"tzp_type_c","ID9145","Relation: ·|Σ_j=1ˆN","Core_Definition","·|Σ_{j=1}ˆ{N}","tzp_type_c_ID9145_identity"
"tzp_type_c","ID9146","Relation: θ_j(t))|.","Core_Definition","θ_j(t))|.","tzp_type_c_ID9146_structure"
"tzp_type_c","ID9152","Relation: ρ_e(t)","Core_Definition","ρ_e(t)","tzp_type_c_ID9152_structure"
"tzp_type_c","ID9153","Relation: ρ_1 cos(ω","Core_Definition","ρ_1 cos(ω","tzp_type_c_ID9153_structure"
"tzp_type_c","ID6489","\{Einstein–Rosen Bridge and Trawin Zero-Point Tunnel:}\","Derived_Theorem_Obligation","0.3em] \textit{A Theoretical Massless Transit System of Attainable Thermodynamics\\Through Wave and Inter-State Topology} } \author{ Daniel Alexander Trawin\\[0.3em] \small ORCID: \href{https://orcid.org/0009-0001-4630-3715}{0009-0001-4630-3715}\\[0.5em] \small \texttt{daniel.alexander.trawin@placeholder.edu} } \date{\today} % ===================================================================================== % LICENSE NOTICE (ACADEMIC PLACEMENT) % ===================================================================================== \newcommand{\licensenote}{ \vspace{1em} \begin{center} \footnotesize \textit{© \the\year\ Daniel Alexander Trawin. This work is licensed under the\\ Creative Commons Attribution 4.0 International (CC BY 4.0).\\ Released under a Dual RL model for academic openness and commercial revenue sharing.} \end{center} \vspace{1em} } % ===================================================================================== % BEGIN DOCUMENT % ===================================================================================== \begin{document} \maketitle \licensenote \begin{abstract} \noindent This paper develops a rigorous theoretical framework for a \textit{massless transit system}—the \textbf{Einstein–Rosen Bridge and Trawin Zero-Point Tunnel (TZPT)}—that harmonizes thermodynamic constraints with topological and quantum field structures. The formulation extends standard wormhole metrics by introducing a topological zero-point (TZP) manifold that emulates exotic matter via Casimir-engineered metamaterials, achieving stability and traversability within attainable energetic scales. We present a hybrid analysis—mathematical, thermodynamic, and poetic—illustrating that the laws of conservation are not barriers to transcendence but invitations to co-create within their grammar. \end{abstract} \section{Introduction} Einstein and Rosen envisioned a bridge between spacetime sheets—a geometry of connection rather than distance. This work advances that vision through the Trawin Zero-Point Tunnel, proposing a continuous transit channel achievable without exotic negative mass. By aligning the wave structure of vacuum energy and inter-state topology, the TZPT framework formulates a realistic pathway to thermodynamic neutrality: a transit system sustained not by consumption, but by coherence. At the intersection of relativity and resonance, this paper argues that \emph{attainable} energy conditions can mimic the exotic signatures once deemed impossible, transforming impossibility itself into a boundary condition to be redefined. \section{Mathematical and Physical Foundation} The foundation rests on a fiber bundle representation of the system’s configuration space: \begin{equation} \mathcal{M} = \mathrm{SO}(3) \times \mathbb{R}^3 \times \mathfrak{so}(3)^* \times (\mathbb{R}^3)^*, \end{equation} where the state vector $\Psi(t)$ evolves as a smooth curve $\Psi : [0, T] \to \mathcal{M}$, preserving symplectic structure. Incorporating the TZP term introduces a locally negative but globally conserved energy density, produced through Casimir-assisted dimensional reduction: \begin{equation} \rho_{\mathrm{eff}}(r) = -\frac{\hbar c \pi^2}{240 \, d^4} \bigg[1 - \frac{d^2}{r^2}\bigg], \end{equation} indicating stability near the throat and asymptotic neutrality at scale. \subsection{Thermodynamic Equilibrium and Transit Efficiency} Energy conservation is expressed as a dynamic reciprocity: \begin{equation} \oint_{\partial M} T^{\mu\nu} n_\nu \, d\Sigma_\mu = 0, \end{equation} while work extraction arises from potential gradients rather than creation ex nihilo: \[ W = -\int F \cdot dr, \quad F = -\nabla (E_{\mathrm{vacuum}}).","tzp_type_c_ID6489_identity"
"tzp_type_c","ID6733","Quick Qualitative Reading (How the Pieces Correspond): M≈ 7","Derived_Theorem_Obligation","m\approx 7","tzp_type_c_ID6733_structure"
"universal_interaction_kernel","ID10136","Universal Dipole Constraint: U(d)","Core_Definition","U(d) = \frac{3\mu_0 \mu^2}{2\pi d^4} \to \infty \quad \text{as} \quad d \to 0","universal_interactio_ID10136_identity"
"universal_interaction_kernel","ID3362","Fiber Field Strength Relation","Core_Definition","\begin{equation} \text{Fiber}[x] = \mathcal{H}_{ \text{ionic}} \oplus \mathcal{H}_{ \text{microtubule}} \oplus \mathcal{H}_{ \text{synaptic}} \oplus \mathcal{H}_{ \text{myelin}} \end{equation}","universal_interactio_ID3362_identity"
"universal_interaction_kernel","ID9591","Mathematical Kernel: K_info","Core_Definition","\mathcal{K}_{\text{info}} = (\Phi_{\text{phase}},\,\tau_{\text{topo}},\,\Pi_{\text{holo}}),","universal_interactio_ID9591_identity"
"universal_interaction_kernel","ID0481","Natural Three-Qubit Gate Implementation","Core_Definition","\begin{adjustbox}{max width=\linewidth,center} $\displaystyle \text{cents} = \cdots $ \end{adjustbox}","universal_interactio_ID0481_identity"
"universal_interaction_kernel","ID6732","Quick Qualitative Reading (How the Pieces Correspond): 2π/7","Core_Definition","2\pi/7","universal_interactio_ID6732_structure"
"universal_interaction_kernel","ID0412","The Electron-Neural Exchange Operator","Core_Definition","\begin{adjustbox}{max width=\linewidth,center} $\displaystyle \mathcal{O}_{\mathrm{TZP}} : \mathcal{X} \to \mathcal{Y} $ \end{adjustbox}","universal_interactio_ID0412_identity"
"universal_interaction_kernel","ID9337","Definition of Φ++Φ−","Core_Definition","Φ++Φ−=0 𝜌Λ∼","universal_interactio_ID9337_identity"
"well_wall_wave_theory","ID9516","Gravitation: Spacetime Curvature and Lensing Anomalies: Φ_eff","Core_Definition","\Phi_{\text{eff}} = (1+\epsilon)\Phi_{\text{Newton}}","well_wall_wave_theor_ID9516_identity"
"well_wall_wave_theory","ID7732","How This Ties into Your TZPQVS Superconducting Spherical Enclosure + Cymatics Id (1)","Core_Definition","Y_{\ell m}(\theta,\phi)","well_wall_wave_theor_ID7732_structure"
"well_wall_wave_theory","ID1863","The Inward-Outward Cross","Core_Definition","P(r) = P_\infty - \frac{1}{2}\rho v(r)^2","well_wall_wave_theor_ID1863_identity"
"well_wall_wave_theory","ID0252","Harmonic Bessel Standing Waves","Core_Definition","u_{mn}(r,\theta)=J_m(k_{mn}r)e^{im\theta} || J_m(k_{mn}R)=0","well_wall_wave_theor_ID0252_identity"
"well_wall_wave_theory","ID6489","\{Einstein–Rosen Bridge and Trawin Zero-Point Tunnel:}\","Derived_Theorem_Obligation","0.3em] \textit{A Theoretical Massless Transit System of Attainable Thermodynamics\\Through Wave and Inter-State Topology} } \author{ Daniel Alexander Trawin\\[0.3em] \small ORCID: \href{https://orcid.org/0009-0001-4630-3715}{0009-0001-4630-3715}\\[0.5em] \small \texttt{daniel.alexander.trawin@placeholder.edu} } \date{\today} % ===================================================================================== % LICENSE NOTICE (ACADEMIC PLACEMENT) % ===================================================================================== \newcommand{\licensenote}{ \vspace{1em} \begin{center} \footnotesize \textit{© \the\year\ Daniel Alexander Trawin. This work is licensed under the\\ Creative Commons Attribution 4.0 International (CC BY 4.0).\\ Released under a Dual RL model for academic openness and commercial revenue sharing.} \end{center} \vspace{1em} } % ===================================================================================== % BEGIN DOCUMENT % ===================================================================================== \begin{document} \maketitle \licensenote \begin{abstract} \noindent This paper develops a rigorous theoretical framework for a \textit{massless transit system}—the \textbf{Einstein–Rosen Bridge and Trawin Zero-Point Tunnel (TZPT)}—that harmonizes thermodynamic constraints with topological and quantum field structures. The formulation extends standard wormhole metrics by introducing a topological zero-point (TZP) manifold that emulates exotic matter via Casimir-engineered metamaterials, achieving stability and traversability within attainable energetic scales. We present a hybrid analysis—mathematical, thermodynamic, and poetic—illustrating that the laws of conservation are not barriers to transcendence but invitations to co-create within their grammar. \end{abstract} \section{Introduction} Einstein and Rosen envisioned a bridge between spacetime sheets—a geometry of connection rather than distance. This work advances that vision through the Trawin Zero-Point Tunnel, proposing a continuous transit channel achievable without exotic negative mass. By aligning the wave structure of vacuum energy and inter-state topology, the TZPT framework formulates a realistic pathway to thermodynamic neutrality: a transit system sustained not by consumption, but by coherence. At the intersection of relativity and resonance, this paper argues that \emph{attainable} energy conditions can mimic the exotic signatures once deemed impossible, transforming impossibility itself into a boundary condition to be redefined. \section{Mathematical and Physical Foundation} The foundation rests on a fiber bundle representation of the system’s configuration space: \begin{equation} \mathcal{M} = \mathrm{SO}(3) \times \mathbb{R}^3 \times \mathfrak{so}(3)^* \times (\mathbb{R}^3)^*, \end{equation} where the state vector $\Psi(t)$ evolves as a smooth curve $\Psi : [0, T] \to \mathcal{M}$, preserving symplectic structure. Incorporating the TZP term introduces a locally negative but globally conserved energy density, produced through Casimir-assisted dimensional reduction: \begin{equation} \rho_{\mathrm{eff}}(r) = -\frac{\hbar c \pi^2}{240 \, d^4} \bigg[1 - \frac{d^2}{r^2}\bigg], \end{equation} indicating stability near the throat and asymptotic neutrality at scale. \subsection{Thermodynamic Equilibrium and Transit Efficiency} Energy conservation is expressed as a dynamic reciprocity: \begin{equation} \oint_{\partial M} T^{\mu\nu} n_\nu \, d\Sigma_\mu = 0, \end{equation} while work extraction arises from potential gradients rather than creation ex nihilo: \[ W = -\int F \cdot dr, \quad F = -\nabla (E_{\mathrm{vacuum}}).","well_wall_wave_theor_ID6489_identity"
"well_wall_wave_theory","ID0261","Bessel Standing Wave Quantization","Derived_Theorem_Obligation","approx1.2024 || frac{R}{r}\approx2.46","well_wall_wave_theor_ID0261_structure"
"well_wall_wave_theory","ID0148","Phase Twist-Induced Domain Wall","Derived_Theorem_Obligation","\phi(x)=\pi\left[\frac{1+\tanh((x-x_0)/w)}{2}\right] || \Delta\phi = \phi(+\infty)-\phi(-\infty)=\pi || \nu_{\mathrm{wall}}=\frac{1}{2\pi}\int \partial_x\phi\,dx","well_wall_wave_theor_ID0148_threshold"
"www","ID7842","Numerical Recipe (Method-of-Lines / Split-Step for TDGL + Acoustic PDE): P(t,x)","Core_Definition","p(t,\mathbf{x})","www_ID7842_structure"
"www","ID6430","Step 2 — Wave Equation Admits Lemniscate Solutions: Ψ_2,1","Derived_Theorem_Obligation","\Psi_{2,1}=A\cos(2\phi)\cos(\theta)e^{-i\omega t}","www_ID6430_identity"
"www","ID3339","Voxels Number Density Laplacian Operator","Derived_Theorem_Obligation","\begin{equation} N_{ \text{voxels}} = \left( \frac{0.1 \text{ m}}{ \Delta r} \right)^3 \approx (5.6 \times 10^5)^3 \approx 1.7 \times 10^{17} \end{equation}","www_ID3339_threshold"
"www","ID6366","Technical Summary (What’s in the File)","Derived_Theorem_Obligation","r^{|\ell|} e^{i\ell\theta} e^{-r^2/2\sigma^2}","www_ID6366_structure"
"www","ID9518","Synchronization: Kuramoto Networks and Phase Coherence: ∼ 1/r^p","Derived_Theorem_Obligation","\sim 1/r^p","www_ID9518_structure"
"www","ID9955","Orbital Metronome Synchronization and Kuramoto–DAT Coupling: φ_i","Derived_Theorem_Obligation","\dot{\phi}_i = \Omega_i + \sum_{j\neq i} K^{(O)}_{ij} \sin(\phi_j - \phi_i) + \Lambda_i,","www_ID9955_identity"
"www","ID3340","Frobenius Field Strength Relation","Derived_Theorem_Obligation","\begin{equation} F_{ \text{Frobenius}} = \frac{| \text{Tr}[ \mathbf{B}_{ \text{original}}^ \dagger \mathbf{B}_{ \text{recovered}}]|}{ \| \mathbf{B}_{ \text{original}} \|_F \| \mathbf{B}_{ \text{recovered}} \|_F} \end{equation}","www_ID3340_identity"
