"pillar","score","id","title","canonical_equation"
"A. Spherical-enclosure acoustics/harmonics","7","ID7732","How This Ties into Your TZPQVS Superconducting Spherical Enc","Y_{\ell m}(\theta,\phi)"
"A. Spherical-enclosure acoustics/harmonics","7","ID7733","How This Ties into Your TZPQVS Superconducting Spherical Enc","j_\ell(kr)"
"A. Spherical-enclosure acoustics/harmonics","7","ID7734","How This Ties into Your TZPQVS Superconducting Spherical Enc","J_m"
"A. Spherical-enclosure acoustics/harmonics","7","ID7735","How This Ties into Your TZPQVS Superconducting Spherical Enc","J_m"
"A. Spherical-enclosure acoustics/harmonics","7","ID7736","How This Ties into Your TZPQVS Superconducting Spherical Enc","\cos(m\theta)"
"A. Spherical-enclosure acoustics/harmonics","7","ID7737","How This Ties into Your TZPQVS Superconducting Spherical Enc","j_\ell(kr)"
"A. Spherical-enclosure acoustics/harmonics","7","ID7738","How This Ties into Your TZPQVS Superconducting Spherical Enc","Y_{\ell m}"
"A. Spherical-enclosure acoustics/harmonics","7","ID7739","How This Ties into Your TZPQVS Superconducting Spherical Enc","(\ell,m)"
"A. Spherical-enclosure acoustics/harmonics","7","ID7740","How This Ties into Your TZPQVS Superconducting Spherical Enc","m=6"
"A. Spherical-enclosure acoustics/harmonics","5","ID6781","Mode Decomposition in 3D Spherical Coordinates (The Math Bac","j_\ell(kr)"
"A. Spherical-enclosure acoustics/harmonics","5","ID6783","Mode Decomposition in 3D Spherical Coordinates (The Math Bac","Y_\ell^m(\hat n)"
"A. Spherical-enclosure acoustics/harmonics","5","ID6813","S³ (Hypersphere) Eigenmodes — Discreteness, Global Interfere","\kappa_n"
"A. Spherical-enclosure acoustics/harmonics","5","ID6814","S³ (Hypersphere) Eigenmodes — Discreteness, Global Interfere","\chi\in[0,\pi]"
"A. Spherical-enclosure acoustics/harmonics","5","ID6815","S³ (Hypersphere) Eigenmodes — Discreteness, Global Interfere","\Psi_{n,\ell,m}(\chi,\theta,\phi) = \Pi_{n\ell}(\chi)\, Y_\e"
"A. Spherical-enclosure acoustics/harmonics","5","ID6816","S³ (Hypersphere) Eigenmodes — Discreteness, Global Interfere","\Pi_{n\ell}(\chi)"
"A. Spherical-enclosure acoustics/harmonics","5","ID6817","S³ (Hypersphere) Eigenmodes — Discreteness, Global Interfere","\sin((n+1)\chi)/\sin\chi"
"A. Spherical-enclosure acoustics/harmonics","5","ID6818","S³ (Hypersphere) Eigenmodes — Discreteness, Global Interfere","k_n^2 \sim (n+1)^2 / R^2"
"A. Spherical-enclosure acoustics/harmonics","5","ID6819","S³ (Hypersphere) Eigenmodes — Discreteness, Global Interfere","Y_\ell^m"
"A. Spherical-enclosure acoustics/harmonics","4","ID0375","Spherical Harmonic Expansion","B(r,\theta,\phi)=\sum_{\ell=0}^{\infty}\sum_{m=-\ell}^{\ell}"
"A. Spherical-enclosure acoustics/harmonics","4","ID0489","Cymatic-Acoustic Coupling","\begin{adjustbox}{max width=\linewidth,center} $\displaystyl"
"A. Spherical-enclosure acoustics/harmonics","4","ID1377","Spherical Harmonic Expansion","B(r,\theta,\phi)=\sum_{\ell=0}^{\infty}\sum_{m=-\ell}^{\ell}"
"A. Spherical-enclosure acoustics/harmonics","4","ID2167","Relation: j_ell(k_ell nr)Y_ell m(θ,φ)","\(j_\ell(k_{\ell n}r)Y_{\ell m}(\theta,\phi)\)"
"A. Spherical-enclosure acoustics/harmonics","4","ID2987","Vector-Potential Multipole Expansion","\begin{equation} \mathbf{A}(r,\theta,\phi,t) = \sum_{nlm} \m"
"A. Spherical-enclosure acoustics/harmonics","4","ID3308","Modal Frequency Relation","\begin{equation} \omega_{nl} = \frac{c_s}{R} \xi_{nl} \sqrt{"
"A. Spherical-enclosure acoustics/harmonics","4","ID3309","Vector Potential Expansion","\begin{equation} \mathbf{A}(r, \theta, \phi,t) = \sum_{nlm} "
"B. Cosmic web / BAO / primordial sound","6","ID7258","Begin with BAO as the Primordial Standing Wave Field: j_0","j_0"
"B. Cosmic web / BAO / primordial sound","6","ID7259","Begin with BAO as the Primordial Standing Wave Field: r_s","r_s"
"B. Cosmic web / BAO / primordial sound","6","ID7260","Begin with BAO as the Primordial Standing Wave Field: T(k)","T(k)"
"B. Cosmic web / BAO / primordial sound","6","ID7261","Begin with BAO as the Primordial Standing Wave Field: D(t)","D(t)"
"B. Cosmic web / BAO / primordial sound","5","ID7207","Connecting BAO → Filament Inflow → Disk Mode Seeding: Σ(R,φ,","\Sigma(R,\phi,t) = \sum_{m,k} A_{m,k}(t) \, e^{i(m\phi + kR "
"B. Cosmic web / BAO / primordial sound","5","ID7257","Begin with BAO as the Primordial Standing Wave Field: δ_b(r,","\delta_b(\vec{r},t) = A\, j_0(k r_s)\, T(k)\, D(t)"
"B. Cosmic web / BAO / primordial sound","4","ID6908","Adding Real Cosmic Web Data: P(k)","P(k)=\langle |\delta_k|^2 \rangle"
"B. Cosmic web / BAO / primordial sound","4","ID7175","BAO Modes and Freezing (Linear Perturbation Sketch): c_s","c_s"
"B. Cosmic web / BAO / primordial sound","4","ID7176","BAO Modes and Freezing (Linear Perturbation Sketch): T(k)","T(k)"
"B. Cosmic web / BAO / primordial sound","4","ID7177","BAO Modes and Freezing (Linear Perturbation Sketch): P(k): P","P(k) = P_{\rm prim}(k)\,T^2(k),"
"B. Cosmic web / BAO / primordial sound","4","ID7180","BAO Modes and Freezing (Linear Perturbation Sketch): P(k): P","P(k)"
"B. Cosmic web / BAO / primordial sound","4","ID7205","Connecting BAO → Filament Inflow → Disk Mode Seeding: T_ij","T_{ij}"
"B. Cosmic web / BAO / primordial sound","4","ID7206","Connecting BAO → Filament Inflow → Disk Mode Seeding: F_rm E","F_{\rm ext}(R,t)"
"B. Cosmic web / BAO / primordial sound","4","ID7208","Connecting BAO → Filament Inflow → Disk Mode Seeding: C_m,k","C_{m,k}"
"B. Cosmic web / BAO / primordial sound","4","ID7209","Connecting BAO → Filament Inflow → Disk Mode Seeding (1)","\ddot A_{m,k} + 2\gamma_{m,k}\dot A_{m,k} + \omega_{m,k}^2 A"
"B. Cosmic web / BAO / primordial sound","4","ID7210","Connecting BAO → Filament Inflow → Disk Mode Seeding (2)","F_{m,k}(t)\approx C_{m,k}\, \dot M_{\rm inflow}(t)"
"B. Cosmic web / BAO / primordial sound","4","ID7211","Connecting BAO → Filament Inflow → Disk Mode Seeding: F_m,k","F_{m,k}"
"B. Cosmic web / BAO / primordial sound","4","ID7212","Connecting BAO → Filament Inflow → Disk Mode Seeding: ω_m,k","\omega_{m,k}"
"B. Cosmic web / BAO / primordial sound","4","ID7213","Connecting BAO → Filament Inflow → Disk Mode Seeding: A_m,k","A_{m,k}"
"B. Cosmic web / BAO / primordial sound","4","ID7285","II.3 BAO Waves as the Primordial Lattice Blueprint","\Phi_{\rm BAO}(\mathbf{r}) \equiv -4\pi G \int \frac{\delta_"
"B. Cosmic web / BAO / primordial sound","4","ID7307","III.4 Multi-Scale Coupling: BAO → Filaments → Halo Spin → Di","L_i \propto a^2 \bar\rho\, \epsilon_{ijk} T_{jl} I_{lk},"
"B. Cosmic web / BAO / primordial sound","4","ID7308","III.4 Multi-Scale Coupling: BAO → Filaments → Halo Spin → Di","T_{jl}"
"B. Cosmic web / BAO / primordial sound","4","ID7309","III.4 Multi-Scale Coupling: BAO → Filaments → Halo Spin → Di","F_{m,k}(t) \propto \dot M_{\rm filament}(t) \int \psi_{m,k}^"
"B. Cosmic web / BAO / primordial sound","3","ID7165","Notation & Constants: λ_rm BAO","\lambda_{\rm BAO}"
"B. Cosmic web / BAO / primordial sound","3","ID7168","Notation & Constants: k_rm BAO","k_{\rm BAO}"
"C. Ripple/Faraday/scale-invariance","5","ID6583","Why Use \(32/27\) and How to Make It Fractal: 1.1851851852ld","1.1851851852\ldots = 32/27"
"C. Ripple/Faraday/scale-invariance","5","ID6584","Why Use \(32/27\) and How to Make It Fractal: 1/(32/27)","1/(32/27)=27/32"
"C. Ripple/Faraday/scale-invariance","5","ID6585","Why Use \(32/27\) and How to Make It Fractal: R := (27)/(32)","r := \frac{27}{32} \approx 0.84375."
"C. Ripple/Faraday/scale-invariance","4","ID6582","Why Use: 32/27","32/27"
"C. Ripple/Faraday/scale-invariance","4","ID6639","Scale Ratio: 32:27","32:27"
"C. Ripple/Faraday/scale-invariance","4","ID6640","Self-Similarity: (θ)/(2)","\frac{\theta}{2} = \frac{16}{27} = 0.592592592\ldots"
"C. Ripple/Faraday/scale-invariance","3","ID0271","Universal Dipole Scaling Law","m=IA || B(r)=\frac{\mu_0}{4\pi}\frac{2m}{r^3}"
"C. Ripple/Faraday/scale-invariance","3","ID0494","Scale Invariance Confirmation","\begin{adjustbox}{max width=\linewidth,center} $\displaystyl"
"C. Ripple/Faraday/scale-invariance","3","ID3474","Phase Angle Relation","\[ \frac{\theta}{2} = \frac{16}{27} = 0.592592592\ldots \]"
"C. Ripple/Faraday/scale-invariance","3","ID6616","Link to Your Earlier Number-and-Bifurcation Intuition: 32/27","32/27"
"C. Ripple/Faraday/scale-invariance","3","ID6617","Link to Your Earlier Number-and-Bifurcation Intuition: 32/27","32/27"
"C. Ripple/Faraday/scale-invariance","3","ID6843","How This Ties to TZP & Your 32/27 Scale Intuition","r=27/32"
"C. Ripple/Faraday/scale-invariance","3","ID6844","How This Ties to TZP & Your 32/27 Scale Intuition: A(k)∝ r^α","A(k)\propto r^{\alpha(k)}"
"C. Ripple/Faraday/scale-invariance","3","ID6845","How This Ties to TZP & Your 32/27 Scale Intuition: (Ell,k)","(\ell,k)"
"C. Ripple/Faraday/scale-invariance","3","ID6846","How This Ties to TZP & Your 32/27 Scale Intuition: 1/D(t)","1/D(t)"
"C. Ripple/Faraday/scale-invariance","3","ID8305","Wave Equations and Cancellation (Balanced Wave Cancellation)","32/27"
"C. Ripple/Faraday/scale-invariance","3","ID9496","Relation: the Exponential Falloff e^��|Δn|/S Creates Discret","The exponential falloff e^��|Δn|/s} creates discrete-scale i"
"C. Ripple/Faraday/scale-invariance","2","ID0044","(μ ∝ M R^2Ω) Universal Scaling Law","\mu = k\,M R^{2}\Omega || k \approx \mathrm{const.}"
"C. Ripple/Faraday/scale-invariance","2","ID0066","Multipartite Entanglement FractalNodes","G = (V,E,w) || w_{ij} = \mathcal{E}_{ij}"
"C. Ripple/Faraday/scale-invariance","2","ID0089","FractalNodes Category-Theoretic Isomorphism Across Scales","F: \mathbf{LabGyro} \longrightarrow \mathbf{AstroRot} || F(g"
"C. Ripple/Faraday/scale-invariance","2","ID0094","FractalNodes Scaling Functor Between Laboratory and Astrophy","S(L,T,B,\rho) = (\lambda L, \lambda^{p}T, \lambda^{q}B, \lam"
"C. Ripple/Faraday/scale-invariance","2","ID0124","Pull Strength Scaling Law","\left(\frac{A_{\mathrm{cross}}}{A_{\mathrm{hole}}}\right)^{3"
"C. Ripple/Faraday/scale-invariance","2","ID0140","Dipole Energy 1/d^4 Scaling Law","U(d)=\frac{\kappa}{d^4} || d\in [\ell_{\mathrm{P}},R_{\mathr"
"C. Ripple/Faraday/scale-invariance","2","ID0230","Bessel Interference Pattern of Emergent Matter","\Psi(r,t)=\Psi_0+\varepsilon\,j_0(k r)\cos(\omega t) || k r_"
"C. Ripple/Faraday/scale-invariance","2","ID0241","Elsasser Number Scaling Law","\Lambda=\frac{B^2}{\rho\mu_0\eta\Omega} || 10^{-2}\leq\Lambd"
"D. Dimensional projection/holography","4","ID0104","Holographic Information Projection","S_A = \frac{\operatorname{Area}(\gamma_A)}{4 G_N} || \mathca"
"D. Dimensional projection/holography","4","ID0256","Dimensional Reduction and Holography","f_{n}=n f_{1},\quad n\in\mathbb{Z}_{>0} || \omega^{2} = k^{2"
"D. Dimensional projection/holography","4","ID8796","HOLOGRAPHIC BULK-BOUNDARY DICTIONARY Canonical Statutory For","\langle \mathcal{O}(x_1)...\mathcal{O}(x_n) \rangle_{CFT} = "
"D. Dimensional projection/holography","3","ID0361","Holographic Redundancy Principle","\mathcal{E}:\mathcal{H}_{\mathrm{bulk}}\to\mathcal{H}_{\part"
"D. Dimensional projection/holography","3","ID1837","The DAANSsphere as Distributed Memory","\pi_i: \mathcal{T} \to \mathbb{R}^3"
"D. Dimensional projection/holography","3","ID2203","Holographic Redundancy Principle","\mathcal{E}:\mathcal{H}_{\mathrm{bulk}}\to\mathcal{H}_{\part"
"D. Dimensional projection/holography","3","ID3299","Magnetic Helicity Relation","\begin{equation} \mathcal{M} = \underbrace{ \text{SO}(3)}_{ "
"D. Dimensional projection/holography","3","ID6819","S³ (Hypersphere) Eigenmodes — Discreteness, Global Interfere","Y_\ell^m"
"D. Dimensional projection/holography","3","ID8495","ATEMPORAL NULL SURFACE HOLOGRAPHY Canonical Statutory Formul","\mathcal{O}_{atemp} = {\text{Conformal Fields on } \mathcal{"
"D. Dimensional projection/holography","3","ID9140","Relation: min[Area(γ_A)/(4","min[Area(γ_A)/(4"
"D. Dimensional projection/holography","3","ID9689","Toroidal Manifold as the Generating Structure: L_isubset S^2","L_i\subset S^2"
"D. Dimensional projection/holography","3","ID9698","Toroidal Manifold as the Generating Structure: Π_i:T→ S^2","\Pi_i:\mathcal{T}\to S^2"
"D. Dimensional projection/holography","2","ID0103","Infinity Hopf Fibration","h : S^3 \longrightarrow S^2 || h(z_1,z_2)=\left(2 z_1 \overl"
"D. Dimensional projection/holography","2","ID0111","Resonant Holographic Spiral","r(\theta)=a e^{\beta \theta} || \beta = \frac{2\log \phi}{\p"
"D. Dimensional projection/holography","2","ID0138","S^3 Universe Topology","\eta:S^3\to S^2, \qquad \mathrm{fiber}(\eta)=S^1 || \mathrm{"
"D. Dimensional projection/holography","2","ID0159","Dimensional Reduction and Vacuum Injection Adjunction","L:\mathcal{C}_{4D}\longrightarrow \mathcal{C}_{2D} || R:\mat"
"D. Dimensional projection/holography","2","ID0198","Spin Quantization from Hypersphere Twists","\mathcal{C}_{0198} := \operatorname{TRAWIN}_{0198} || \opera"
"D. Dimensional projection/holography","2","ID0229","Disharmonic Fold Operator","\mathcal{L}_4 u_4=0,\qquad \mathcal{L}_4=\partial_r^2+\frac{"
"D. Dimensional projection/holography","2","ID0310","Recursive Toroidal Fiber Bundle","T \longrightarrow E \longrightarrow S^2, || T = S^1 \times S"
"D. Dimensional projection/holography","2","ID0311","Holographic Encoding and Redundancy","\mathcal{E}:\mathcal{H}_{\mathrm{bulk}}\longrightarrow \math"
"D. Dimensional projection/holography","2","ID0344","Holographic Braille Encoding Dictionary","\mathcal{B}:\partial\Omega\to\{0,1\}^{6} || \mathcal{D}(\mat"
"D. Dimensional projection/holography","2","ID0360","Torus as Generating Manifold","T^{2}=S^{1}\times S^{1} || \pi_{1}(T^{2})\cong\mathbb{Z}\opl"
"D. Dimensional projection/holography","2","ID0363","Distributed Memory Condition","\mathcal{M}=\bigoplus_{i=1}^{N}\mathcal{M}_{i} || \Pi_{i}\ma"
"D. Dimensional projection/holography","2","ID0399","Information Conservation and Holographic Preservation","\partial_{\mu}J^{\mu}_{\mathrm{info}}=0 || U^{\dagger}U=I"
"D. Dimensional projection/holography","2","ID0529","Holographic Metadata Closure","tau(\mathcal{L}) = c_2(E) + \frac{1}{2}p_1(\mathcal{L}) || Z"
"E. Nested hyperspherical enclosure/DAANSsphere","4","ID0245","Daansphere Manifold","\begin{adjustbox}{max width=\linewidth} $\displaystyle u_i=\"
"E. Nested hyperspherical enclosure/DAANSsphere","4","ID0285","Daansphere High-Dimensional Manifold","\mathcal{M}_{\mathrm{DAANS}}=\mathcal{Q}\times\mathcal{C} ||"
"E. Nested hyperspherical enclosure/DAANSsphere","4","ID0302","DAANSphere Factorization and Antipodal Pairs","\begin{adjustbox}{max width=\linewidth} $\displaystyle \math"
"E. Nested hyperspherical enclosure/DAANSsphere","4","ID0362","Scale Invariance on the DAANSsphere","\mathbb{S}_{\mathrm{DAAN}}(\lambda r)\cong\mathbb{S}_{\mathr"
"E. Nested hyperspherical enclosure/DAANSsphere","4","ID0448","Parallel Daanssphere Array Scaling","\begin{adjustbox}{max width=\linewidth,center} $\displaystyl"
"E. Nested hyperspherical enclosure/DAANSsphere","4","ID0684","Total Daansphere Field Frequency","\hbar_{\mathrm{eff}} = \hbar(1+\chi_{\mathrm{TZP}}). || \Del"
"E. Nested hyperspherical enclosure/DAANSsphere","4","ID0864","Symmetric Daansphere Embedding","\mathcal{O}_{\mathrm{id0864}}:\mathcal{X}_{\mathrm{id0864}}\"
"E. Nested hyperspherical enclosure/DAANSsphere","4","ID0983","Total Daansphere Field Frequency","widehat{H}_{\mathrm{Trawin}} = \widehat{H}_{\mathrm{tunnel}}"
"E. Nested hyperspherical enclosure/DAANSsphere","4","ID1210","Parallel Daanssphere Array Scaling","a_{\rm DSS} = \left(\frac{3 k_{2,i} G M_P^2 R_i^5 T_{\rm sys"
"E. Nested hyperspherical enclosure/DAANSsphere","4","ID1247","EID_0861 DAANSsphere Source","\\mathcal{G}(t) := \\sum_f \\left[ \\frac{d^2 \\psi_f}{dt^2}"
"E. Nested hyperspherical enclosure/DAANSsphere","4","ID1249","EID_0881 DAANSsphere Source","\\mathcal{FTR}_\theta^\\phi[\\mathcal{DAANS}_{f_1, f_2}] \\R"
"E. Nested hyperspherical enclosure/DAANSsphere","4","ID1354","Entrainment and DAANSsphere Axis","\quad b = \frac{2 \ln \phi}{\pi}"
"E. Nested hyperspherical enclosure/DAANSsphere","4","ID1462","DAANSsphere Bloch State Map","\lvert\psi(\theta,\phi)\rangle=\cos\!\left(\frac{\theta}{2}\"
"E. Nested hyperspherical enclosure/DAANSsphere","4","ID1557","The DAANSsphere as Distributed Memory","\pi_i: \mathcal{T} \to \mathbb{R}^3"
"E. Nested hyperspherical enclosure/DAANSsphere","4","ID1730","DAANSphereNavigationProtocol","DAANSphereNavigationProtocol[blob_, params_] := Module["
"E. Nested hyperspherical enclosure/DAANSsphere","4","ID1837","The DAANSsphere as Distributed Memory","\pi_i: \mathcal{T} \to \mathbb{R}^3"
"E. Nested hyperspherical enclosure/DAANSsphere","4","ID1838","The DAANSsphere as Distributed Memory","\alpha(t) = dt'/dt"
"E. Nested hyperspherical enclosure/DAANSsphere","4","ID1870","TZP 00 / DAANSsphere / Azimuthal Source Map","\exists! p \in \mathcal{L} : \lim_{\tau \to \infty} \gamma(\"
"E. Nested hyperspherical enclosure/DAANSsphere","4","ID1929","EID_0861 DAANSsphere Source","\\mathcal{G}(t) := \\sum_f \\left[ \\frac{d^2 \\psi_f}{dt^2}"
"E. Nested hyperspherical enclosure/DAANSsphere","4","ID1931","EID_0881 DAANSsphere Source","\\mathcal{FTR}_\theta^\\phi[\\mathcal{DAANS}_{f_1, f_2}] \\R"
"E. Nested hyperspherical enclosure/DAANSsphere","4","ID2110","Daansphere Manifold","u_i=\frac{i+1/2}{N},\qquad z_i=1-2u_i,\qquad \theta_i=\frac{"
"E. Nested hyperspherical enclosure/DAANSsphere","4","ID2187","Daansphere High-Dimensional Manifold","\mathcal{M}_{\mathrm{DAANS}}=\mathcal{Q}\times\mathcal{C} \d"
"E. Nested hyperspherical enclosure/DAANSsphere","4","ID2192","DAANSphere Factorization and Antipodal Pairs","\mathcal{P}_i=\{\mathbf{x}_i,-\mathbf{x}_i\} N_{\mathrm{pair"
"E. Nested hyperspherical enclosure/DAANSsphere","4","ID2205","Scale Invariance on the DAANSsphere","\mathbb{S}_{\mathrm{DAAN}}(\lambda r)\cong\mathbb{S}_{\mathr"
"E. Nested hyperspherical enclosure/DAANSsphere","4","ID2228","Structural Anatomy the DAANSsphere Physical A","\langle T_{\mu\nu} \rangle_{ren} = \lim_{x' \to x} \frac{\hb"
