file_name,full_path,extension,length,evidence_score,priority,domains,id_count,ids,doi_count,dois,arxiv_count,arxiv_ids,url_count,urls
prooftwo..md,D:\Proofs\prooftwo..md,.md,120239,375,high_external_evidence,bessel_wave; gravity_gr; gyromagnetic; quantum; topology,101,ID0100; ID0101; ID0102; ID0103; ID0104; ID0105; ID0106; ID0107; ID0108; ID0109; ID0110; ID0111; ID0112; ID0113; ID0114; ID0115; ID0116; ID0117; ID0118; ID0119; ID0120; ID0121; ID0122; ID0123; ID0124; ID0125; ID0126; ID0127; ID0128; ID0129; ID0130; ID0131; ID0132; ID0133; ID0134; ID0135; ID0136; ID0137; ID0138; ID0139; ID0140; ID0141; ID0142; ID0143; ID0144; ID0145; ID0146; ID0147; ID0148; ID0149; ID0150; ID0151; ID0152; ID0153; ID0154; ID0155; ID0156; ID0157; ID0158; ID0159; ID0160; ID0161; ID0162; ID0163; ID0164; ID0165; ID0166; ID0167; ID0168; ID0169; ID0170; ID0171; ID0172; ID0173; ID0174; ID0175; ID0176; ID0177; ID0178; ID0179; ID0180; ID0181; ID0182; ID0183; ID0184; ID0185; ID0186; ID0187; ID0188; ID0189; ID0190; ID0191; ID0192; ID0193; ID0194; ID0195; ID0196; ID0197; ID0198; ID0199; ID0200,1,10.1016/j.heliyon.2019.e01130,0,,3,https://pmc.ncbi.nlm.nih.gov/articles/PMC6351390/; https://www.emergentmind.com/topics/kuramoto-model-for-synchronization; https://www.whitman.edu/Documents/Academics/Mathematics/clancy.pdf
tzpid_100_200_proof_support.csv,D:\Proofs\tzpid_100_200_proof_support.csv,.csv,68314,326,high_external_evidence,bessel_wave; gravity_gr; gyromagnetic; quantum; topology,0,,1,10.1016/j.heliyon.2019.e01130,0,,5,https://pmc.ncbi.nlm.nih.gov/articles/PMC6351390/; https://pmc.ncbi.nlm.nih.gov/articles/PMC6351390/#:~:text=Fibonacci%20numbers%20or%20Fibonacci%20sequence; https://www.emergentmind.com/topics/kuramoto-model-for-synchronization; https://www.emergentmind.com/topics/kuramoto-model-for-synchronization#:~:text=1; https://www.whitman.edu/Documents/Academics/Mathematics/clancy.pdf
proof2.csv,D:\Proofs\proof2.csv,.csv,111002,301,high_external_evidence,bessel_wave; cosmology; gravity_gr; gyromagnetic; quantum; topology,101,ID0100; ID0101; ID0102; ID0103; ID0104; ID0105; ID0106; ID0107; ID0108; ID0109; ID0110; ID0111; ID0112; ID0113; ID0114; ID0115; ID0116; ID0117; ID0118; ID0119; ID0120; ID0121; ID0122; ID0123; ID0124; ID0125; ID0126; ID0127; ID0128; ID0129; ID0130; ID0131; ID0132; ID0133; ID0134; ID0135; ID0136; ID0137; ID0138; ID0139; ID0140; ID0141; ID0142; ID0143; ID0144; ID0145; ID0146; ID0147; ID0148; ID0149; ID0150; ID0151; ID0152; ID0153; ID0154; ID0155; ID0156; ID0157; ID0158; ID0159; ID0160; ID0161; ID0162; ID0163; ID0164; ID0165; ID0166; ID0167; ID0168; ID0169; ID0170; ID0171; ID0172; ID0173; ID0174; ID0175; ID0176; ID0177; ID0178; ID0179; ID0180; ID0181; ID0182; ID0183; ID0184; ID0185; ID0186; ID0187; ID0188; ID0189; ID0190; ID0191; ID0192; ID0193; ID0194; ID0195; ID0196; ID0197; ID0198; ID0199; ID0200,0,,1,2410.21171,8,https://arxiv.org/abs/hep-th/0510092#:~:text=the%20entanglement%20of%20the%20interior; https://arxiv.org/html/2410.21171v3#:~:text=propagates%20in%20opposite%20directions%20along; https://en.wikipedia.org/wiki/Mercury_(planet; https://mathinsight.org/applet/kuramoto_order_parameters#:~:text=positive%20real%20axis%20%28i; https://mathworld.wolfram.com/LogarithmicSpiral.html#:~:text=The%20logarithmic%20spiral%20is%20a; https://sites.uni.edu/morgans/lab/planetdata.html#:~:text=Rotation%20Period%2058.8%20; https://www.geeksforgeeks.org/dsa/find-nth-fibonacci-number-using-binets-formula/#:~:text=Binet%E2%80%99s%20Formula%20for%20Fibonacci%20Numbers; https://www.geeksforgeeks.org/dsa/find-nth-fibonacci-number-using-binets-formula/#:~:text=Binet%E2%80%99s%20Formula%20for%20Fibonacci%20Numbers;
proof3.md,D:\Proofs\proof3.md,.md,133009,262,high_external_evidence,bessel_wave; gravity_gr; gyromagnetic; quantum; topology,100,ID0200; ID0201; ID0202; ID0203; ID0204; ID0205; ID0206; ID0207; ID0208; ID0209; ID0210; ID0211; ID0212; ID0213; ID0214; ID0215; ID0216; ID0217; ID0218; ID0219; ID0220; ID0221; ID0222; ID0223; ID0224; ID0225; ID0226; ID0227; ID0228; ID0229; ID0230; ID0231; ID0232; ID0233; ID0234; ID0235; ID0236; ID0237; ID0238; ID0239; ID0240; ID0241; ID0242; ID0243; ID0244; ID0245; ID0246; ID0247; ID0248; ID0249; ID0250; ID0251; ID0252; ID0253; ID0254; ID0255; ID0256; ID0257; ID0258; ID0259; ID0260; ID0261; ID0262; ID0263; ID0264; ID0265; ID0266; ID0267; ID0268; ID0269; ID0270; ID0271; ID0272; ID0273; ID0274; ID0275; ID0276; ID0277; ID0278; ID0279; ID0280; ID0281; ID0282; ID0283; ID0284; ID0285; ID0286; ID0287; ID0288; ID0289; ID0290; ID0291; ID0292; ID0293; ID0294; ID0295; ID0296; ID0297; ID0298; ID0299,0,,0,,0,
ID0300_ID0399_proof_support.csv,D:\Proofs\ID0300_ID0399_proof_support.csv,.csv,113101,203,high_external_evidence,bessel_wave; gravity_gr; gyromagnetic; quantum; topology,0,,16,10.1002/9783527618171; 10.1002/j.1538-7305.1949.tb00917.x; 10.1002/prop.200810541; 10.1007/978-1-4612-9839-7; 10.1007/978-3-642-60158-0; 10.1007/978-3-662-09203-5_2; 10.1017/CBO9780511976667; 10.1017/S0022112069000881; 10.1093/acprof:oso/9780198504006.001.0001; 10.1103/PhysRevLett.59.381; 10.1103/RevModPhys.75.715; 10.1109/TVCG.2019.2952131; 10.1142/1234; 10.1201/9780203739598; 10.1364/AO.21.002669; 10.7208/chicago/9780226870373.001.0001,1,7305.1949,18,https://arxiv.org/abs/hep-th/0203101; https://doi.org/10.1002/9783527618171; https://doi.org/10.1002/j.1538-7305.1949.tb00917.x; https://doi.org/10.1002/prop.200810541; https://doi.org/10.1007/978-1-4612-9839-7; https://doi.org/10.1007/978-3-642-60158-0; https://doi.org/10.1007/978-3-662-09203-5_2; https://doi.org/10.1017/CBO9780511976667; https://doi.org/10.1017/S0022112069000881; https://doi.org/10.1093/acprof:oso/9780198504006.001.0001; https://doi.org/10.1103/PhysRevLett.59.381; https://doi.org/10.1103/RevModPhys.75.715; https://doi.org/10.1109/TVCG.2019.2952131; https://doi.org/10.1142/1234; https://doi.org/10.1201/9780203739598; https://doi.org/10.1364/AO.21.002669; https://doi.org/10.7208/chicago/9780226870373.001.0001; https://mathworld.wolfram.com/PairingFunction.html
proofone.md,D:\Proofs\proofone.md,.md,101612,188,high_external_evidence,bessel_wave; gravity_gr; gyromagnetic; quantum; topology,99,ID0001; ID0002; ID0003; ID0004; ID0005; ID0006; ID0007; ID0008; ID0009; ID0010; ID0011; ID0012; ID0013; ID0014; ID0015; ID0016; ID0017; ID0018; ID0019; ID0020; ID0021; ID0022; ID0023; ID0024; ID0025; ID0026; ID0027; ID0028; ID0029; ID0030; ID0031; ID0032; ID0033; ID0034; ID0035; ID0036; ID0037; ID0038; ID0039; ID0040; ID0041; ID0042; ID0043; ID0044; ID0045; ID0046; ID0047; ID0048; ID0049; ID0050; ID0051; ID0052; ID0053; ID0054; ID0055; ID0056; ID0057; ID0058; ID0059; ID0060; ID0061; ID0062; ID0063; ID0064; ID0065; ID0066; ID0067; ID0068; ID0069; ID0070; ID0071; ID0072; ID0073; ID0074; ID0075; ID0076; ID0077; ID0078; ID0079; ID0080; ID0081; ID0082; ID0083; ID0084; ID0085; ID0086; ID0087; ID0088; ID0089; ID0090; ID0091; ID0092; ID0093; ID0094; ID0095; ID0096; ID0097; ID0098; ID0099,2,10.3389/fphy.2020.589504; 10.3389/fphy.2020.589504/full,0,,21,https://arxiv.org/abs/cond-mat/0208060; https://bec.uac.bj/uploads/publication/506a2bfe350502ec426335c90696d491.pdf; https://case.edu/artsci/math/langer/jlpreprints/fortyeight2010.pdf; https://en.wikipedia.org/wiki/Action_(physics; https://en.wikipedia.org/wiki/Berry_phase; https://en.wikipedia.org/wiki/Brownian_motion; https://en.wikipedia.org/wiki/Coupling_constant; https://en.wikipedia.org/wiki/Green–Kubo_relations; https://en.wikipedia.org/wiki/Quantum_decoherence; https://en.wikipedia.org/wiki/Spectral_density; https://en.wikipedia.org/wiki/Spin_network; https://en.wikipedia.org/wiki/Spinor_bundle; https://en.wikipedia.org/wiki/Topological_degeneracy; https://en.wikipedia.org/wiki/Vacuum_energy; https://en.wikipedia.org/wiki/Winding_number; https://galileoandeinstein.phys.virginia.edu/7010/CM_04_HamiltonsPrinciple.html; https://mathworld.wolfram.com/Levi-CivitaConnection.html; https://ocw.mit.edu/; https://web.ma.utexas.edu/users/jvg632/files/notes/CharacteristicClasses.pdf; https://www.frontiersin.org/journals/physics/articles/10.3389/fphy.2020.589504/full
tzpid_proof_support_0200_0299.csv,D:\Proofs\tzpid_proof_support_0200_0299.csv,.csv,158442,135,high_external_evidence,bessel_wave; gravity_gr; gyromagnetic; quantum; topology,100,ID0200; ID0201; ID0202; ID0203; ID0204; ID0205; ID0206; ID0207; ID0208; ID0209; ID0210; ID0211; ID0212; ID0213; ID0214; ID0215; ID0216; ID0217; ID0218; ID0219; ID0220; ID0221; ID0222; ID0223; ID0224; ID0225; ID0226; ID0227; ID0228; ID0229; ID0230; ID0231; ID0232; ID0233; ID0234; ID0235; ID0236; ID0237; ID0238; ID0239; ID0240; ID0241; ID0242; ID0243; ID0244; ID0245; ID0246; ID0247; ID0248; ID0249; ID0250; ID0251; ID0252; ID0253; ID0254; ID0255; ID0256; ID0257; ID0258; ID0259; ID0260; ID0261; ID0262; ID0263; ID0264; ID0265; ID0266; ID0267; ID0268; ID0269; ID0270; ID0271; ID0272; ID0273; ID0274; ID0275; ID0276; ID0277; ID0278; ID0279; ID0280; ID0281; ID0282; ID0283; ID0284; ID0285; ID0286; ID0287; ID0288; ID0289; ID0290; ID0291; ID0292; ID0293; ID0294; ID0295; ID0296; ID0297; ID0298; ID0299,4,10.3390/e17106872; 10.48550/arXiv.2303.04263; 10.48550/arXiv.gr-qc/9805018; 10.48550/arXiv.math/0410324,1,2303.04263,22,http://...; http://publica-sbi.if.usp.br/PDFs/pd1726.pdf; https://arxiv.org/abs/2303.04263; https://arxiv.org/abs/2303.04263#:~:text=; https://arxiv.org/abs/gr-qc/9805018; https://arxiv.org/abs/math/0410324; https://arxiv.org/abs/math/0410324#:~:text=; https://chartasg.people.charleston.edu/chartas/Teaching_files/phys412_ch4.pdf; https://cpaess.ucar.edu/.../2009_Christensen_planmagdynamo.pdf; https://lweb.cfa.harvard.edu/~namurphy/Lectures/Ay253_2016_03_Conservation_Laws.pdf; https://materia.fisica.unimi.it/manini/berryphase.html; https://materia.fisica.unimi.it/manini/berryphase.html#:~:text=Such%20rotation%20angles%20of%20geometrical; https://pearl-hifi.com/06_Lit_Archive/07_Misc_Downloads/135_Chladni_Patterns_in_Vibrated_Plates.pdf; https://people.ast.cam.ac.uk/~vasily/Lectures/AFD_2021_Reynolds/AFDLecture21_10Mar2021.pdf; https://quantum.phys.cmu.edu/QCQI/qitd114.pdf; https://web.mit.edu/8.334/www/grades/projects/projects14/TrungPhan_8334WP/foundation-5.2.2/formation_3.html; https://web.mit.edu/8.334/www/grades/projects/projects14/TrungPhan_8334WP/foundation-5.2.2/formation_3.html#:~:text=Topological%20defects%2C%20in%20a%20conventional; https://www.math.uci.edu/~vmm/docs/Lemniscate.pdf; https://www.mdpi.com/1099-4300/17/10/6872; https://www.me.psu.edu/cimbala/Learning/Fluid/Dim_anal/dim_anal.htm#:~:text=The%20Buckingham%20Pi%20Technique.
tzpid_proof_support_id0000_0099_redo.csv,D:\Proofs\tzpid_proof_support_id0000_0099_redo.csv,.csv,71630,116,high_external_evidence,bessel_wave; gravity_gr; gyromagnetic; quantum; topology,100,ID0000; ID0001; ID0002; ID0003; ID0004; ID0005; ID0006; ID0007; ID0008; ID0009; ID0010; ID0011; ID0012; ID0013; ID0014; ID0015; ID0016; ID0017; ID0018; ID0019; ID0020; ID0021; ID0022; ID0023; ID0024; ID0025; ID0026; ID0027; ID0028; ID0029; ID0030; ID0031; ID0032; ID0033; ID0034; ID0035; ID0036; ID0037; ID0038; ID0039; ID0040; ID0041; ID0042; ID0043; ID0044; ID0045; ID0046; ID0047; ID0048; ID0049; ID0050; ID0051; ID0052; ID0053; ID0054; ID0055; ID0056; ID0057; ID0058; ID0059; ID0060; ID0061; ID0062; ID0063; ID0064; ID0065; ID0066; ID0067; ID0068; ID0069; ID0070; ID0071; ID0072; ID0073; ID0074; ID0075; ID0076; ID0077; ID0078; ID0079; ID0080; ID0081; ID0082; ID0083; ID0084; ID0085; ID0086; ID0087; ID0088; ID0089; ID0090; ID0091; ID0092; ID0093; ID0094; ID0095; ID0096; ID0097; ID0098; ID0099,2,10.3389/fphy.2020.589504; 10.3389/fphy.2020.589504/full,1,1611.01118,22,https://arxiv.org/abs/1611.01118; https://arxiv.org/abs/cond-mat/0208060; https://bec.uac.bj/uploads/publication/506a2bfe350502ec426335c90696d491.pdf; https://case.edu/artsci/math/langer/jlpreprints/fortyeight2010.pdf; https://en.wikipedia.org/wiki/Action_(physics; https://en.wikipedia.org/wiki/Berry_phase; https://en.wikipedia.org/wiki/Brownian_motion; https://en.wikipedia.org/wiki/Coupling_constant; https://en.wikipedia.org/wiki/Green–Kubo_relations; https://en.wikipedia.org/wiki/Quantum_decoherence; https://en.wikipedia.org/wiki/Spectral_density; https://en.wikipedia.org/wiki/Spin_network; https://en.wikipedia.org/wiki/Spinor_bundle; https://en.wikipedia.org/wiki/Topological_degeneracy; https://en.wikipedia.org/wiki/Vacuum_energy; https://en.wikipedia.org/wiki/Winding_number; https://galileoandeinstein.phys.virginia.edu/7010/CM_04_HamiltonsPrinciple.html; https://mathworld.wolfram.com/Levi-CivitaConnection.html; https://ocw.mit.edu/; https://web.ma.utexas.edu/users/jvg632/files/notes/CharacteristicClasses.pdf
proof4.md,D:\Proofs\proof4.md,.md,125548,91,high_external_evidence,bessel_wave; gravity_gr; gyromagnetic; quantum; topology,100,ID0300; ID0301; ID0302; ID0303; ID0304; ID0305; ID0306; ID0307; ID0308; ID0309; ID0310; ID0311; ID0312; ID0313; ID0314; ID0315; ID0316; ID0317; ID0318; ID0319; ID0320; ID0321; ID0322; ID0323; ID0324; ID0325; ID0326; ID0327; ID0328; ID0329; ID0330; ID0331; ID0332; ID0333; ID0334; ID0335; ID0336; ID0337; ID0338; ID0339; ID0340; ID0341; ID0342; ID0343; ID0344; ID0345; ID0346; ID0347; ID0348; ID0349; ID0350; ID0351; ID0352; ID0353; ID0354; ID0355; ID0356; ID0357; ID0358; ID0359; ID0360; ID0361; ID0362; ID0363; ID0364; ID0365; ID0366; ID0367; ID0368; ID0369; ID0370; ID0371; ID0372; ID0373; ID0374; ID0375; ID0376; ID0377; ID0378; ID0379; ID0380; ID0381; ID0382; ID0383; ID0384; ID0385; ID0386; ID0387; ID0388; ID0389; ID0390; ID0391; ID0392; ID0393; ID0394; ID0395; ID0396; ID0397; ID0398; ID0399,0,,0,,0,
TZPID_PROOF_SEARCH_MASTER_ID1800_ID1899.md,D:\Proofs\tzpid_3000_master_chunks_100\TZPID_PROOF_SEARCH_MASTER_ID1800_ID1899.md,.md,671260,78,high_external_evidence,bessel_wave; cosmology; gravity_gr; gyromagnetic; quantum; topology,176,ID0000; ID0001; ID0002; ID0003; ID0004; ID0005; ID0006; ID0007; ID0008; ID0009; ID0010; ID0011; ID0012; ID0013; ID0015; ID0016; ID0017; ID0019; ID0020; ID0022; ID0023; ID0024; ID0025; ID0041; ID0045; ID0067; ID0087; ID0096; ID0100; ID0101; ID0155; ID0183; ID0200; ID0201; ID0207; ID0212; ID0216; ID0229; ID0230; ID0288; ID0300; ID0301; ID0317; ID0400; ID0401; ID0424; ID0437; ID0471; ID0489; ID0492; ID0498; ID0500; ID0501; ID0522; ID0526; ID0546; ID0600; ID0601; ID0627; ID0700; ID0701; ID0715; ID0800; ID0850; ID0853; ID0855; ID0856; ID0880; ID0901; ID1000; ID1031; ID1039; ID1040; ID1121; ID1122; ID1124; ID1800; ID1801; ID1802; ID1803; ID1804; ID1805; ID1806; ID1807; ID1808; ID1809; ID1810; ID1811; ID1812; ID1813; ID1814; ID1815; ID1816; ID1817; ID1818; ID1819; ID1820; ID1821; ID1822; ID1823; ID1824; ID1825; ID1826; ID1827; ID1828; ID1829; ID1830; ID1831; ID1832; ID1833; ID1834; ID1835; ID1836; ID1837; ID1838; ID1839; ID1840; ID1841; ID1842; ID1843; ID1844; ID1845; ID1846; ID1847; ID1848; ID1849; ID1850; ID1851; ID1852; ID1853; ID1854; ID1855; ID1856; ID1857; ID1858; ID1859; ID1860; ID1861; ID1862; ID1863; ID1864; ID1865; ID1866; ID1867; ID1868; ID1869; ID1870; ID1871; ID1872; ID1873; ID1874; ID1875; ID1876; ID1877; ID1878; ID1879; ID1880; ID1881; ID1882; ID1883; ID1884; ID1885; ID1886; ID1887; ID1888; ID1889; ID1890; ID1891; ID1892; ID1893; ID1894; ID1895; ID1896; ID1897; ID1898; ID1899,0,,0,,0,
TZPID_PROOF_SEARCH_MASTER_ID0000_ID0099.md,D:\Proofs\tzpid_3000_master_chunks_100\TZPID_PROOF_SEARCH_MASTER_ID0000_ID0099.md,.md,622336,45,high_external_evidence,bessel_wave; gravity_gr; gyromagnetic; topology,100,ID0000; ID0001; ID0002; ID0003; ID0004; ID0005; ID0006; ID0007; ID0008; ID0009; ID0010; ID0011; ID0012; ID0013; ID0014; ID0015; ID0016; ID0017; ID0018; ID0019; ID0020; ID0021; ID0022; ID0023; ID0024; ID0025; ID0026; ID0027; ID0028; ID0029; ID0030; ID0031; ID0032; ID0033; ID0034; ID0035; ID0036; ID0037; ID0038; ID0039; ID0040; ID0041; ID0042; ID0043; ID0044; ID0045; ID0046; ID0047; ID0048; ID0049; ID0050; ID0051; ID0052; ID0053; ID0054; ID0055; ID0056; ID0057; ID0058; ID0059; ID0060; ID0061; ID0062; ID0063; ID0064; ID0065; ID0066; ID0067; ID0068; ID0069; ID0070; ID0071; ID0072; ID0073; ID0074; ID0075; ID0076; ID0077; ID0078; ID0079; ID0080; ID0081; ID0082; ID0083; ID0084; ID0085; ID0086; ID0087; ID0088; ID0089; ID0090; ID0091; ID0092; ID0093; ID0094; ID0095; ID0096; ID0097; ID0098; ID0099,0,,0,,0,
TZPID_PROOF_SEARCH_MASTER_ID0800_ID0899.md,D:\Proofs\tzpid_3000_master_chunks_100\TZPID_PROOF_SEARCH_MASTER_ID0800_ID0899.md,.md,583453,44,high_external_evidence,bessel_wave; gravity_gr; gyromagnetic; quantum; topology,112,ID0000; ID0008; ID0013; ID0021; ID0059; ID0060; ID0061; ID0062; ID0063; ID0087; ID0089; ID0470; ID0800; ID0801; ID0802; ID0803; ID0804; ID0805; ID0806; ID0807; ID0808; ID0809; ID0810; ID0811; ID0812; ID0813; ID0814; ID0815; ID0816; ID0817; ID0818; ID0819; ID0820; ID0821; ID0822; ID0823; ID0824; ID0825; ID0826; ID0827; ID0828; ID0829; ID0830; ID0831; ID0832; ID0833; ID0834; ID0835; ID0836; ID0837; ID0838; ID0839; ID0840; ID0841; ID0842; ID0843; ID0844; ID0845; ID0846; ID0847; ID0848; ID0849; ID0850; ID0851; ID0852; ID0853; ID0854; ID0855; ID0856; ID0857; ID0858; ID0859; ID0860; ID0861; ID0862; ID0863; ID0864; ID0865; ID0866; ID0867; ID0868; ID0869; ID0870; ID0871; ID0872; ID0873; ID0874; ID0875; ID0876; ID0877; ID0878; ID0879; ID0880; ID0881; ID0882; ID0883; ID0884; ID0885; ID0886; ID0887; ID0888; ID0889; ID0890; ID0891; ID0892; ID0893; ID0894; ID0895; ID0896; ID0897; ID0898; ID0899,0,,0,,0,
TZPID_PROOF_SEARCH_MASTER_ID0600_ID0699.md,D:\Proofs\tzpid_3000_master_chunks_100\TZPID_PROOF_SEARCH_MASTER_ID0600_ID0699.md,.md,571951,41,high_external_evidence,bessel_wave; gravity_gr; gyromagnetic; quantum; topology,108,ID0000; ID0001; ID0004; ID0014; ID0016; ID0022; ID0600; ID0601; ID0602; ID0603; ID0604; ID0605; ID0606; ID0607; ID0608; ID0609; ID0610; ID0611; ID0612; ID0613; ID0614; ID0615; ID0616; ID0617; ID0618; ID0619; ID0620; ID0621; ID0622; ID0623; ID0624; ID0625; ID0626; ID0627; ID0628; ID0629; ID0630; ID0631; ID0632; ID0633; ID0634; ID0635; ID0636; ID0637; ID0638; ID0639; ID0640; ID0641; ID0642; ID0643; ID0644; ID0645; ID0646; ID0647; ID0648; ID0649; ID0650; ID0651; ID0652; ID0653; ID0654; ID0655; ID0656; ID0657; ID0658; ID0659; ID0660; ID0661; ID0662; ID0663; ID0664; ID0665; ID0666; ID0667; ID0668; ID0669; ID0670; ID0671; ID0672; ID0673; ID0674; ID0675; ID0676; ID0677; ID0678; ID0679; ID0680; ID0681; ID0682; ID0683; ID0684; ID0685; ID0686; ID0687; ID0688; ID0689; ID0690; ID0691; ID0692; ID0693; ID0694; ID0695; ID0696; ID0697; ID0698; ID0699; ID0700; ID1074,0,,0,,0,
TZPID_PROOF_SEARCH_MASTER_ID1200_ID1299.md,D:\Proofs\tzpid_3000_master_chunks_100\TZPID_PROOF_SEARCH_MASTER_ID1200_ID1299.md,.md,598448,41,high_external_evidence,gravity_gr; gyromagnetic; quantum; topology,110,ID0029; ID0229; ID0601; ID0700; ID0701; ID0713; ID0714; ID1200; ID1201; ID1202; ID1203; ID1204; ID1205; ID1206; ID1207; ID1208; ID1209; ID1210; ID1211; ID1212; ID1213; ID1214; ID1215; ID1216; ID1217; ID1218; ID1219; ID1220; ID1221; ID1222; ID1223; ID1224; ID1225; ID1226; ID1227; ID1228; ID1229; ID1230; ID1231; ID1232; ID1233; ID1234; ID1235; ID1236; ID1237; ID1238; ID1239; ID1240; ID1241; ID1242; ID1243; ID1244; ID1245; ID1246; ID1247; ID1248; ID1249; ID1250; ID1251; ID1252; ID1253; ID1254; ID1255; ID1256; ID1257; ID1258; ID1259; ID1260; ID1261; ID1262; ID1263; ID1264; ID1265; ID1266; ID1267; ID1268; ID1269; ID1270; ID1271; ID1272; ID1273; ID1274; ID1275; ID1276; ID1277; ID1278; ID1279; ID1280; ID1281; ID1282; ID1283; ID1284; ID1285; ID1286; ID1287; ID1288; ID1289; ID1290; ID1291; ID1292; ID1293; ID1294; ID1295; ID1296; ID1297; ID1298; ID1299; ID2326; ID2333; ID2513,0,,0,,10,"https://elischolar.library.yale.edu/gsas; https://elischolar.library.yale.edu/gsas_dissertations/944; https://elischolar.library.yale.edu/gsas_dissertations/944""; https://elischolar.library.yale.edu/gsas_dissertations/944;; https://en.wikipedia.org/w/index.php?title=Dingir&oldid=1282650305; https://en.wikipedia.org/w/index.php?title=Dingir&oldid=1282650305""; https://en.wikipedia.org/w/index.php?title=Dingir&oldid=1282650305</a; https://en.wikipedia.org/w/index.php?title=Dingir&oldid=1282650305\""; https://en.wikipedia.org/w/index.php?title=Dingir\&oldid=1282650305; https://en.wikipedia.org/w/index.php?title=Lugal\&oldid=1326031000"
TZPID_PROOF_SEARCH_MASTER_ID1900_ID1999.md,D:\Proofs\tzpid_3000_master_chunks_100\TZPID_PROOF_SEARCH_MASTER_ID1900_ID1999.md,.md,574213,41,high_external_evidence,bessel_wave; gravity_gr; gyromagnetic; quantum; topology,102,ID0029; ID0033; ID1900; ID1901; ID1902; ID1903; ID1904; ID1905; ID1906; ID1907; ID1908; ID1909; ID1910; ID1911; ID1912; ID1913; ID1914; ID1915; ID1916; ID1917; ID1918; ID1919; ID1920; ID1921; ID1922; ID1923; ID1924; ID1925; ID1926; ID1927; ID1928; ID1929; ID1930; ID1931; ID1932; ID1933; ID1934; ID1935; ID1936; ID1937; ID1938; ID1939; ID1940; ID1941; ID1942; ID1943; ID1944; ID1945; ID1946; ID1947; ID1948; ID1949; ID1950; ID1951; ID1952; ID1953; ID1954; ID1955; ID1956; ID1957; ID1958; ID1959; ID1960; ID1961; ID1962; ID1963; ID1964; ID1965; ID1966; ID1967; ID1968; ID1969; ID1970; ID1971; ID1972; ID1973; ID1974; ID1975; ID1976; ID1977; ID1978; ID1979; ID1980; ID1981; ID1982; ID1983; ID1984; ID1985; ID1986; ID1987; ID1988; ID1989; ID1990; ID1991; ID1992; ID1993; ID1994; ID1995; ID1996; ID1997; ID1998; ID1999,0,,0,,0,
TZPID_PROOF_SEARCH_MASTER_ID1600_ID1699.md,D:\Proofs\tzpid_3000_master_chunks_100\TZPID_PROOF_SEARCH_MASTER_ID1600_ID1699.md,.md,588241,38,high_external_evidence,bessel_wave; cosmology; gravity_gr; gyromagnetic; quantum; topology,113,ID0000; ID0001; ID0036; ID0040; ID0452; ID0459; ID0471; ID0850; ID1037; ID1458; ID1460; ID1480; ID1600; ID1601; ID1602; ID1603; ID1604; ID1605; ID1606; ID1607; ID1608; ID1609; ID1610; ID1611; ID1612; ID1613; ID1614; ID1615; ID1616; ID1617; ID1618; ID1619; ID1620; ID1621; ID1622; ID1623; ID1624; ID1625; ID1626; ID1627; ID1628; ID1629; ID1630; ID1631; ID1632; ID1633; ID1634; ID1635; ID1636; ID1637; ID1638; ID1639; ID1640; ID1641; ID1642; ID1643; ID1644; ID1645; ID1646; ID1647; ID1648; ID1649; ID1650; ID1651; ID1652; ID1653; ID1654; ID1655; ID1656; ID1657; ID1658; ID1659; ID1660; ID1661; ID1662; ID1663; ID1664; ID1665; ID1666; ID1667; ID1668; ID1669; ID1670; ID1671; ID1672; ID1673; ID1674; ID1675; ID1676; ID1677; ID1678; ID1679; ID1680; ID1681; ID1682; ID1683; ID1684; ID1685; ID1686; ID1687; ID1688; ID1689; ID1690; ID1691; ID1692; ID1693; ID1694; ID1695; ID1696; ID1697; ID1698; ID1699; ID2376,0,,0,,0,
instructions.txt,D:\Proofs\instructions.txt,.txt,6344,35,high_external_evidence,bessel_wave; quantum; topology,0,,0,,0,,0,
proof501.md,D:\Proofs\proof501.md,.md,9684,32,high_external_evidence,gyromagnetic,2,ID0500; ID0501,2,10.1017/jfm.2015.747; 10.1080/03091929.2022.2107202,1,1706.04129,5,https://arxiv.org/pdf/1706.04129; https://eprints.whiterose.ac.uk/id/eprint/202119/1/Magnetoconvection%20in%20a%20rotating%20spherical%20shell%20in%20the%20presence%20of%20a%20uniform%20axial%20magnetic%20field.pdf; https://mathstoshare.com/2019/12/09/polynomial-pairing-functions/; https://www.math.ens.psl.eu/~dormy/Publications/Dormy16.pdf; https://www.maths.gla.ac.uk/~rds37/PD.pdf
TZPID_PROOF_SEARCH_MASTER_ID1500_ID1599.md,D:\Proofs\tzpid_3000_master_chunks_100\TZPID_PROOF_SEARCH_MASTER_ID1500_ID1599.md,.md,574139,32,high_external_evidence,bessel_wave; gravity_gr; gyromagnetic; quantum,152,ID0000; ID0001; ID0002; ID0003; ID0004; ID0005; ID0006; ID0007; ID0008; ID0009; ID0010; ID0011; ID0012; ID0013; ID0014; ID0015; ID0017; ID0018; ID0019; ID0020; ID0021; ID0022; ID0023; ID0024; ID0025; ID0026; ID0027; ID0028; ID0029; ID0030; ID0031; ID0032; ID0033; ID0034; ID0035; ID0036; ID0037; ID0038; ID0039; ID0040; ID0041; ID0043; ID0044; ID0045; ID0046; ID0047; ID0048; ID0049; ID0050; ID0401; ID0500; ID1000; ID1500; ID1501; ID1502; ID1503; ID1504; ID1505; ID1506; ID1507; ID1508; ID1509; ID1510; ID1511; ID1512; ID1513; ID1514; ID1515; ID1516; ID1517; ID1518; ID1519; ID1520; ID1521; ID1522; ID1523; ID1524; ID1525; ID1526; ID1527; ID1528; ID1529; ID1530; ID1531; ID1532; ID1533; ID1534; ID1535; ID1536; ID1537; ID1538; ID1539; ID1540; ID1541; ID1542; ID1543; ID1544; ID1545; ID1546; ID1547; ID1548; ID1549; ID1550; ID1551; ID1552; ID1553; ID1554; ID1555; ID1556; ID1557; ID1558; ID1559; ID1560; ID1561; ID1562; ID1563; ID1564; ID1565; ID1566; ID1567; ID1568; ID1569; ID1570; ID1571; ID1572; ID1573; ID1574; ID1575; ID1576; ID1577; ID1578; ID1579; ID1580; ID1581; ID1582; ID1583; ID1584; ID1585; ID1586; ID1587; ID1588; ID1589; ID1590; ID1591; ID1592; ID1593; ID1594; ID1595; ID1596; ID1597; ID1598; ID1599,0,,0,,0,
TZPID_PROOF_SEARCH_MASTER_ID1400_ID1499.md,D:\Proofs\tzpid_3000_master_chunks_100\TZPID_PROOF_SEARCH_MASTER_ID1400_ID1499.md,.md,607352,29,medium_external_evidence,bessel_wave; gravity_gr; gyromagnetic; quantum; topology,108,ID0001; ID0012; ID0014; ID0023; ID0025; ID0035; ID0416; ID0430; ID1400; ID1401; ID1402; ID1403; ID1404; ID1405; ID1406; ID1407; ID1408; ID1409; ID1410; ID1411; ID1412; ID1413; ID1414; ID1415; ID1416; ID1417; ID1418; ID1419; ID1420; ID1421; ID1422; ID1423; ID1424; ID1425; ID1426; ID1427; ID1428; ID1429; ID1430; ID1431; ID1432; ID1433; ID1434; ID1435; ID1436; ID1437; ID1438; ID1439; ID1440; ID1441; ID1442; ID1443; ID1444; ID1445; ID1446; ID1447; ID1448; ID1449; ID1450; ID1451; ID1452; ID1453; ID1454; ID1455; ID1456; ID1457; ID1458; ID1459; ID1460; ID1461; ID1462; ID1463; ID1464; ID1465; ID1466; ID1467; ID1468; ID1469; ID1470; ID1471; ID1472; ID1473; ID1474; ID1475; ID1476; ID1477; ID1478; ID1479; ID1480; ID1481; ID1482; ID1483; ID1484; ID1485; ID1486; ID1487; ID1488; ID1489; ID1490; ID1491; ID1492; ID1493; ID1494; ID1495; ID1496; ID1497; ID1498; ID1499,0,,0,,0,
TZPID_PROOF_SEARCH_MASTER_ID0900_ID0999.md,D:\Proofs\tzpid_3000_master_chunks_100\TZPID_PROOF_SEARCH_MASTER_ID0900_ID0999.md,.md,578134,27,medium_external_evidence,bessel_wave; gravity_gr; gyromagnetic; quantum; topology,104,ID0000; ID0055; ID0200; ID0350; ID0900; ID0901; ID0902; ID0903; ID0904; ID0905; ID0906; ID0907; ID0908; ID0909; ID0910; ID0911; ID0912; ID0913; ID0914; ID0915; ID0916; ID0917; ID0918; ID0919; ID0920; ID0921; ID0922; ID0923; ID0924; ID0925; ID0926; ID0927; ID0928; ID0929; ID0930; ID0931; ID0932; ID0933; ID0934; ID0935; ID0936; ID0937; ID0938; ID0939; ID0940; ID0941; ID0942; ID0943; ID0944; ID0945; ID0946; ID0947; ID0948; ID0949; ID0950; ID0951; ID0952; ID0953; ID0954; ID0955; ID0956; ID0957; ID0958; ID0959; ID0960; ID0961; ID0962; ID0963; ID0964; ID0965; ID0966; ID0967; ID0968; ID0969; ID0970; ID0971; ID0972; ID0973; ID0974; ID0975; ID0976; ID0977; ID0978; ID0979; ID0980; ID0981; ID0982; ID0983; ID0984; ID0985; ID0986; ID0987; ID0988; ID0989; ID0990; ID0991; ID0992; ID0993; ID0994; ID0995; ID0996; ID0997; ID0998; ID0999,0,,0,,0,
TZPID_PROOF_SEARCH_MASTER_ID0300_ID0399.md,D:\Proofs\tzpid_3000_master_chunks_100\TZPID_PROOF_SEARCH_MASTER_ID0300_ID0399.md,.md,631528,22,medium_external_evidence,bessel_wave; gravity_gr; gyromagnetic; quantum; topology,108,ID0001; ID0004; ID0014; ID0016; ID0022; ID0272; ID0300; ID0301; ID0302; ID0303; ID0304; ID0305; ID0306; ID0307; ID0308; ID0309; ID0310; ID0311; ID0312; ID0313; ID0314; ID0315; ID0316; ID0317; ID0318; ID0319; ID0320; ID0321; ID0322; ID0323; ID0324; ID0325; ID0326; ID0327; ID0328; ID0329; ID0330; ID0331; ID0332; ID0333; ID0334; ID0335; ID0336; ID0337; ID0338; ID0339; ID0340; ID0341; ID0342; ID0343; ID0344; ID0345; ID0346; ID0347; ID0348; ID0349; ID0350; ID0351; ID0352; ID0353; ID0354; ID0355; ID0356; ID0357; ID0358; ID0359; ID0360; ID0361; ID0362; ID0363; ID0364; ID0365; ID0366; ID0367; ID0368; ID0369; ID0370; ID0371; ID0372; ID0373; ID0374; ID0375; ID0376; ID0377; ID0378; ID0379; ID0380; ID0381; ID0382; ID0383; ID0384; ID0385; ID0386; ID0387; ID0388; ID0389; ID0390; ID0391; ID0392; ID0393; ID0394; ID0395; ID0396; ID0397; ID0398; ID0399; ID0400; ID0406,0,,0,,0,
TZPID_PROOF_SEARCH_MASTER_ID1700_ID1799.md,D:\Proofs\tzpid_3000_master_chunks_100\TZPID_PROOF_SEARCH_MASTER_ID1700_ID1799.md,.md,586186,22,medium_external_evidence,bessel_wave; gravity_gr; gyromagnetic; quantum; topology,112,ID0000; ID0001; ID0011; ID0012; ID0014; ID0015; ID0055; ID0850; ID1458; ID1460; ID1468; ID1620; ID1700; ID1701; ID1702; ID1703; ID1704; ID1705; ID1706; ID1707; ID1708; ID1709; ID1710; ID1711; ID1712; ID1713; ID1714; ID1715; ID1716; ID1717; ID1718; ID1719; ID1720; ID1721; ID1722; ID1723; ID1724; ID1725; ID1726; ID1727; ID1728; ID1729; ID1730; ID1731; ID1732; ID1733; ID1734; ID1735; ID1736; ID1737; ID1738; ID1739; ID1740; ID1741; ID1742; ID1743; ID1744; ID1745; ID1746; ID1747; ID1748; ID1749; ID1750; ID1751; ID1752; ID1753; ID1754; ID1755; ID1756; ID1757; ID1758; ID1759; ID1760; ID1761; ID1762; ID1763; ID1764; ID1765; ID1766; ID1767; ID1768; ID1769; ID1770; ID1771; ID1772; ID1773; ID1774; ID1775; ID1776; ID1777; ID1778; ID1779; ID1780; ID1781; ID1782; ID1783; ID1784; ID1785; ID1786; ID1787; ID1788; ID1789; ID1790; ID1791; ID1792; ID1793; ID1794; ID1795; ID1796; ID1797; ID1798; ID1799,0,,0,,0,
proofthree.md,D:\Proofs\proofthree.md,.md,74596,21,medium_external_evidence,bessel_wave; cosmology; gravity_gr; gyromagnetic; quantum; topology,101,ID0200; ID0201; ID0202; ID0203; ID0204; ID0205; ID0206; ID0207; ID0208; ID0209; ID0210; ID0211; ID0212; ID0213; ID0214; ID0215; ID0216; ID0217; ID0218; ID0219; ID0220; ID0221; ID0222; ID0223; ID0224; ID0225; ID0226; ID0227; ID0228; ID0229; ID0230; ID0231; ID0232; ID0233; ID0234; ID0235; ID0236; ID0237; ID0238; ID0239; ID0240; ID0241; ID0242; ID0243; ID0244; ID0245; ID0246; ID0247; ID0248; ID0249; ID0250; ID0251; ID0252; ID0253; ID0254; ID0255; ID0256; ID0257; ID0258; ID0259; ID0260; ID0261; ID0262; ID0263; ID0264; ID0265; ID0266; ID0267; ID0268; ID0269; ID0270; ID0271; ID0272; ID0273; ID0274; ID0275; ID0276; ID0277; ID0278; ID0279; ID0280; ID0281; ID0282; ID0283; ID0284; ID0285; ID0286; ID0287; ID0288; ID0289; ID0290; ID0291; ID0292; ID0293; ID0294; ID0295; ID0296; ID0297; ID0298; ID0299; ID0300,0,,0,,5,https://demos.smu.ca/demos/waves/97-normal-modes-of-standing-waves; https://itp.uni-frankfurt.de/~mizuno/plastro/PlasmaAstro-ch5.pdf; https://kth.diva-portal.org/smash/get/diva2:1790752/FULLTEXT01.pdf; https://universe-review.ca/R15-17-relativity14.htm; https://www.comsol.com/blogs/how-do-chladni-plates-make-it-possible-to-visualize-sound
TZPID_PROOF_SEARCH_MASTER_ID0400_ID0499.md,D:\Proofs\tzpid_3000_master_chunks_100\TZPID_PROOF_SEARCH_MASTER_ID0400_ID0499.md,.md,673039,21,medium_external_evidence,bessel_wave; cosmology; gravity_gr; gyromagnetic; quantum; topology,108,ID0000; ID0001; ID0002; ID0004; ID0014; ID0016; ID0022; ID0400; ID0401; ID0402; ID0403; ID0404; ID0405; ID0406; ID0407; ID0408; ID0409; ID0410; ID0411; ID0412; ID0413; ID0414; ID0415; ID0416; ID0417; ID0418; ID0419; ID0420; ID0421; ID0422; ID0423; ID0424; ID0425; ID0426; ID0427; ID0428; ID0429; ID0430; ID0431; ID0432; ID0433; ID0434; ID0435; ID0436; ID0437; ID0438; ID0439; ID0440; ID0441; ID0442; ID0443; ID0444; ID0445; ID0446; ID0447; ID0448; ID0449; ID0450; ID0451; ID0452; ID0453; ID0454; ID0455; ID0456; ID0457; ID0458; ID0459; ID0460; ID0461; ID0462; ID0463; ID0464; ID0465; ID0466; ID0467; ID0468; ID0469; ID0470; ID0471; ID0472; ID0473; ID0474; ID0475; ID0476; ID0477; ID0478; ID0479; ID0480; ID0481; ID0482; ID0483; ID0484; ID0485; ID0486; ID0487; ID0488; ID0489; ID0490; ID0491; ID0492; ID0493; ID0494; ID0495; ID0496; ID0497; ID0498; ID0499; ID0500,0,,0,,0,
TZPID_PROOF_SEARCH_MASTER_ID0500_ID0599.md,D:\Proofs\tzpid_3000_master_chunks_100\TZPID_PROOF_SEARCH_MASTER_ID0500_ID0599.md,.md,568263,19,medium_external_evidence,bessel_wave; cosmology; gravity_gr; gyromagnetic; quantum; topology,108,ID0001; ID0004; ID0014; ID0016; ID0022; ID0470; ID0490; ID0500; ID0501; ID0502; ID0503; ID0504; ID0505; ID0506; ID0507; ID0508; ID0509; ID0510; ID0511; ID0512; ID0513; ID0514; ID0515; ID0516; ID0517; ID0518; ID0519; ID0520; ID0521; ID0522; ID0523; ID0524; ID0525; ID0526; ID0527; ID0528; ID0529; ID0530; ID0531; ID0532; ID0533; ID0534; ID0535; ID0536; ID0537; ID0538; ID0539; ID0540; ID0541; ID0542; ID0543; ID0544; ID0545; ID0546; ID0547; ID0548; ID0549; ID0550; ID0551; ID0552; ID0553; ID0554; ID0555; ID0556; ID0557; ID0558; ID0559; ID0560; ID0561; ID0562; ID0563; ID0564; ID0565; ID0566; ID0567; ID0568; ID0569; ID0570; ID0571; ID0572; ID0573; ID0574; ID0575; ID0576; ID0577; ID0578; ID0579; ID0580; ID0581; ID0582; ID0583; ID0584; ID0585; ID0586; ID0587; ID0588; ID0589; ID0590; ID0591; ID0592; ID0593; ID0594; ID0595; ID0596; ID0597; ID0598; ID0599; ID0600,0,,0,,0,
TZPID_PROOF_SEARCH_MASTER_ID1300_ID1399.md,D:\Proofs\tzpid_3000_master_chunks_100\TZPID_PROOF_SEARCH_MASTER_ID1300_ID1399.md,.md,594561,19,medium_external_evidence,bessel_wave; gravity_gr; gyromagnetic; quantum; topology,109,ID0013; ID0400; ID0401; ID0404; ID0405; ID0406; ID0418; ID0423; ID0427; ID1300; ID1301; ID1302; ID1303; ID1304; ID1305; ID1306; ID1307; ID1308; ID1309; ID1310; ID1311; ID1312; ID1313; ID1314; ID1315; ID1316; ID1317; ID1318; ID1319; ID1320; ID1321; ID1322; ID1323; ID1324; ID1325; ID1326; ID1327; ID1328; ID1329; ID1330; ID1331; ID1332; ID1333; ID1334; ID1335; ID1336; ID1337; ID1338; ID1339; ID1340; ID1341; ID1342; ID1343; ID1344; ID1345; ID1346; ID1347; ID1348; ID1349; ID1350; ID1351; ID1352; ID1353; ID1354; ID1355; ID1356; ID1357; ID1358; ID1359; ID1360; ID1361; ID1362; ID1363; ID1364; ID1365; ID1366; ID1367; ID1368; ID1369; ID1370; ID1371; ID1372; ID1373; ID1374; ID1375; ID1376; ID1377; ID1378; ID1379; ID1380; ID1381; ID1382; ID1383; ID1384; ID1385; ID1386; ID1387; ID1388; ID1389; ID1390; ID1391; ID1392; ID1393; ID1394; ID1395; ID1396; ID1397; ID1398; ID1399,0,,0,,2,https://en.wiktionary.org/w/index.php?title=; https://en.wiktionary.org/w/index.php?title=A?ulmum\&oldid=76032897
TZPID_PROOF_SEARCH_MASTER_ID0200_ID0299.md,D:\Proofs\tzpid_3000_master_chunks_100\TZPID_PROOF_SEARCH_MASTER_ID0200_ID0299.md,.md,623746,17,medium_external_evidence,bessel_wave; gravity_gr; gyromagnetic; quantum; topology,103,ID0014; ID0016; ID0022; ID0200; ID0201; ID0202; ID0203; ID0204; ID0205; ID0206; ID0207; ID0208; ID0209; ID0210; ID0211; ID0212; ID0213; ID0214; ID0215; ID0216; ID0217; ID0218; ID0219; ID0220; ID0221; ID0222; ID0223; ID0224; ID0225; ID0226; ID0227; ID0228; ID0229; ID0230; ID0231; ID0232; ID0233; ID0234; ID0235; ID0236; ID0237; ID0238; ID0239; ID0240; ID0241; ID0242; ID0243; ID0244; ID0245; ID0246; ID0247; ID0248; ID0249; ID0250; ID0251; ID0252; ID0253; ID0254; ID0255; ID0256; ID0257; ID0258; ID0259; ID0260; ID0261; ID0262; ID0263; ID0264; ID0265; ID0266; ID0267; ID0268; ID0269; ID0270; ID0271; ID0272; ID0273; ID0274; ID0275; ID0276; ID0277; ID0278; ID0279; ID0280; ID0281; ID0282; ID0283; ID0284; ID0285; ID0286; ID0287; ID0288; ID0289; ID0290; ID0291; ID0292; ID0293; ID0294; ID0295; ID0296; ID0297; ID0298; ID0299,0,,0,,0,
TZPID_PROOF_SEARCH_MASTER_ID1100_ID1199.md,D:\Proofs\tzpid_3000_master_chunks_100\TZPID_PROOF_SEARCH_MASTER_ID1100_ID1199.md,.md,575069,17,medium_external_evidence,bessel_wave; gravity_gr; quantum; topology,110,ID0004; ID0006; ID0021; ID0030; ID0036; ID0043; ID0044; ID0463; ID1000; ID1100; ID1101; ID1102; ID1103; ID1104; ID1105; ID1106; ID1107; ID1108; ID1109; ID1110; ID1111; ID1112; ID1113; ID1114; ID1115; ID1116; ID1117; ID1118; ID1119; ID1120; ID1121; ID1122; ID1123; ID1124; ID1125; ID1126; ID1127; ID1128; ID1129; ID1130; ID1131; ID1132; ID1133; ID1134; ID1135; ID1136; ID1137; ID1138; ID1139; ID1140; ID1141; ID1142; ID1143; ID1144; ID1145; ID1146; ID1147; ID1148; ID1149; ID1150; ID1151; ID1152; ID1153; ID1154; ID1155; ID1156; ID1157; ID1158; ID1159; ID1160; ID1161; ID1162; ID1163; ID1164; ID1165; ID1166; ID1167; ID1168; ID1169; ID1170; ID1171; ID1172; ID1173; ID1174; ID1175; ID1176; ID1177; ID1178; ID1179; ID1180; ID1181; ID1182; ID1183; ID1184; ID1185; ID1186; ID1187; ID1188; ID1189; ID1190; ID1191; ID1192; ID1193; ID1194; ID1195; ID1196; ID1197; ID1198; ID1199; ID1457,0,,0,,0,
tzpid_0200_0300_proof_support.csv,D:\Proofs\tzpid_0200_0300_proof_support.csv,.csv,53635,15,medium_external_evidence,bessel_wave; cosmology; gravity_gr; gyromagnetic; quantum; topology,101,ID0200; ID0201; ID0202; ID0203; ID0204; ID0205; ID0206; ID0207; ID0208; ID0209; ID0210; ID0211; ID0212; ID0213; ID0214; ID0215; ID0216; ID0217; ID0218; ID0219; ID0220; ID0221; ID0222; ID0223; ID0224; ID0225; ID0226; ID0227; ID0228; ID0229; ID0230; ID0231; ID0232; ID0233; ID0234; ID0235; ID0236; ID0237; ID0238; ID0239; ID0240; ID0241; ID0242; ID0243; ID0244; ID0245; ID0246; ID0247; ID0248; ID0249; ID0250; ID0251; ID0252; ID0253; ID0254; ID0255; ID0256; ID0257; ID0258; ID0259; ID0260; ID0261; ID0262; ID0263; ID0264; ID0265; ID0266; ID0267; ID0268; ID0269; ID0270; ID0271; ID0272; ID0273; ID0274; ID0275; ID0276; ID0277; ID0278; ID0279; ID0280; ID0281; ID0282; ID0283; ID0284; ID0285; ID0286; ID0287; ID0288; ID0289; ID0290; ID0291; ID0292; ID0293; ID0294; ID0295; ID0296; ID0297; ID0298; ID0299; ID0300,0,,0,,8,https://demos.smu.ca/demos/waves/97-normal-modes-of-standing-waves; https://demos.smu.ca/demos/waves/97-normal-modes-of-standing-waves#:~:text=kL%20%3D%20; https://itp.uni-frankfurt.de/~mizuno/plastro/PlasmaAstro-ch5.pdf; https://kth.diva-portal.org/smash/get/diva2:1790752/FULLTEXT01.pdf; https://universe-review.ca/R15-17-relativity14.htm; https://universe-review.ca/R15-17-relativity14.htm#:~:text=the%20extra%20dimension%20would%20become; https://www.comsol.com/blogs/how-do-chladni-plates-make-it-possible-to-visualize-sound; https://www.comsol.com/blogs/how-do-chladni-plates-make-it-possible-to-visualize-sound#:~:text=center
TZPID_PROOF_SEARCH_MASTER_ID2300_ID2399.md,D:\Proofs\tzpid_3000_master_chunks_100\TZPID_PROOF_SEARCH_MASTER_ID2300_ID2399.md,.md,438922,15,medium_external_evidence,bessel_wave; gravity_gr; gyromagnetic; topology,116,ID0493; ID0494; ID0701; ID0800; ID1122; ID1133; ID1489; ID1520; ID1538; ID2300; ID2301; ID2302; ID2303; ID2304; ID2305; ID2306; ID2307; ID2308; ID2309; ID2310; ID2311; ID2312; ID2313; ID2314; ID2315; ID2316; ID2317; ID2318; ID2319; ID2320; ID2321; ID2322; ID2323; ID2324; ID2325; ID2326; ID2327; ID2328; ID2329; ID2330; ID2331; ID2332; ID2333; ID2334; ID2335; ID2336; ID2337; ID2338; ID2339; ID2340; ID2341; ID2342; ID2343; ID2344; ID2345; ID2346; ID2347; ID2348; ID2349; ID2350; ID2351; ID2352; ID2353; ID2354; ID2355; ID2356; ID2357; ID2358; ID2359; ID2360; ID2361; ID2362; ID2363; ID2364; ID2365; ID2366; ID2367; ID2368; ID2369; ID2370; ID2371; ID2372; ID2373; ID2374; ID2375; ID2376; ID2377; ID2378; ID2379; ID2380; ID2381; ID2382; ID2383; ID2384; ID2385; ID2386; ID2387; ID2388; ID2389; ID2390; ID2391; ID2392; ID2393; ID2394; ID2395; ID2396; ID2397; ID2398; ID2399; ID2425; ID2475; ID2507; ID2557; ID2568; ID2631; ID2670,0,,0,,0,
TZPID_PROOF_SEARCH_MASTER_ID2400_ID2499.md,D:\Proofs\tzpid_3000_master_chunks_100\TZPID_PROOF_SEARCH_MASTER_ID2400_ID2499.md,.md,424867,15,medium_external_evidence,bessel_wave; gravity_gr; gyromagnetic; quantum; topology,127,ID1121; ID1123; ID1124; ID1126; ID1127; ID1128; ID1130; ID1132; ID1133; ID1134; ID1135; ID1136; ID1138; ID1144; ID1145; ID1146; ID1147; ID1151; ID1152; ID1153; ID1154; ID1155; ID1158; ID1159; ID1160; ID1162; ID1165; ID2400; ID2401; ID2402; ID2403; ID2404; ID2405; ID2406; ID2407; ID2408; ID2409; ID2410; ID2411; ID2412; ID2413; ID2414; ID2415; ID2416; ID2417; ID2418; ID2419; ID2420; ID2421; ID2422; ID2423; ID2424; ID2425; ID2426; ID2427; ID2428; ID2429; ID2430; ID2431; ID2432; ID2433; ID2434; ID2435; ID2436; ID2437; ID2438; ID2439; ID2440; ID2441; ID2442; ID2443; ID2444; ID2445; ID2446; ID2447; ID2448; ID2449; ID2450; ID2451; ID2452; ID2453; ID2454; ID2455; ID2456; ID2457; ID2458; ID2459; ID2460; ID2461; ID2462; ID2463; ID2464; ID2465; ID2466; ID2467; ID2468; ID2469; ID2470; ID2471; ID2472; ID2473; ID2474; ID2475; ID2476; ID2477; ID2478; ID2479; ID2480; ID2481; ID2482; ID2483; ID2484; ID2485; ID2486; ID2487; ID2488; ID2489; ID2490; ID2491; ID2492; ID2493; ID2494; ID2495; ID2496; ID2497; ID2498; ID2499,0,,0,,0,
TZPID_PROOF_SEARCH_MASTER_ID0100_ID0199.md,D:\Proofs\tzpid_3000_master_chunks_100\TZPID_PROOF_SEARCH_MASTER_ID0100_ID0199.md,.md,633839,14,medium_external_evidence,bessel_wave; gravity_gr; gyromagnetic; quantum; topology,101,ID0100; ID0101; ID0102; ID0103; ID0104; ID0105; ID0106; ID0107; ID0108; ID0109; ID0110; ID0111; ID0112; ID0113; ID0114; ID0115; ID0116; ID0117; ID0118; ID0119; ID0120; ID0121; ID0122; ID0123; ID0124; ID0125; ID0126; ID0127; ID0128; ID0129; ID0130; ID0131; ID0132; ID0133; ID0134; ID0135; ID0136; ID0137; ID0138; ID0139; ID0140; ID0141; ID0142; ID0143; ID0144; ID0145; ID0146; ID0147; ID0148; ID0149; ID0150; ID0151; ID0152; ID0153; ID0154; ID0155; ID0156; ID0157; ID0158; ID0159; ID0160; ID0161; ID0162; ID0163; ID0164; ID0165; ID0166; ID0167; ID0168; ID0169; ID0170; ID0171; ID0172; ID0173; ID0174; ID0175; ID0176; ID0177; ID0178; ID0179; ID0180; ID0181; ID0182; ID0183; ID0184; ID0185; ID0186; ID0187; ID0188; ID0189; ID0190; ID0191; ID0192; ID0193; ID0194; ID0195; ID0196; ID0197; ID0198; ID0199; ID0243,0,,0,,0,
TZPID_PROOF_SEARCH_MASTER_ID2200_ID2299.md,D:\Proofs\tzpid_3000_master_chunks_100\TZPID_PROOF_SEARCH_MASTER_ID2200_ID2299.md,.md,424856,14,medium_external_evidence,bessel_wave; gravity_gr; topology,116,ID0012; ID0013; ID0035; ID0039; ID0470; ID0472; ID0497; ID1125; ID1280; ID1495; ID1499; ID1500; ID1502; ID1537; ID2200; ID2201; ID2202; ID2203; ID2204; ID2205; ID2206; ID2207; ID2208; ID2209; ID2210; ID2211; ID2212; ID2213; ID2214; ID2215; ID2216; ID2217; ID2218; ID2219; ID2220; ID2221; ID2222; ID2223; ID2224; ID2225; ID2226; ID2227; ID2228; ID2229; ID2230; ID2231; ID2232; ID2233; ID2234; ID2235; ID2236; ID2237; ID2238; ID2239; ID2240; ID2241; ID2242; ID2243; ID2244; ID2245; ID2246; ID2247; ID2248; ID2249; ID2250; ID2251; ID2252; ID2253; ID2254; ID2255; ID2256; ID2257; ID2258; ID2259; ID2260; ID2261; ID2262; ID2263; ID2264; ID2265; ID2266; ID2267; ID2268; ID2269; ID2270; ID2271; ID2272; ID2273; ID2274; ID2275; ID2276; ID2277; ID2278; ID2279; ID2280; ID2281; ID2282; ID2283; ID2284; ID2285; ID2286; ID2287; ID2288; ID2289; ID2290; ID2291; ID2292; ID2293; ID2294; ID2295; ID2296; ID2297; ID2298; ID2299; ID2374; ID2931,0,,0,,0,
chunk200.md,D:\Proofs\chunk200.md,.md,643459,13,medium_external_evidence,bessel_wave; gravity_gr; gyromagnetic; quantum; topology,102,ID0100; ID0101; ID0102; ID0103; ID0104; ID0105; ID0106; ID0107; ID0108; ID0109; ID0110; ID0111; ID0112; ID0113; ID0114; ID0115; ID0116; ID0117; ID0118; ID0119; ID0120; ID0121; ID0122; ID0123; ID0124; ID0125; ID0126; ID0127; ID0128; ID0129; ID0130; ID0131; ID0132; ID0133; ID0134; ID0135; ID0136; ID0137; ID0138; ID0139; ID0140; ID0141; ID0142; ID0143; ID0144; ID0145; ID0146; ID0147; ID0148; ID0149; ID0150; ID0151; ID0152; ID0153; ID0154; ID0155; ID0156; ID0157; ID0158; ID0159; ID0160; ID0161; ID0162; ID0163; ID0164; ID0165; ID0166; ID0167; ID0168; ID0169; ID0170; ID0171; ID0172; ID0173; ID0174; ID0175; ID0176; ID0177; ID0178; ID0179; ID0180; ID0181; ID0182; ID0183; ID0184; ID0185; ID0186; ID0187; ID0188; ID0189; ID0190; ID0191; ID0192; ID0193; ID0194; ID0195; ID0196; ID0197; ID0198; ID0199; ID0200; ID0243,0,,0,,0,
proof501.csv,D:\Proofs\proof501.csv,.csv,3674,11,high_external_evidence,gyromagnetic,2,ID0500; ID0501,2,10.1017/jfm.2015.747; 10.1080/03091929.2022.2107202,1,1706.04129,7,"https://arxiv.org/pdf/1706.04129""; https://eprints.whiterose.ac.uk/id/eprint/202119/1/Magnetoconvection%20in%20a%20rotating%20spherical%20shell%20in%20the%20presence%20of%20a%20uniform%20axial%20magnetic%20field.pdf""; https://mathstoshare.com/2019/12/09/polynomial-pairing-functions/""; https://mathstoshare.com/2019/12/09/polynomial-pairing-functions/#:~:text=; https://mathstoshare.com/2019/12/09/polynomial-pairing-functions/#:~:text=Thus%20there%20are%20at%20least; https://www.math.ens.psl.eu/~dormy/Publications/Dormy16.pdf""; https://www.maths.gla.ac.uk/~rds37/PD.pdf"""
proof599.md,D:\Proofs\proof599.md,.md,5691,11,medium_external_evidence,bessel_wave; gravity_gr; quantum,1,ID0599,0,,0,,3,https://math.mit.edu/classes/18.03/sup/sup7.pdf; https://www.animations.physics.unsw.edu.au/jw/beats.htm; https://www.liverpool.ac.uk/~maryrees/homepagemath191/trigid.pdf
proof2.md,D:\Proofs\proof2.md,.md,55702,10,medium_external_evidence,bessel_wave; cosmology; gravity_gr; gyromagnetic; quantum; topology,101,ID0100; ID0101; ID0102; ID0103; ID0104; ID0105; ID0106; ID0107; ID0108; ID0109; ID0110; ID0111; ID0112; ID0113; ID0114; ID0115; ID0116; ID0117; ID0118; ID0119; ID0120; ID0121; ID0122; ID0123; ID0124; ID0125; ID0126; ID0127; ID0128; ID0129; ID0130; ID0131; ID0132; ID0133; ID0134; ID0135; ID0136; ID0137; ID0138; ID0139; ID0140; ID0141; ID0142; ID0143; ID0144; ID0145; ID0146; ID0147; ID0148; ID0149; ID0150; ID0151; ID0152; ID0153; ID0154; ID0155; ID0156; ID0157; ID0158; ID0159; ID0160; ID0161; ID0162; ID0163; ID0164; ID0165; ID0166; ID0167; ID0168; ID0169; ID0170; ID0171; ID0172; ID0173; ID0174; ID0175; ID0176; ID0177; ID0178; ID0179; ID0180; ID0181; ID0182; ID0183; ID0184; ID0185; ID0186; ID0187; ID0188; ID0189; ID0190; ID0191; ID0192; ID0193; ID0194; ID0195; ID0196; ID0197; ID0198; ID0199; ID0200,0,,0,,0,
proof599.csv,D:\Proofs\proof599.csv,.csv,1701,9,medium_external_evidence,gravity_gr,1,ID0599,0,,0,,5,"https://math.mit.edu/classes/18.03/sup/sup7.pdf""; https://www.animations.physics.unsw.edu.au/jw/beats.htm""; https://www.animations.physics.unsw.edu.au/jw/beats.htm#:~:text=diagram; https://www.animations.physics.unsw.edu.au/jw/beats.htm#:~:text=y_; https://www.liverpool.ac.uk/~maryrees/homepagemath191/trigid.pdf"""
TZPID_PROOF_SEARCH_MASTER_ID1000_ID1099.md,D:\Proofs\tzpid_3000_master_chunks_100\TZPID_PROOF_SEARCH_MASTER_ID1000_ID1099.md,.md,583064,9,low_or_internal_notes,bessel_wave; gravity_gr; gyromagnetic; topology,135,ID0350; ID0866; ID0867; ID0868; ID0869; ID0870; ID0871; ID0872; ID0873; ID0874; ID0875; ID0876; ID0877; ID0878; ID0879; ID0880; ID0881; ID0882; ID0883; ID0884; ID0885; ID0886; ID0887; ID0888; ID0889; ID0890; ID0891; ID0892; ID0894; ID0895; ID0896; ID0897; ID0898; ID0899; ID0900; ID1000; ID1001; ID1002; ID1003; ID1004; ID1005; ID1006; ID1007; ID1008; ID1009; ID1010; ID1011; ID1012; ID1013; ID1014; ID1015; ID1016; ID1017; ID1018; ID1019; ID1020; ID1021; ID1022; ID1023; ID1024; ID1025; ID1026; ID1027; ID1028; ID1029; ID1030; ID1031; ID1032; ID1033; ID1034; ID1035; ID1036; ID1037; ID1038; ID1039; ID1040; ID1041; ID1042; ID1043; ID1044; ID1045; ID1046; ID1047; ID1048; ID1049; ID1050; ID1051; ID1052; ID1053; ID1054; ID1055; ID1056; ID1057; ID1058; ID1059; ID1060; ID1061; ID1062; ID1063; ID1064; ID1065; ID1066; ID1067; ID1068; ID1069; ID1070; ID1071; ID1072; ID1073; ID1074; ID1075; ID1076; ID1077; ID1078; ID1079; ID1080; ID1081; ID1082; ID1083; ID1084; ID1085; ID1086; ID1087; ID1088; ID1089; ID1090; ID1091; ID1092; ID1093; ID1094; ID1095; ID1096; ID1097; ID1098; ID1099,0,,0,,0,
TZPID_PROOF_SEARCH_MASTER_ID2900_ID2999.md,D:\Proofs\tzpid_3000_master_chunks_100\TZPID_PROOF_SEARCH_MASTER_ID2900_ID2999.md,.md,150719,9,low_or_internal_notes,bessel_wave; gravity_gr; gyromagnetic; topology,110,ID0000; ID0047; ID2036; ID2566; ID2719; ID2833; ID2867; ID2876; ID2884; ID2892; ID2900; ID2901; ID2902; ID2903; ID2904; ID2905; ID2906; ID2907; ID2908; ID2909; ID2910; ID2911; ID2912; ID2913; ID2914; ID2915; ID2916; ID2917; ID2918; ID2919; ID2920; ID2921; ID2922; ID2923; ID2924; ID2925; ID2926; ID2927; ID2928; ID2929; ID2930; ID2931; ID2932; ID2933; ID2934; ID2935; ID2936; ID2937; ID2938; ID2939; ID2940; ID2941; ID2942; ID2943; ID2944; ID2945; ID2946; ID2947; ID2948; ID2949; ID2950; ID2951; ID2952; ID2953; ID2954; ID2955; ID2956; ID2957; ID2958; ID2959; ID2960; ID2961; ID2962; ID2963; ID2964; ID2965; ID2966; ID2967; ID2968; ID2969; ID2970; ID2971; ID2972; ID2973; ID2974; ID2975; ID2976; ID2977; ID2978; ID2979; ID2980; ID2981; ID2982; ID2983; ID2984; ID2985; ID2986; ID2987; ID2988; ID2989; ID2990; ID2991; ID2992; ID2993; ID2994; ID2995; ID2996; ID2997; ID2998; ID2999,0,,0,,0,
TZPID_PROOF_SEARCH_MASTER_ID0700_ID0799.md,D:\Proofs\tzpid_3000_master_chunks_100\TZPID_PROOF_SEARCH_MASTER_ID0700_ID0799.md,.md,568456,8,low_or_internal_notes,bessel_wave; gravity_gr; gyromagnetic; quantum; topology,108,ID0000; ID0007; ID0029; ID0030; ID0074; ID0075; ID0079; ID0472; ID0700; ID0701; ID0702; ID0703; ID0704; ID0705; ID0706; ID0707; ID0708; ID0709; ID0710; ID0711; ID0712; ID0713; ID0714; ID0715; ID0716; ID0717; ID0718; ID0719; ID0720; ID0721; ID0722; ID0723; ID0724; ID0725; ID0726; ID0727; ID0728; ID0729; ID0730; ID0731; ID0732; ID0733; ID0734; ID0735; ID0736; ID0737; ID0738; ID0739; ID0740; ID0741; ID0742; ID0743; ID0744; ID0745; ID0746; ID0747; ID0748; ID0749; ID0750; ID0751; ID0752; ID0753; ID0754; ID0755; ID0756; ID0757; ID0758; ID0759; ID0760; ID0761; ID0762; ID0763; ID0764; ID0765; ID0766; ID0767; ID0768; ID0769; ID0770; ID0771; ID0772; ID0773; ID0774; ID0775; ID0776; ID0777; ID0778; ID0779; ID0780; ID0781; ID0782; ID0783; ID0784; ID0785; ID0786; ID0787; ID0788; ID0789; ID0790; ID0791; ID0792; ID0793; ID0794; ID0795; ID0796; ID0797; ID0798; ID0799,0,,0,,0,
TZPID_PROOF_SEARCH_MASTER_ID2500_ID2599.md,D:\Proofs\tzpid_3000_master_chunks_100\TZPID_PROOF_SEARCH_MASTER_ID2500_ID2599.md,.md,428585,8,medium_external_evidence,bessel_wave; gravity_gr; gyromagnetic; quantum; topology,107,ID0253; ID1125; ID1127; ID1177; ID1183; ID1185; ID1255; ID2500; ID2501; ID2502; ID2503; ID2504; ID2505; ID2506; ID2507; ID2508; ID2509; ID2510; ID2511; ID2512; ID2513; ID2514; ID2515; ID2516; ID2517; ID2518; ID2519; ID2520; ID2521; ID2522; ID2523; ID2524; ID2525; ID2526; ID2527; ID2528; ID2529; ID2530; ID2531; ID2532; ID2533; ID2534; ID2535; ID2536; ID2537; ID2538; ID2539; ID2540; ID2541; ID2542; ID2543; ID2544; ID2545; ID2546; ID2547; ID2548; ID2549; ID2550; ID2551; ID2552; ID2553; ID2554; ID2555; ID2556; ID2557; ID2558; ID2559; ID2560; ID2561; ID2562; ID2563; ID2564; ID2565; ID2566; ID2567; ID2568; ID2569; ID2570; ID2571; ID2572; ID2573; ID2574; ID2575; ID2576; ID2577; ID2578; ID2579; ID2580; ID2581; ID2582; ID2583; ID2584; ID2585; ID2586; ID2587; ID2588; ID2589; ID2590; ID2591; ID2592; ID2593; ID2594; ID2595; ID2596; ID2597; ID2598; ID2599,0,,0,,5,"https://elischolar.library.yale.edu/gsas_dissertations/944; https://elischolar.library.yale.edu/gsas_dissertations/944""; https://en.wikipedia.org/w/index.php?title=Dingir&oldid=1282650305; https://en.wiktionary.org/w/index.php?title=\\xc5\\xa1ulmum&oldid=76032897; https://en.wiktionary.org/w/index.php?title=Å¡ulmum&oldid=76032897"
TZPID_PROOF_SEARCH_MASTER_ID2800_ID2899.md,D:\Proofs\tzpid_3000_master_chunks_100\TZPID_PROOF_SEARCH_MASTER_ID2800_ID2899.md,.md,422403,7,low_or_internal_notes,gravity_gr; gyromagnetic; quantum; topology,195,ID0004; ID0040; ID0049; ID0282; ID0601; ID0800; ID1123; ID1125; ID1127; ID1128; ID1132; ID1147; ID1158; ID1162; ID1165; ID1177; ID1183; ID2034; ID2036; ID2037; ID2457; ID2467; ID2471; ID2474; ID2481; ID2484; ID2492; ID2495; ID2496; ID2498; ID2500; ID2501; ID2503; ID2506; ID2512; ID2515; ID2516; ID2523; ID2527; ID2530; ID2534; ID2544; ID2547; ID2549; ID2550; ID2551; ID2552; ID2565; ID2566; ID2567; ID2571; ID2572; ID2573; ID2580; ID2586; ID2588; ID2592; ID2593; ID2597; ID2599; ID2600; ID2601; ID2602; ID2608; ID2612; ID2622; ID2623; ID2627; ID2628; ID2630; ID2635; ID2636; ID2645; ID2647; ID2653; ID2656; ID2657; ID2664; ID2665; ID2667; ID2672; ID2679; ID2683; ID2687; ID2688; ID2690; ID2691; ID2697; ID2701; ID2708; ID2710; ID2712; ID2717; ID2719; ID2721; ID2800; ID2801; ID2802; ID2803; ID2804; ID2805; ID2806; ID2807; ID2808; ID2809; ID2810; ID2811; ID2812; ID2813; ID2814; ID2815; ID2816; ID2817; ID2818; ID2819; ID2820; ID2821; ID2822; ID2823; ID2824; ID2825; ID2826; ID2827; ID2828; ID2829; ID2830; ID2831; ID2832; ID2833; ID2834; ID2835; ID2836; ID2837; ID2838; ID2839; ID2840; ID2841; ID2842; ID2843; ID2844; ID2845; ID2846; ID2847; ID2848; ID2849; ID2850; ID2851; ID2852; ID2853; ID2854; ID2855; ID2856; ID2857; ID2858; ID2859; ID2860; ID2861; ID2862; ID2863; ID2864; ID2865; ID2866; ID2867; ID2868; ID2869; ID2870; ID2871; ID2872; ID2873; ID2874; ID2875; ID2876; ID2877; ID2878; ID2879; ID2880; ID2881; ID2882; ID2883; ID2884; ID2885; ID2886; ID2887; ID2888; ID2889; ID2890; ID2891; ID2892; ID2893; ID2894; ID2895; ID2896; ID2897; ID2898; ID2899,0,,0,,0,
TZPID_PROOF_SEARCH_MASTER_ID2000_ID2099.md,D:\Proofs\tzpid_3000_master_chunks_100\TZPID_PROOF_SEARCH_MASTER_ID2000_ID2099.md,.md,419630,4,low_or_internal_notes,gravity_gr; gyromagnetic; quantum,115,ID0431; ID0444; ID0446; ID0456; ID0467; ID0474; ID1121; ID2000; ID2001; ID2002; ID2003; ID2004; ID2005; ID2006; ID2007; ID2008; ID2009; ID2010; ID2011; ID2012; ID2013; ID2014; ID2015; ID2016; ID2017; ID2018; ID2019; ID2020; ID2021; ID2022; ID2023; ID2024; ID2025; ID2026; ID2027; ID2028; ID2029; ID2030; ID2031; ID2032; ID2033; ID2034; ID2035; ID2036; ID2037; ID2038; ID2039; ID2040; ID2041; ID2042; ID2043; ID2044; ID2045; ID2046; ID2047; ID2048; ID2049; ID2050; ID2051; ID2052; ID2053; ID2054; ID2055; ID2056; ID2057; ID2058; ID2059; ID2060; ID2061; ID2062; ID2063; ID2064; ID2065; ID2066; ID2067; ID2068; ID2069; ID2070; ID2071; ID2072; ID2073; ID2074; ID2075; ID2076; ID2077; ID2078; ID2079; ID2080; ID2081; ID2082; ID2083; ID2084; ID2085; ID2086; ID2087; ID2088; ID2089; ID2090; ID2091; ID2092; ID2093; ID2094; ID2095; ID2096; ID2097; ID2098; ID2099; ID2342; ID2345; ID2359; ID2370; ID2405; ID2491; ID2594; ID2699,0,,0,,0,
TZPID_PROOF_SEARCH_MASTER_ID2100_ID2199.md,D:\Proofs\tzpid_3000_master_chunks_100\TZPID_PROOF_SEARCH_MASTER_ID2100_ID2199.md,.md,437147,4,low_or_internal_notes,bessel_wave; gravity_gr; gyromagnetic; topology,106,ID0404; ID0425; ID1129; ID1131; ID2100; ID2101; ID2102; ID2103; ID2104; ID2105; ID2106; ID2107; ID2108; ID2109; ID2110; ID2111; ID2112; ID2113; ID2114; ID2115; ID2116; ID2117; ID2118; ID2119; ID2120; ID2121; ID2122; ID2123; ID2124; ID2125; ID2126; ID2127; ID2128; ID2129; ID2130; ID2131; ID2132; ID2133; ID2134; ID2135; ID2136; ID2137; ID2138; ID2139; ID2140; ID2141; ID2142; ID2143; ID2144; ID2145; ID2146; ID2147; ID2148; ID2149; ID2150; ID2151; ID2152; ID2153; ID2154; ID2155; ID2156; ID2157; ID2158; ID2159; ID2160; ID2161; ID2162; ID2163; ID2164; ID2165; ID2166; ID2167; ID2168; ID2169; ID2170; ID2171; ID2172; ID2173; ID2174; ID2175; ID2176; ID2177; ID2178; ID2179; ID2180; ID2181; ID2182; ID2183; ID2184; ID2185; ID2186; ID2187; ID2188; ID2189; ID2190; ID2191; ID2192; ID2193; ID2194; ID2195; ID2196; ID2197; ID2198; ID2199; ID2480; ID2508,0,,0,,0,
TZPID_PROOF_SEARCH_MASTER_ID2700_ID2799.md,D:\Proofs\tzpid_3000_master_chunks_100\TZPID_PROOF_SEARCH_MASTER_ID2700_ID2799.md,.md,427125,4,low_or_internal_notes,bessel_wave; cosmology; gravity_gr; gyromagnetic; quantum,185,ID0601; ID0701; ID0800; ID1121; ID1122; ID1489; ID2034; ID2035; ID2036; ID2037; ID2038; ID2039; ID2040; ID2041; ID2042; ID2043; ID2044; ID2045; ID2046; ID2047; ID2048; ID2049; ID2050; ID2051; ID2052; ID2053; ID2305; ID2306; ID2307; ID2308; ID2309; ID2310; ID2314; ID2316; ID2317; ID2318; ID2321; ID2322; ID2329; ID2334; ID2335; ID2337; ID2338; ID2340; ID2342; ID2345; ID2346; ID2349; ID2352; ID2353; ID2354; ID2358; ID2359; ID2365; ID2366; ID2367; ID2368; ID2378; ID2382; ID2383; ID2384; ID2385; ID2386; ID2387; ID2388; ID2394; ID2395; ID2398; ID2400; ID2403; ID2408; ID2413; ID2429; ID2433; ID2436; ID2442; ID2444; ID2446; ID2447; ID2452; ID2453; ID2455; ID2456; ID2557; ID2568; ID2700; ID2701; ID2702; ID2703; ID2704; ID2705; ID2706; ID2707; ID2708; ID2709; ID2710; ID2711; ID2712; ID2713; ID2714; ID2715; ID2716; ID2717; ID2718; ID2719; ID2720; ID2721; ID2722; ID2723; ID2724; ID2725; ID2726; ID2727; ID2728; ID2729; ID2730; ID2731; ID2732; ID2733; ID2734; ID2735; ID2736; ID2737; ID2738; ID2739; ID2740; ID2741; ID2742; ID2743; ID2744; ID2745; ID2746; ID2747; ID2748; ID2749; ID2750; ID2751; ID2752; ID2753; ID2754; ID2755; ID2756; ID2757; ID2758; ID2759; ID2760; ID2761; ID2762; ID2763; ID2764; ID2765; ID2766; ID2767; ID2768; ID2769; ID2770; ID2771; ID2772; ID2773; ID2774; ID2775; ID2776; ID2777; ID2778; ID2779; ID2780; ID2781; ID2782; ID2783; ID2784; ID2785; ID2786; ID2787; ID2788; ID2789; ID2790; ID2791; ID2792; ID2793; ID2794; ID2795; ID2796; ID2797; ID2798; ID2799,0,,0,,0,
TZPID_PROOF_SEARCH_MASTER_ID2600_ID2699.md,D:\Proofs\tzpid_3000_master_chunks_100\TZPID_PROOF_SEARCH_MASTER_ID2600_ID2699.md,.md,419211,2,low_or_internal_notes,bessel_wave; gravity_gr; gyromagnetic; topology,114,ID0004; ID0009; ID0010; ID0011; ID0014; ID0037; ID0040; ID0041; ID0046; ID0047; ID0048; ID0049; ID1494; ID1740; ID2600; ID2601; ID2602; ID2603; ID2604; ID2605; ID2606; ID2607; ID2608; ID2609; ID2610; ID2611; ID2612; ID2613; ID2614; ID2615; ID2616; ID2617; ID2618; ID2619; ID2620; ID2621; ID2622; ID2623; ID2624; ID2625; ID2626; ID2627; ID2628; ID2629; ID2630; ID2631; ID2632; ID2633; ID2634; ID2635; ID2636; ID2637; ID2638; ID2639; ID2640; ID2641; ID2642; ID2643; ID2644; ID2645; ID2646; ID2647; ID2648; ID2649; ID2650; ID2651; ID2652; ID2653; ID2654; ID2655; ID2656; ID2657; ID2658; ID2659; ID2660; ID2661; ID2662; ID2663; ID2664; ID2665; ID2666; ID2667; ID2668; ID2669; ID2670; ID2671; ID2672; ID2673; ID2674; ID2675; ID2676; ID2677; ID2678; ID2679; ID2680; ID2681; ID2682; ID2683; ID2684; ID2685; ID2686; ID2687; ID2688; ID2689; ID2690; ID2691; ID2692; ID2693; ID2694; ID2695; ID2696; ID2697; ID2698; ID2699,0,,0,,0,
TZPID_PROOF_SEARCH_MASTER_CHUNKS_100_INDEX.md,D:\Proofs\tzpid_3000_master_chunks_100\TZPID_PROOF_SEARCH_MASTER_CHUNKS_100_INDEX.md,.md,3783,1,low_or_internal_notes,,60,ID0000; ID0099; ID0100; ID0199; ID0200; ID0299; ID0300; ID0399; ID0400; ID0499; ID0500; ID0599; ID0600; ID0699; ID0700; ID0799; ID0800; ID0899; ID0900; ID0999; ID1000; ID1099; ID1100; ID1199; ID1200; ID1299; ID1300; ID1399; ID1400; ID1499; ID1500; ID1599; ID1600; ID1699; ID1700; ID1799; ID1800; ID1899; ID1900; ID1999; ID2000; ID2099; ID2100; ID2199; ID2200; ID2299; ID2300; ID2399; ID2400; ID2499; ID2500; ID2599; ID2600; ID2699; ID2700; ID2799; ID2800; ID2899; ID2900; ID2999,0,,0,,0,
TZPID_PROOF_SEARCH_MASTER_CHUNKS_100_INDEX.csv,D:\Proofs\tzpid_3000_master_chunks_100\TZPID_PROOF_SEARCH_MASTER_CHUNKS_100_INDEX.csv,.csv,3486,0,low_or_internal_notes,,60,ID0000; ID0099; ID0100; ID0199; ID0200; ID0299; ID0300; ID0399; ID0400; ID0499; ID0500; ID0599; ID0600; ID0699; ID0700; ID0799; ID0800; ID0899; ID0900; ID0999; ID1000; ID1099; ID1100; ID1199; ID1200; ID1299; ID1300; ID1399; ID1400; ID1499; ID1500; ID1599; ID1600; ID1699; ID1700; ID1799; ID1800; ID1899; ID1900; ID1999; ID2000; ID2099; ID2100; ID2199; ID2200; ID2299; ID2300; ID2399; ID2400; ID2499; ID2500; ID2599; ID2600; ID2699; ID2700; ID2799; ID2800; ID2899; ID2900; ID2999,0,,0,,0,
